-- Backup Eztest Database
-- Created on 2009-12-07 17:51:14


SET SQL_MODE="NO_AUTO_VALUE_ON_ZERO";

--
-- Database: `eztestabdul`
--

CREATE TABLE `alertdays` (
  `alertid` int(11) NOT NULL,
  `noofdays` int(11) default NULL,
  `alerttype` enum('NA','AA') NOT NULL default 'AA' COMMENT 'alerttype'
) ENGINE=MyISAM DEFAULT CHARSET=latin1 COMMENT='for storing alerts';

INSERT INTO alertdays VALUES("2","2","AA");
INSERT INTO alertdays VALUES("1","1","AA");



CREATE TABLE `alerts` (
  `alertid` int(11) NOT NULL auto_increment,
  `projectid` int(11) NOT NULL,
  `startdate` date default NULL,
  `enddate` date default NULL,
  PRIMARY KEY  (`alertid`)
) ENGINE=MyISAM AUTO_INCREMENT=4 DEFAULT CHARSET=latin1 COMMENT='for storing alerts';

INSERT INTO alerts VALUES("1","6","2009-12-07","2009-12-15");
INSERT INTO alerts VALUES("2","66","2009-11-28","2009-12-02");



CREATE TABLE `datasets` (
  `dsid` int(11) NOT NULL auto_increment,
  `dsname` varchar(100) NOT NULL,
  `description` text NOT NULL,
  `projectid` int(11) NOT NULL,
  `moduleid` int(11) NOT NULL,
  `featureid` int(11) NOT NULL,
  `dstype` enum('DEFAULT','NORMAL') default 'DEFAULT',
  PRIMARY KEY  (`dsid`)
) ENGINE=MyISAM AUTO_INCREMENT=148 DEFAULT CHARSET=latin1 COMMENT='for storing datasets';

INSERT INTO datasets VALUES("1","ds_Functionaltest","Module level description of ds_Functionaltest","6","1","-1","DEFAULT");
INSERT INTO datasets VALUES("2","ds_ACL","Featrue level description of ds_ACL","6","1","1","DEFAULT");
INSERT INTO datasets VALUES("3","ds_vman","Featrue level description of ds_vman","6","1","2","DEFAULT");
INSERT INTO datasets VALUES("4","ds_module1","Module level description of ds_module1","6","2","-1","DEFAULT");
INSERT INTO datasets VALUES("5","ds_feature1","Feature level description of ds_feature1","6","2","3","DEFAULT");
INSERT INTO datasets VALUES("6","db","test","6","1","1","NORMAL");
INSERT INTO datasets VALUES("7","ds_feature2","Feature level description of ds_feature2","6","2","4","DEFAULT");
INSERT INTO datasets VALUES("8","ds_module2","Module level description of ds_module2","6","3","-1","DEFAULT");
INSERT INTO datasets VALUES("9","ds_feature1","Feature level description of ds_feature1","6","3","5","DEFAULT");
INSERT INTO datasets VALUES("10","ds_VMAN1","Module level description of ds_VMAN1","6","4","-1","DEFAULT");
INSERT INTO datasets VALUES("11","ds_feature1","Feature level description of ds_feature1","6","4","6","DEFAULT");
INSERT INTO datasets VALUES("12","ds_VMAN2","Module level description of ds_VMAN2","6","5","-1","DEFAULT");
INSERT INTO datasets VALUES("13","ds_feature2","Feature level description of ds_feature2","6","5","7","DEFAULT");
INSERT INTO datasets VALUES("14","ds_CONFIG1","Module level description of ds_CONFIG1","6","6","-1","DEFAULT");
INSERT INTO datasets VALUES("15","ds_feature1","Feature level description of ds_feature1","6","6","8","DEFAULT");
INSERT INTO datasets VALUES("16","ds_feature2","Feature level description of ds_feature2","6","4","9","DEFAULT");
INSERT INTO datasets VALUES("17","ds_VMAN1","Module level description of ds_VMAN1","6","7","-1","DEFAULT");
INSERT INTO datasets VALUES("18","ds_feature1","Feature level description of ds_feature1","6","7","10","DEFAULT");
INSERT INTO datasets VALUES("19","ds_feature2","Feature level description of ds_feature2","6","7","11","DEFAULT");
INSERT INTO datasets VALUES("20","ds_CONFIG1","Module level description of ds_CONFIG1","6","8","-1","DEFAULT");
INSERT INTO datasets VALUES("21","ds_feature1","Feature level description of ds_feature1","6","8","12","DEFAULT");
INSERT INTO datasets VALUES("22","ds_Functionaltest","Module level description of ds_Functionaltest","63","9","-1","DEFAULT");
INSERT INTO datasets VALUES("23","ds_ACL","Featrue level description of ds_ACL","63","9","13","DEFAULT");
INSERT INTO datasets VALUES("24","ds_vman","Featrue level description of ds_vman","63","9","14","DEFAULT");
INSERT INTO datasets VALUES("25","ds_datasets","Module level description of ds_datasets","63","10","-1","DEFAULT");
INSERT INTO datasets VALUES("26","ds_datasets","Module level description of ds_datasets","63","11","-1","DEFAULT");
INSERT INTO datasets VALUES("27","ds_module1","Module level description of ds_module1","63","12","-1","DEFAULT");
INSERT INTO datasets VALUES("28","ds_feature1","Feature level description of ds_feature1","63","12","15","DEFAULT");
INSERT INTO datasets VALUES("29","ds_module2","Module level description of ds_module2","63","13","-1","DEFAULT");
INSERT INTO datasets VALUES("30","ds_feature2","Feature level description of ds_feature2","63","13","16","DEFAULT");
INSERT INTO datasets VALUES("31","ds_module3","Module level description of ds_module3","63","14","-1","DEFAULT");
INSERT INTO datasets VALUES("32","ds_feature3","Feature level description of ds_feature3","63","14","17","DEFAULT");
INSERT INTO datasets VALUES("33","ds_Functionaltest","Module level description of ds_Functionaltest","66","15","-1","DEFAULT");
INSERT INTO datasets VALUES("34","ds_ACL","Featrue level description of ds_ACL","66","15","18","DEFAULT");
INSERT INTO datasets VALUES("35","ds_vman","Featrue level description of ds_vman","66","15","19","DEFAULT");
INSERT INTO datasets VALUES("36","ds_module1","Module level description of ds_module1","6","16","-1","DEFAULT");
INSERT INTO datasets VALUES("37","ds_feature1","Feature level description of ds_feature1","6","16","20","DEFAULT");
INSERT INTO datasets VALUES("38","ds_module2","Module level description of ds_module2","6","17","-1","DEFAULT");
INSERT INTO datasets VALUES("39","ds_feature2","Feature level description of ds_feature2","6","17","21","DEFAULT");
INSERT INTO datasets VALUES("40","ds_module3","Module level description of ds_module3","6","18","-1","DEFAULT");
INSERT INTO datasets VALUES("41","ds_feature3","Feature level description of ds_feature3","6","18","22","DEFAULT");
INSERT INTO datasets VALUES("42","ds_feature4","Feature level description of ds_feature4","6","18","23","DEFAULT");
INSERT INTO datasets VALUES("43","ds_module4","Module level description of ds_module4","6","19","-1","DEFAULT");
INSERT INTO datasets VALUES("44","ds_feature4","Feature level description of ds_feature4","6","19","24","DEFAULT");
INSERT INTO datasets VALUES("45","ds_feature3","Feature level description of ds_feature3","6","17","25","DEFAULT");
INSERT INTO datasets VALUES("46","ds_module5","Module level description of ds_module5","6","20","-1","DEFAULT");
INSERT INTO datasets VALUES("47","ds_feature4","Feature level description of ds_feature4","6","20","26","DEFAULT");
INSERT INTO datasets VALUES("48","ds_feature1","Feature level description of ds_feature1","6","20","27","DEFAULT");
INSERT INTO datasets VALUES("49","ds_feature2","Feature level description of ds_feature2","6","20","28","DEFAULT");
INSERT INTO datasets VALUES("50","ds_module6","Module level description of ds_module6","6","21","-1","DEFAULT");
INSERT INTO datasets VALUES("51","ds_feature2","Feature level description of ds_feature2","6","21","29","DEFAULT");
INSERT INTO datasets VALUES("52","ds_module11","Module level description of ds_module11","6","22","-1","DEFAULT");
INSERT INTO datasets VALUES("53","ds_feature1","Feature level description of ds_feature1","6","22","30","DEFAULT");
INSERT INTO datasets VALUES("54","ds_module21","Module level description of ds_module21","6","23","-1","DEFAULT");
INSERT INTO datasets VALUES("55","ds_feature3","Feature level description of ds_feature3","6","23","31","DEFAULT");
INSERT INTO datasets VALUES("56","ds_module41","Module level description of ds_module41","6","24","-1","DEFAULT");
INSERT INTO datasets VALUES("57","ds_feature4","Feature level description of ds_feature4","6","24","32","DEFAULT");
INSERT INTO datasets VALUES("58","ds_module51","Module level description of ds_module51","6","25","-1","DEFAULT");
INSERT INTO datasets VALUES("59","ds_FEATURE1","Feature level description of ds_FEATURE1","6","25","33","DEFAULT");
INSERT INTO datasets VALUES("60","ds_feature2","Feature level description of ds_feature2","6","25","34","DEFAULT");
INSERT INTO datasets VALUES("61","ds_module61","Module level description of ds_module61","6","26","-1","DEFAULT");
INSERT INTO datasets VALUES("62","ds_feature2","Feature level description of ds_feature2","6","26","35","DEFAULT");
INSERT INTO datasets VALUES("63","ds_module111","Module level description of ds_module111","6","27","-1","DEFAULT");
INSERT INTO datasets VALUES("64","ds_feature1","Feature level description of ds_feature1","6","27","36","DEFAULT");
INSERT INTO datasets VALUES("65","ds_module211","Module level description of ds_module211","6","28","-1","DEFAULT");
INSERT INTO datasets VALUES("66","ds_feature3","Feature level description of ds_feature3","6","28","37","DEFAULT");
INSERT INTO datasets VALUES("67","ds_module411","Module level description of ds_module411","6","29","-1","DEFAULT");
INSERT INTO datasets VALUES("68","ds_feature4","Feature level description of ds_feature4","6","29","38","DEFAULT");
INSERT INTO datasets VALUES("69","ds_module511","Module level description of ds_module511","6","30","-1","DEFAULT");
INSERT INTO datasets VALUES("70","ds_FEATURE1","Feature level description of ds_FEATURE1","6","30","39","DEFAULT");
INSERT INTO datasets VALUES("71","ds_feature2","Feature level description of ds_feature2","6","30","40","DEFAULT");
INSERT INTO datasets VALUES("72","ds_module611","Module level description of ds_module611","6","31","-1","DEFAULT");
INSERT INTO datasets VALUES("73","ds_feature2","Feature level description of ds_feature2","6","31","41","DEFAULT");
INSERT INTO datasets VALUES("74","ds_config_router","Module level description of ds_config_router","66","32","-1","DEFAULT");
INSERT INTO datasets VALUES("75","ds_feature1","Feature level description of ds_feature1","66","32","42","DEFAULT");
INSERT INTO datasets VALUES("76","ds_feature2","Feature level description of ds_feature2","66","32","43","DEFAULT");
INSERT INTO datasets VALUES("77","ds_bgp_neighbour","Module level description of ds_bgp_neighbour","66","33","-1","DEFAULT");
INSERT INTO datasets VALUES("78","ds_feature1","Feature level description of ds_feature1","66","33","44","DEFAULT");
INSERT INTO datasets VALUES("79","ds_neighbour","Module level description of ds_neighbour","66","34","-1","DEFAULT");
INSERT INTO datasets VALUES("80","ds_fea1","Featrue level description of ds_fea1","66","34","45","DEFAULT");
INSERT INTO datasets VALUES("81","ds_bgp_config","Module level description of ds_bgp_config","66","35","-1","DEFAULT");
INSERT INTO datasets VALUES("82","ds_feat1","Featrue level description of ds_feat1","66","35","46","DEFAULT");
INSERT INTO datasets VALUES("83","ds_bgp1","Module level description of ds_bgp1","66","36","-1","DEFAULT");
INSERT INTO datasets VALUES("84","ds_fea1","Featrue level description of ds_fea1","66","36","47","DEFAULT");
INSERT INTO datasets VALUES("85","ds_ngp_bgp","Module level description of ds_ngp_bgp","66","37","-1","DEFAULT");
INSERT INTO datasets VALUES("86","ds_feature1","Featrue level description of ds_feature1","66","37","48","DEFAULT");
INSERT INTO datasets VALUES("87","ds_config_mnf","Module level description of ds_config_mnf","66","38","-1","DEFAULT");
INSERT INTO datasets VALUES("88","ds_fea1","Featrue level description of ds_fea1","66","38","49","DEFAULT");
INSERT INTO datasets VALUES("89","ds_ngp_config","Module level description of ds_ngp_config","66","39","-1","DEFAULT");
INSERT INTO datasets VALUES("90","ds_feat1","Featrue level description of ds_feat1","66","39","50","DEFAULT");
INSERT INTO datasets VALUES("91","ds_config_vman","Module level description of ds_config_vman","6","40","-1","DEFAULT");
INSERT INTO datasets VALUES("92","ds_vman1","Feature level description of ds_vman1","6","40","51","DEFAULT");
INSERT INTO datasets VALUES("93","ds_config_ip","Module level description of ds_config_ip","6","41","-1","DEFAULT");
INSERT INTO datasets VALUES("94","ds_vman1","Feature level description of ds_vman1","6","41","52","DEFAULT");
INSERT INTO datasets VALUES("95","ds_config_ip","Module level description of ds_config_ip","6","42","-1","DEFAULT");
INSERT INTO datasets VALUES("96","ds_vman1","Feature level description of ds_vman1","6","42","53","DEFAULT");
INSERT INTO datasets VALUES("97","ds_config_mac","Module level description of ds_config_mac","6","43","-1","DEFAULT");
INSERT INTO datasets VALUES("98","ds_mac1","Feature level description of ds_mac1","6","43","54","DEFAULT");
INSERT INTO datasets VALUES("99","ds_mac1","Feature level description of ds_mac1","6","0","55","DEFAULT");
INSERT INTO datasets VALUES("100","ds_config_mac","Module level description of ds_config_mac","6","44","-1","DEFAULT");
INSERT INTO datasets VALUES("101","ds_mac1","Feature level description of ds_mac1","6","44","56","DEFAULT");
INSERT INTO datasets VALUES("102","ds_config_mac","Module level description of ds_config_mac","6","45","-1","DEFAULT");
INSERT INTO datasets VALUES("103","ds_mac1","Feature level description of ds_mac1","6","45","57","DEFAULT");
INSERT INTO datasets VALUES("104","ds_config_mac","Module level description of ds_config_mac","6","46","-1","DEFAULT");
INSERT INTO datasets VALUES("105","ds_mac1","Feature level description of ds_mac1","6","46","58","DEFAULT");
INSERT INTO datasets VALUES("106","ds_config_mac","Module level description of ds_config_mac","6","47","-1","DEFAULT");
INSERT INTO datasets VALUES("107","ds_mac1","Feature level description of ds_mac1","6","47","59","DEFAULT");
INSERT INTO datasets VALUES("108","ds_mac2","Feature level description of ds_mac2","6","47","60","DEFAULT");
INSERT INTO datasets VALUES("109","ds_mac3","Feature level description of ds_mac3","6","47","61","DEFAULT");
INSERT INTO datasets VALUES("110","sample","sdfsd","6","42","53","NORMAL");
INSERT INTO datasets VALUES("112","test","some text","6","47","-1","NORMAL");
INSERT INTO datasets VALUES("113","sss","sss","6","42","-1","NORMAL");
INSERT INTO datasets VALUES("114","ds_topology","Module level description of ds_topology","6","48","-1","DEFAULT");
INSERT INTO datasets VALUES("115","abctest","test","6","42","-1","NORMAL");
INSERT INTO datasets VALUES("116","test1","test data set","6","42","-1","NORMAL");
INSERT INTO datasets VALUES("117","ds_Functionaltest","Module level description of ds_Functionaltest","67","49","-1","DEFAULT");
INSERT INTO datasets VALUES("118","ds_ACL","Featrue level description of ds_ACL","67","49","62","DEFAULT");
INSERT INTO datasets VALUES("119","ds_vman","Featrue level description of ds_vman","67","49","63","DEFAULT");
INSERT INTO datasets VALUES("120","ds_config_ip","Module level description of ds_config_ip","67","50","-1","DEFAULT");
INSERT INTO datasets VALUES("121","ds_vman1","Featrue level description of ds_vman1","67","50","64","DEFAULT");
INSERT INTO datasets VALUES("122","ds_Functionaltest","Module level description of ds_Functionaltest","69","51","-1","DEFAULT");
INSERT INTO datasets VALUES("123","ds_ACL","Featrue level description of ds_ACL","69","51","65","DEFAULT");
INSERT INTO datasets VALUES("124","ds_vman","Featrue level description of ds_vman","69","51","66","DEFAULT");
INSERT INTO datasets VALUES("125","ds_config_ip","Module level description of ds_config_ip","69","52","-1","DEFAULT");
INSERT INTO datasets VALUES("126","ds_vman1","Featrue level description of ds_vman1","69","52","67","DEFAULT");
INSERT INTO datasets VALUES("127","ds_Functionaltest","Module level description of ds_Functionaltest","70","53","-1","DEFAULT");
INSERT INTO datasets VALUES("128","ds_ACL","Featrue level description of ds_ACL","70","53","68","DEFAULT");
INSERT INTO datasets VALUES("129","ds_vman","Featrue level description of ds_vman","70","53","69","DEFAULT");
INSERT INTO datasets VALUES("130","ds_config_ip","Module level description of ds_config_ip","70","54","-1","DEFAULT");
INSERT INTO datasets VALUES("131","ds_vman1","Featrue level description of ds_vman1","70","54","70","DEFAULT");
INSERT INTO datasets VALUES("132","ds_Functionaltest","Module level description of ds_Functionaltest","71","55","-1","DEFAULT");
INSERT INTO datasets VALUES("133","ds_ACL","Featrue level description of ds_ACL","71","55","71","DEFAULT");
INSERT INTO datasets VALUES("134","ds_vman","Featrue level description of ds_vman","71","55","72","DEFAULT");
INSERT INTO datasets VALUES("135","ds_config_ip","Module level description of ds_config_ip","71","56","-1","DEFAULT");
INSERT INTO datasets VALUES("136","ds_vman1","Featrue level description of ds_vman1","71","56","73","DEFAULT");
INSERT INTO datasets VALUES("137","ds_Functionaltest","Module level description of ds_Functionaltest","72","57","-1","DEFAULT");
INSERT INTO datasets VALUES("138","ds_ACL","Featrue level description of ds_ACL","72","57","74","DEFAULT");
INSERT INTO datasets VALUES("139","ds_vman","Featrue level description of ds_vman","72","57","75","DEFAULT");
INSERT INTO datasets VALUES("140","ds_config_ip","Module level description of ds_config_ip","72","58","-1","DEFAULT");
INSERT INTO datasets VALUES("141","ds_vman1","Featrue level description of ds_vman1","72","58","76","DEFAULT");
INSERT INTO datasets VALUES("142","ds_Functionaltest","Module level description of ds_Functionaltest","73","59","-1","DEFAULT");
INSERT INTO datasets VALUES("143","ds_ACL","Featrue level description of ds_ACL","73","59","77","DEFAULT");
INSERT INTO datasets VALUES("144","ds_vman","Featrue level description of ds_vman","73","59","78","DEFAULT");
INSERT INTO datasets VALUES("145","ds_config_ip","Module level description of ds_config_ip","73","60","-1","DEFAULT");
INSERT INTO datasets VALUES("146","ds_vman1","Featrue level description of ds_vman1","73","60","79","DEFAULT");
INSERT INTO datasets VALUES("147","ds_module21","Featrue level description of ds_module21","6","22","80","DEFAULT");



CREATE TABLE `dsdetails` (
  `dsid` int(11) NOT NULL,
  `pname` varchar(255) NOT NULL,
  `pvalue` varchar(255) NOT NULL,
  `porder` smallint(6) NOT NULL COMMENT 'Define the order of parameter name'
) ENGINE=MyISAM DEFAULT CHARSET=latin1 COMMENT='for storing dataset variables and values';

INSERT INTO dsdetails VALUES("2","rem_as","1","1");
INSERT INTO dsdetails VALUES("1","y","1","0");
INSERT INTO dsdetails VALUES("2","nbr_ip","11.1.1.1","0");
INSERT INTO dsdetails VALUES("6","rem_as","2","1");
INSERT INTO dsdetails VALUES("6","nbr_ip","12.1.1.1","0");
INSERT INTO dsdetails VALUES("110","x","10","1");
INSERT INTO dsdetails VALUES("110","y","15","2");
INSERT INTO dsdetails VALUES("110","z","10","3");
INSERT INTO dsdetails VALUES("95","a","10","0");
INSERT INTO dsdetails VALUES("96","y","15","0");
INSERT INTO dsdetails VALUES("112","a","10","1");
INSERT INTO dsdetails VALUES("95","b","15","1");
INSERT INTO dsdetails VALUES("112","b","20","2");
INSERT INTO dsdetails VALUES("106","b","20","0");
INSERT INTO dsdetails VALUES("112","c","30","3");
INSERT INTO dsdetails VALUES("106","c","30","1");
INSERT INTO dsdetails VALUES("113","a","10","0");
INSERT INTO dsdetails VALUES("113","b","15","1");
INSERT INTO dsdetails VALUES("115","a","10","0");
INSERT INTO dsdetails VALUES("115","b","15","1");
INSERT INTO dsdetails VALUES("116","a","10","0");
INSERT INTO dsdetails VALUES("116","b","15","1");



CREATE TABLE `ez_analysis` (
  `id` int(10) NOT NULL auto_increment,
  `testcaseid` int(11) NOT NULL,
  `executionstatus` enum('P','F','E') default NULL,
  `executed_on` datetime default NULL,
  `msecs` decimal(11,0) NOT NULL COMMENT 'milliseconds of execution time',
  `executedby` int(11) default NULL,
  PRIMARY KEY  (`id`)
) ENGINE=MyISAM AUTO_INCREMENT=504 DEFAULT CHARSET=latin1;

INSERT INTO ez_analysis VALUES("1","20","P","2009-11-02 16:02:40","346190","2");
INSERT INTO ez_analysis VALUES("2","17","P","2009-11-02 16:02:56","59150","2");
INSERT INTO ez_analysis VALUES("32","43","","2009-11-03 14:17:23","0","");
INSERT INTO ez_analysis VALUES("31","43","","2009-11-03 14:16:36","0","");
INSERT INTO ez_analysis VALUES("30","43","","2009-11-03 14:15:40","0","");
INSERT INTO ez_analysis VALUES("6","20","P","2009-11-02 16:43:48","169702","2");
INSERT INTO ez_analysis VALUES("7","17","P","2009-11-02 16:44:01","228233","2");
INSERT INTO ez_analysis VALUES("8","20","P","2009-11-02 16:54:53","393240","2");
INSERT INTO ez_analysis VALUES("9","17","P","2009-11-02 16:55:06","697241","2");
INSERT INTO ez_analysis VALUES("10","20","P","2009-11-02 16:56:07","153788","2");
INSERT INTO ez_analysis VALUES("11","17","P","2009-11-02 16:56:20","598261","2");
INSERT INTO ez_analysis VALUES("12","20","P","2009-11-02 16:57:16","136506","2");
INSERT INTO ez_analysis VALUES("13","17","P","2009-11-02 16:57:29","517269","2");
INSERT INTO ez_analysis VALUES("14","20","P","2009-11-02 16:58:26","849409","2");
INSERT INTO ez_analysis VALUES("15","17","P","2009-11-02 16:58:39","726308","2");
INSERT INTO ez_analysis VALUES("16","20","P","2009-11-02 16:59:55","300656","2");
INSERT INTO ez_analysis VALUES("17","17","P","2009-11-02 17:00:08","543091","2");
INSERT INTO ez_analysis VALUES("18","20","P","2009-11-02 17:03:31","729233","2");
INSERT INTO ez_analysis VALUES("19","17","P","2009-11-02 17:03:44","303279","2");
INSERT INTO ez_analysis VALUES("20","20","P","2009-11-02 17:04:27","41545","2");
INSERT INTO ez_analysis VALUES("21","17","P","2009-11-02 17:04:40","546267","2");
INSERT INTO ez_analysis VALUES("22","20","P","2009-11-02 17:06:59","206359","2");
INSERT INTO ez_analysis VALUES("23","17","P","2009-11-02 17:07:11","939293","2");
INSERT INTO ez_analysis VALUES("24","20","P","2009-11-02 17:13:22","647794","2");
INSERT INTO ez_analysis VALUES("25","17","P","2009-11-02 17:13:35","540259","2");
INSERT INTO ez_analysis VALUES("26","20","P","2009-11-02 17:20:10","173517","2");
INSERT INTO ez_analysis VALUES("27","17","P","2009-11-02 17:20:22","678457","2");
INSERT INTO ez_analysis VALUES("28","2","F","2009-11-03 10:53:28","959426","2");
INSERT INTO ez_analysis VALUES("29","17","P","2009-11-03 11:56:03","130577","2");
INSERT INTO ez_analysis VALUES("33","43","","2009-11-03 14:25:52","0","");
INSERT INTO ez_analysis VALUES("34","15","P","2009-11-03 14:25:54","421014","2");
INSERT INTO ez_analysis VALUES("35","43","","2009-11-03 14:27:14","0","");
INSERT INTO ez_analysis VALUES("36","15","F","2009-11-03 15:06:28","535999","2");
INSERT INTO ez_analysis VALUES("37","15","F","2009-11-03 15:06:46","736922","2");
INSERT INTO ez_analysis VALUES("38","43","","2009-11-03 15:26:07","0","");
INSERT INTO ez_analysis VALUES("39","43","","2009-11-03 15:26:49","0","");
INSERT INTO ez_analysis VALUES("40","43","","2009-11-03 15:29:29","0","");
INSERT INTO ez_analysis VALUES("41","43","","2009-11-03 15:29:54","0","");
INSERT INTO ez_analysis VALUES("42","43","","2009-11-03 15:31:27","0","");
INSERT INTO ez_analysis VALUES("43","43","","2009-11-03 15:32:30","0","");
INSERT INTO ez_analysis VALUES("44","43","","2009-11-03 15:35:01","0","");
INSERT INTO ez_analysis VALUES("45","43","","2009-11-03 15:37:27","0","");
INSERT INTO ez_analysis VALUES("46","43","","2009-11-03 15:42:37","0","");
INSERT INTO ez_analysis VALUES("47","43","","2009-11-03 15:43:13","0","");
INSERT INTO ez_analysis VALUES("48","43","","2009-11-03 15:45:01","0","");
INSERT INTO ez_analysis VALUES("49","43","","2009-11-03 15:46:13","0","");
INSERT INTO ez_analysis VALUES("50","43","","2009-11-03 15:51:34","0","");
INSERT INTO ez_analysis VALUES("51","43","","2009-11-03 15:52:24","0","");
INSERT INTO ez_analysis VALUES("52","43","","2009-11-03 15:52:55","0","");
INSERT INTO ez_analysis VALUES("53","43","","2009-11-03 15:53:29","0","");
INSERT INTO ez_analysis VALUES("54","43","P","2009-11-03 15:55:31","823075","2");
INSERT INTO ez_analysis VALUES("55","43","P","2009-11-03 16:04:36","232904","2");
INSERT INTO ez_analysis VALUES("56","56","P","2009-11-03 16:05:37","289513","2");
INSERT INTO ez_analysis VALUES("57","43","P","2009-11-03 16:09:01","327249","2");
INSERT INTO ez_analysis VALUES("58","43","P","2009-11-03 16:12:41","961374","2");
INSERT INTO ez_analysis VALUES("59","43","P","2009-11-03 16:14:24","75876","2");
INSERT INTO ez_analysis VALUES("60","43","P","2009-11-03 16:14:34","231014","2");
INSERT INTO ez_analysis VALUES("61","2","F","2009-11-03 16:23:28","539792","2");
INSERT INTO ez_analysis VALUES("62","2","F","2009-11-03 16:23:36","607378","2");
INSERT INTO ez_analysis VALUES("63","2","F","2009-11-03 16:24:47","876439","2");
INSERT INTO ez_analysis VALUES("64","43","P","2009-11-03 16:25:15","16439","2");
INSERT INTO ez_analysis VALUES("65","43","P","2009-11-03 16:25:25","129082","2");
INSERT INTO ez_analysis VALUES("66","2","F","2009-11-03 16:25:48","355724","2");
INSERT INTO ez_analysis VALUES("67","2","F","2009-11-03 16:25:56","422527","2");
INSERT INTO ez_analysis VALUES("68","43","P","2009-11-03 16:28:17","221582","2");
INSERT INTO ez_analysis VALUES("69","2","F","2009-11-03 16:28:34","282252","2");
INSERT INTO ez_analysis VALUES("70","2","F","2009-11-03 16:28:42","348452","2");
INSERT INTO ez_analysis VALUES("71","43","P","2009-11-03 16:38:59","934051","2");
INSERT INTO ez_analysis VALUES("72","43","P","2009-11-03 16:39:26","841726","2");
INSERT INTO ez_analysis VALUES("73","56","P","2009-11-03 16:48:47","612450","2");
INSERT INTO ez_analysis VALUES("74","56","P","2009-11-03 16:49:01","449654","2");
INSERT INTO ez_analysis VALUES("75","56","P","2009-11-03 16:49:44","298035","2");
INSERT INTO ez_analysis VALUES("76","56","P","2009-11-03 16:55:00","289895","2");
INSERT INTO ez_analysis VALUES("77","43","P","2009-11-03 16:55:10","375835","2");
INSERT INTO ez_analysis VALUES("78","56","","2009-11-03 16:55:34","0","");
INSERT INTO ez_analysis VALUES("79","56","","2009-11-03 16:55:36","0","");
INSERT INTO ez_analysis VALUES("80","56","","2009-11-03 16:56:36","0","");
INSERT INTO ez_analysis VALUES("81","43","","2009-11-03 16:56:46","0","");
INSERT INTO ez_analysis VALUES("82","15","F","2009-11-03 16:58:25","269790","2");
INSERT INTO ez_analysis VALUES("83","2","F","2009-11-03 16:59:30","165734","2");
INSERT INTO ez_analysis VALUES("84","2","F","2009-11-03 17:02:50","362302","2");
INSERT INTO ez_analysis VALUES("85","2","F","2009-11-03 17:02:58","431526","2");
INSERT INTO ez_analysis VALUES("86","2","F","2009-11-03 17:06:13","371136","2");
INSERT INTO ez_analysis VALUES("87","2","F","2009-11-03 17:06:21","439547","2");
INSERT INTO ez_analysis VALUES("88","2","F","2009-11-03 17:08:21","463199","2");
INSERT INTO ez_analysis VALUES("89","2","F","2009-11-03 17:08:29","530551","2");
INSERT INTO ez_analysis VALUES("90","56","P","2009-11-03 17:10:27","564331","2");
INSERT INTO ez_analysis VALUES("91","56","P","2009-11-03 17:10:37","694980","2");
INSERT INTO ez_analysis VALUES("92","43","P","2009-11-03 17:10:47","846298","2");
INSERT INTO ez_analysis VALUES("93","43","P","2009-11-03 17:10:58","920225","2");
INSERT INTO ez_analysis VALUES("94","56","P","2009-11-03 17:13:34","584196","2");
INSERT INTO ez_analysis VALUES("95","56","P","2009-11-03 17:13:44","726942","2");
INSERT INTO ez_analysis VALUES("96","43","P","2009-11-03 17:13:54","843999","2");
INSERT INTO ez_analysis VALUES("97","43","P","2009-11-03 17:14:05","15052","2");
INSERT INTO ez_analysis VALUES("98","56","","2009-11-03 17:15:25","0","");
INSERT INTO ez_analysis VALUES("99","56","","2009-11-03 17:15:27","0","");
INSERT INTO ez_analysis VALUES("100","56","","2009-11-03 17:37:51","0","");
INSERT INTO ez_analysis VALUES("101","43","","2009-11-03 17:38:01","0","");
INSERT INTO ez_analysis VALUES("102","74","","2009-11-04 11:09:29","0","");
INSERT INTO ez_analysis VALUES("103","74","","2009-11-04 11:10:58","0","");
INSERT INTO ez_analysis VALUES("104","74","","2009-11-04 11:14:09","0","");
INSERT INTO ez_analysis VALUES("105","74","P","2009-11-04 11:15:01","979652","43");
INSERT INTO ez_analysis VALUES("106","74","","2009-11-04 11:18:23","0","");
INSERT INTO ez_analysis VALUES("107","74","P","2009-11-04 12:17:50","397107","43");
INSERT INTO ez_analysis VALUES("108","74","P","2009-11-04 12:46:27","2661","43");
INSERT INTO ez_analysis VALUES("109","74","P","2009-11-04 12:50:30","27788","43");
INSERT INTO ez_analysis VALUES("110","56","P","2009-11-04 16:08:44","365313","2");
INSERT INTO ez_analysis VALUES("111","43","P","2009-11-04 16:08:54","844803","2");
INSERT INTO ez_analysis VALUES("112","56","P","2009-11-05 09:57:35","867092","2");
INSERT INTO ez_analysis VALUES("113","43","P","2009-11-05 09:57:46","858918","2");
INSERT INTO ez_analysis VALUES("114","56","P","2009-11-05 10:00:47","501710","2");
INSERT INTO ez_analysis VALUES("115","43","P","2009-11-05 10:00:57","924932","2");
INSERT INTO ez_analysis VALUES("116","56","P","2009-11-05 10:08:27","450214","2");
INSERT INTO ez_analysis VALUES("117","43","P","2009-11-05 10:08:37","736926","2");
INSERT INTO ez_analysis VALUES("118","56","P","2009-11-05 10:29:39","580092","2");
INSERT INTO ez_analysis VALUES("119","43","P","2009-11-05 10:29:51","406928","2");
INSERT INTO ez_analysis VALUES("120","56","P","2009-11-05 10:30:12","384810","2");
INSERT INTO ez_analysis VALUES("121","43","P","2009-11-05 10:30:22","583928","2");
INSERT INTO ez_analysis VALUES("122","56","P","2009-11-05 10:31:10","561089","2");
INSERT INTO ez_analysis VALUES("123","43","P","2009-11-05 10:31:20","839945","2");
INSERT INTO ez_analysis VALUES("124","56","P","2009-11-05 10:34:46","561424","2");
INSERT INTO ez_analysis VALUES("125","43","P","2009-11-05 10:34:57","208962","2");
INSERT INTO ez_analysis VALUES("126","56","","2009-11-05 10:35:59","0","");
INSERT INTO ez_analysis VALUES("127","43","P","2009-11-05 10:36:01","750755","2");
INSERT INTO ez_analysis VALUES("128","56","","2009-11-05 10:47:11","0","");
INSERT INTO ez_analysis VALUES("129","43","P","2009-11-05 10:47:13","974023","2");
INSERT INTO ez_analysis VALUES("130","56","","2009-11-05 10:49:19","0","");
INSERT INTO ez_analysis VALUES("131","43","P","2009-11-05 10:49:20","601001","2");
INSERT INTO ez_analysis VALUES("132","56","","2009-11-05 10:56:01","0","");
INSERT INTO ez_analysis VALUES("133","43","P","2009-11-05 10:56:03","318277","2");
INSERT INTO ez_analysis VALUES("134","56","","2009-11-05 10:57:40","0","");
INSERT INTO ez_analysis VALUES("135","43","P","2009-11-05 10:57:41","181005","2");
INSERT INTO ez_analysis VALUES("136","56","","2009-11-05 10:59:01","0","");
INSERT INTO ez_analysis VALUES("137","43","P","2009-11-05 10:59:02","621356","2");
INSERT INTO ez_analysis VALUES("138","56","P","2009-11-05 11:08:55","943874","2");
INSERT INTO ez_analysis VALUES("139","43","P","2009-11-05 11:09:06","47929","2");
INSERT INTO ez_analysis VALUES("140","56","P","2009-11-05 11:09:36","937094","2");
INSERT INTO ez_analysis VALUES("141","43","P","2009-11-05 11:09:41","413629","2");
INSERT INTO ez_analysis VALUES("142","56","","2009-11-05 11:10:18","0","");
INSERT INTO ez_analysis VALUES("143","43","P","2009-11-05 11:10:20","948381","2");
INSERT INTO ez_analysis VALUES("144","56","","2009-11-05 11:17:08","0","");
INSERT INTO ez_analysis VALUES("145","43","P","2009-11-05 11:17:08","742058","2");
INSERT INTO ez_analysis VALUES("146","56","","2009-11-05 11:19:00","0","");
INSERT INTO ez_analysis VALUES("147","43","P","2009-11-05 11:19:01","313669","2");
INSERT INTO ez_analysis VALUES("148","56","","2009-11-05 11:33:33","0","");
INSERT INTO ez_analysis VALUES("149","56","P","2009-11-05 11:35:16","319160","2");
INSERT INTO ez_analysis VALUES("150","43","P","2009-11-05 11:35:28","453939","2");
INSERT INTO ez_analysis VALUES("151","56","","2009-11-05 11:36:55","0","");
INSERT INTO ez_analysis VALUES("152","56","P","2009-11-05 11:37:30","813052","2");
INSERT INTO ez_analysis VALUES("153","43","P","2009-11-05 11:37:40","919841","2");
INSERT INTO ez_analysis VALUES("154","56","P","2009-11-05 11:40:47","757503","2");
INSERT INTO ez_analysis VALUES("155","43","P","2009-11-05 11:40:57","954024","2");
INSERT INTO ez_analysis VALUES("156","56","","2009-11-05 11:42:02","0","");
INSERT INTO ez_analysis VALUES("157","56","","2009-11-05 11:42:16","0","");
INSERT INTO ez_analysis VALUES("158","56","P","2009-11-05 12:02:32","797748","2");
INSERT INTO ez_analysis VALUES("159","43","P","2009-11-05 12:02:44","56928","2");
INSERT INTO ez_analysis VALUES("160","26","F","0000-00-00 00:00:00","0","2");
INSERT INTO ez_analysis VALUES("161","56","","2009-11-05 15:03:13","0","");
INSERT INTO ez_analysis VALUES("162","56","","2009-11-05 15:05:51","0","");
INSERT INTO ez_analysis VALUES("163","56","","2009-11-05 15:33:56","0","");
INSERT INTO ez_analysis VALUES("164","56","P","2009-11-05 15:35:36","390591","2");
INSERT INTO ez_analysis VALUES("165","56","P","2009-11-05 15:41:26","693851","2");
INSERT INTO ez_analysis VALUES("166","56","P","2009-11-06 09:46:06","792189","2");
INSERT INTO ez_analysis VALUES("167","43","P","2009-11-06 09:47:05","60828","2");
INSERT INTO ez_analysis VALUES("168","56","P","2009-11-06 10:11:08","160971","2");
INSERT INTO ez_analysis VALUES("169","43","P","2009-11-06 10:11:20","292042","2");
INSERT INTO ez_analysis VALUES("170","56","P","2009-11-06 10:28:55","965820","2");
INSERT INTO ez_analysis VALUES("171","43","P","2009-11-06 10:29:10","718233","2");
INSERT INTO ez_analysis VALUES("172","56","P","2009-11-06 10:30:33","282283","2");
INSERT INTO ez_analysis VALUES("173","43","P","2009-11-06 10:30:44","920018","2");
INSERT INTO ez_analysis VALUES("174","56","P","2009-11-06 10:32:08","857391","2");
INSERT INTO ez_analysis VALUES("175","43","P","2009-11-06 10:32:57","542007","2");
INSERT INTO ez_analysis VALUES("176","56","P","2009-11-06 10:33:31","527333","2");
INSERT INTO ez_analysis VALUES("177","43","P","2009-11-06 10:33:48","878167","2");
INSERT INTO ez_analysis VALUES("178","56","P","2009-11-06 10:36:03","450175","2");
INSERT INTO ez_analysis VALUES("179","43","P","2009-11-06 10:36:28","204208","2");
INSERT INTO ez_analysis VALUES("180","56","P","2009-11-06 10:37:43","644020","2");
INSERT INTO ez_analysis VALUES("181","43","P","2009-11-06 10:39:02","677908","2");
INSERT INTO ez_analysis VALUES("182","56","P","2009-11-06 10:39:48","394507","2");
INSERT INTO ez_analysis VALUES("183","43","P","2009-11-06 10:40:10","331036","2");
INSERT INTO ez_analysis VALUES("184","56","P","2009-11-06 10:42:17","900422","2");
INSERT INTO ez_analysis VALUES("185","43","P","2009-11-06 10:42:42","349961","2");
INSERT INTO ez_analysis VALUES("186","56","P","2009-11-06 10:45:28","394878","2");
INSERT INTO ez_analysis VALUES("187","43","P","2009-11-06 10:46:11","907969","2");
INSERT INTO ez_analysis VALUES("188","56","P","2009-11-06 10:55:19","178672","2");
INSERT INTO ez_analysis VALUES("189","43","P","2009-11-06 10:55:37","951216","2");
INSERT INTO ez_analysis VALUES("190","56","P","2009-11-06 11:08:59","132284","2");
INSERT INTO ez_analysis VALUES("191","43","P","2009-11-06 11:09:16","2160","2");
INSERT INTO ez_analysis VALUES("192","56","","2009-11-06 11:09:42","0","");
INSERT INTO ez_analysis VALUES("193","43","","2009-11-06 11:09:42","0","");
INSERT INTO ez_analysis VALUES("194","56","","2009-11-06 11:12:12","0","");
INSERT INTO ez_analysis VALUES("195","43","","2009-11-06 11:12:12","0","");
INSERT INTO ez_analysis VALUES("196","56","P","2009-11-06 11:22:30","395799","2");
INSERT INTO ez_analysis VALUES("197","43","P","2009-11-06 11:22:53","412128","2");
INSERT INTO ez_analysis VALUES("198","56","P","2009-11-06 11:25:20","811538","2");
INSERT INTO ez_analysis VALUES("199","43","P","2009-11-06 11:25:49","165127","2");
INSERT INTO ez_analysis VALUES("200","56","P","2009-11-06 12:02:10","320314","2");
INSERT INTO ez_analysis VALUES("201","43","P","2009-11-06 12:02:22","445347","2");
INSERT INTO ez_analysis VALUES("202","56","P","2009-11-06 12:09:13","252567","2");
INSERT INTO ez_analysis VALUES("203","43","P","2009-11-06 12:09:48","153241","2");
INSERT INTO ez_analysis VALUES("204","56","P","2009-11-06 12:35:53","784411","2");
INSERT INTO ez_analysis VALUES("205","43","P","2009-11-06 12:36:10","497338","2");
INSERT INTO ez_analysis VALUES("206","56","P","2009-11-06 13:01:36","153646","2");
INSERT INTO ez_analysis VALUES("207","43","P","2009-11-06 13:02:30","175408","2");
INSERT INTO ez_analysis VALUES("208","56","","2009-11-06 13:04:37","0","");
INSERT INTO ez_analysis VALUES("209","43","","2009-11-06 13:04:37","0","");
INSERT INTO ez_analysis VALUES("210","56","P","2009-11-06 13:06:28","948837","2");
INSERT INTO ez_analysis VALUES("211","43","P","2009-11-06 13:06:43","401560","2");
INSERT INTO ez_analysis VALUES("212","56","P","2009-11-06 13:08:04","281164","2");
INSERT INTO ez_analysis VALUES("213","43","P","2009-11-06 13:08:26","70436","2");
INSERT INTO ez_analysis VALUES("214","56","P","2009-11-06 13:09:37","455619","2");
INSERT INTO ez_analysis VALUES("215","43","P","2009-11-06 13:10:04","440453","2");
INSERT INTO ez_analysis VALUES("216","56","","2009-11-06 14:00:14","0","");
INSERT INTO ez_analysis VALUES("217","43","","2009-11-06 14:00:19","0","");
INSERT INTO ez_analysis VALUES("218","56","P","2009-11-06 14:01:40","935256","2");
INSERT INTO ez_analysis VALUES("219","43","P","2009-11-06 14:02:58","698176","2");
INSERT INTO ez_analysis VALUES("220","56","P","2009-11-06 14:04:55","545134","2");
INSERT INTO ez_analysis VALUES("221","43","P","2009-11-06 14:05:29","563312","2");
INSERT INTO ez_analysis VALUES("222","56","P","2009-11-06 14:06:29","226800","2");
INSERT INTO ez_analysis VALUES("223","43","P","2009-11-06 14:06:47","246220","2");
INSERT INTO ez_analysis VALUES("224","56","P","2009-11-06 14:21:51","4371","2");
INSERT INTO ez_analysis VALUES("225","43","P","2009-11-06 14:22:11","924241","2");
INSERT INTO ez_analysis VALUES("226","111","","2009-11-13 13:05:30","0","");
INSERT INTO ez_analysis VALUES("227","111","","2009-11-13 13:06:20","0","");
INSERT INTO ez_analysis VALUES("228","111","","2009-11-13 13:06:21","0","");
INSERT INTO ez_analysis VALUES("229","111","","2009-11-13 13:50:50","0","");
INSERT INTO ez_analysis VALUES("230","111","","2009-11-13 13:52:19","0","");
INSERT INTO ez_analysis VALUES("231","111","","2009-11-13 13:56:21","0","");
INSERT INTO ez_analysis VALUES("232","111","","2009-11-13 13:57:04","0","");
INSERT INTO ez_analysis VALUES("233","111","","2009-11-13 13:59:30","0","");
INSERT INTO ez_analysis VALUES("234","111","","2009-11-13 14:01:23","0","");
INSERT INTO ez_analysis VALUES("235","111","","2009-11-13 14:03:02","0","");
INSERT INTO ez_analysis VALUES("236","111","","2009-11-13 14:09:05","0","");
INSERT INTO ez_analysis VALUES("237","111","","2009-11-13 14:12:17","0","");
INSERT INTO ez_analysis VALUES("238","111","","2009-11-13 14:14:00","0","");
INSERT INTO ez_analysis VALUES("239","115","P","2009-11-13 14:19:24","266856","6");
INSERT INTO ez_analysis VALUES("240","111","","2009-11-13 14:30:02","0","");
INSERT INTO ez_analysis VALUES("241","111","","2009-11-13 14:42:25","0","");
INSERT INTO ez_analysis VALUES("242","111","","2009-11-13 14:44:57","0","");
INSERT INTO ez_analysis VALUES("243","115","P","2009-11-13 14:47:52","891254","6");
INSERT INTO ez_analysis VALUES("244","111","","2009-11-13 14:48:39","0","");
INSERT INTO ez_analysis VALUES("245","111","","2009-11-13 14:49:43","0","");
INSERT INTO ez_analysis VALUES("246","111","","2009-11-13 14:56:27","0","");
INSERT INTO ez_analysis VALUES("247","111","F","2009-11-13 15:01:43","227641","6");
INSERT INTO ez_analysis VALUES("248","111","","2009-11-13 15:04:05","0","");
INSERT INTO ez_analysis VALUES("249","111","F","2009-11-13 15:30:30","378327","6");
INSERT INTO ez_analysis VALUES("250","116","","2009-11-13 17:34:51","0","");
INSERT INTO ez_analysis VALUES("251","116","","2009-11-13 17:36:34","0","");
INSERT INTO ez_analysis VALUES("252","116","P","2009-11-13 17:39:40","671224","6");
INSERT INTO ez_analysis VALUES("253","116","","2009-11-13 17:47:14","0","");
INSERT INTO ez_analysis VALUES("254","116","P","2009-11-13 17:47:34","902359","6");
INSERT INTO ez_analysis VALUES("255","116","P","2009-11-13 17:55:18","221862","6");
INSERT INTO ez_analysis VALUES("256","116","P","2009-11-13 17:57:37","469888","6");
INSERT INTO ez_analysis VALUES("257","116","P","2009-11-13 18:00:43","731461","6");
INSERT INTO ez_analysis VALUES("258","116","P","2009-11-13 18:05:12","209902","6");
INSERT INTO ez_analysis VALUES("259","116","P","2009-11-13 18:06:49","908402","6");
INSERT INTO ez_analysis VALUES("260","2","F","2009-11-13 18:09:19","409519","2");
INSERT INTO ez_analysis VALUES("261","3","F","2009-11-13 18:09:27","536530","2");
INSERT INTO ez_analysis VALUES("262","15","F","2009-11-13 18:09:35","619523","2");
INSERT INTO ez_analysis VALUES("263","20","","2009-11-13 18:09:43","0","");
INSERT INTO ez_analysis VALUES("264","116","","2009-11-16 11:42:25","0","");
INSERT INTO ez_analysis VALUES("265","116","","2009-11-16 11:49:07","0","");
INSERT INTO ez_analysis VALUES("266","115","","2009-11-16 11:56:37","0","");
INSERT INTO ez_analysis VALUES("267","116","P","2009-11-16 11:56:59","479703","6");
INSERT INTO ez_analysis VALUES("268","116","P","2009-11-16 11:58:00","168889","6");
INSERT INTO ez_analysis VALUES("269","56","","2009-11-16 12:08:55","0","");
INSERT INTO ez_analysis VALUES("270","56","","2009-11-17 13:44:47","0","");
INSERT INTO ez_analysis VALUES("271","56","","2009-11-17 13:48:29","0","");
INSERT INTO ez_analysis VALUES("272","2","F","2009-11-17 13:51:56","773620","2");
INSERT INTO ez_analysis VALUES("273","3","F","2009-11-17 13:52:04","918725","2");
INSERT INTO ez_analysis VALUES("274","15","F","2009-11-17 13:52:12","987687","2");
INSERT INTO ez_analysis VALUES("275","20","","2009-11-17 13:52:21","0","");
INSERT INTO ez_analysis VALUES("276","2","F","2009-11-17 13:59:44","403389","2");
INSERT INTO ez_analysis VALUES("277","3","F","2009-11-17 13:59:52","471641","2");
INSERT INTO ez_analysis VALUES("278","15","F","2009-11-17 14:00:00","539766","2");
INSERT INTO ez_analysis VALUES("279","20","","2009-11-17 14:00:08","0","");
INSERT INTO ez_analysis VALUES("280","56","","2009-11-17 14:00:31","0","");
INSERT INTO ez_analysis VALUES("281","56","","2009-11-17 14:01:10","0","");
INSERT INTO ez_analysis VALUES("282","56","","2009-11-17 14:02:09","0","");
INSERT INTO ez_analysis VALUES("283","56","","2009-11-17 14:03:35","0","");
INSERT INTO ez_analysis VALUES("284","56","","2009-11-17 14:04:56","0","");
INSERT INTO ez_analysis VALUES("285","56","","2009-11-17 14:09:26","0","");
INSERT INTO ez_analysis VALUES("286","56","","2009-11-17 14:11:30","0","");
INSERT INTO ez_analysis VALUES("287","56","","2009-11-17 14:28:44","0","");
INSERT INTO ez_analysis VALUES("288","56","","2009-11-17 14:42:30","0","");
INSERT INTO ez_analysis VALUES("289","56","","2009-11-17 14:48:01","0","");
INSERT INTO ez_analysis VALUES("290","56","P","2009-11-17 14:49:25","625625","2");
INSERT INTO ez_analysis VALUES("291","56","P","2009-11-17 14:55:44","277894","2");
INSERT INTO ez_analysis VALUES("292","56","P","2009-11-17 14:56:36","916448","2");
INSERT INTO ez_analysis VALUES("293","56","P","2009-11-17 14:57:35","989745","2");
INSERT INTO ez_analysis VALUES("294","56","","2009-11-17 14:59:47","0","");
INSERT INTO ez_analysis VALUES("295","56","","2009-11-17 15:14:17","0","");
INSERT INTO ez_analysis VALUES("296","56","","2009-11-17 15:22:06","0","");
INSERT INTO ez_analysis VALUES("297","56","","2009-11-17 15:28:02","0","");
INSERT INTO ez_analysis VALUES("298","56","","2009-11-17 15:29:26","0","");
INSERT INTO ez_analysis VALUES("299","56","","2009-11-17 15:31:55","0","");
INSERT INTO ez_analysis VALUES("300","56","P","2009-11-17 15:32:39","70216","2");
INSERT INTO ez_analysis VALUES("301","56","P","2009-11-17 16:49:50","566918","2");
INSERT INTO ez_analysis VALUES("302","248","","2009-11-17 20:05:08","0","");
INSERT INTO ez_analysis VALUES("303","248","","2009-11-17 20:07:37","0","");
INSERT INTO ez_analysis VALUES("304","56","","2009-11-18 10:35:18","0","");
INSERT INTO ez_analysis VALUES("305","56","","2009-11-18 10:35:51","0","");
INSERT INTO ez_analysis VALUES("306","56","F","2009-11-18 10:36:27","984859","2");
INSERT INTO ez_analysis VALUES("307","56","F","2009-11-18 10:38:31","252797","2");
INSERT INTO ez_analysis VALUES("308","56","P","2009-11-18 10:42:35","586101","2");
INSERT INTO ez_analysis VALUES("309","56","P","2009-11-18 10:46:22","311117","2");
INSERT INTO ez_analysis VALUES("310","56","P","2009-11-18 10:46:48","44872","2");
INSERT INTO ez_analysis VALUES("311","56","P","2009-11-18 13:21:39","236922","2");
INSERT INTO ez_analysis VALUES("312","56","P","2009-11-18 13:25:41","891401","2");
INSERT INTO ez_analysis VALUES("313","56","P","2009-11-18 13:27:07","470479","2");
INSERT INTO ez_analysis VALUES("314","56","P","2009-11-18 13:27:23","183149","2");
INSERT INTO ez_analysis VALUES("315","56","P","2009-11-18 13:28:12","676137","2");
INSERT INTO ez_analysis VALUES("316","56","P","2009-11-19 18:21:16","749728","2");
INSERT INTO ez_analysis VALUES("317","56","","2009-11-20 11:10:56","0","");
INSERT INTO ez_analysis VALUES("318","56","","2009-11-20 11:12:00","0","");
INSERT INTO ez_analysis VALUES("319","56","","2009-11-20 11:13:38","0","");
INSERT INTO ez_analysis VALUES("320","56","","2009-11-20 11:32:25","0","");
INSERT INTO ez_analysis VALUES("321","43","","2009-11-20 11:32:27","0","");
INSERT INTO ez_analysis VALUES("322","56","","2009-11-20 11:38:40","0","");
INSERT INTO ez_analysis VALUES("323","56","","2009-11-20 11:43:39","0","");
INSERT INTO ez_analysis VALUES("324","56","P","2009-11-20 11:48:50","99271","2");
INSERT INTO ez_analysis VALUES("325","56","P","2009-11-20 11:49:17","228187","2");
INSERT INTO ez_analysis VALUES("326","56","P","2009-11-20 11:49:46","936336","2");
INSERT INTO ez_analysis VALUES("327","2","F","2009-11-20 11:50:54","850119","2");
INSERT INTO ez_analysis VALUES("328","3","F","2009-11-20 11:51:02","944666","2");
INSERT INTO ez_analysis VALUES("329","15","F","2009-11-20 11:51:11","52622","2");
INSERT INTO ez_analysis VALUES("330","20","","2009-11-20 11:51:19","0","");
INSERT INTO ez_analysis VALUES("331","17","","2009-11-20 11:51:21","0","");
INSERT INTO ez_analysis VALUES("332","40","","2009-11-20 11:51:23","0","");
INSERT INTO ez_analysis VALUES("333","56","P","2009-11-20 11:51:57","335727","2");
INSERT INTO ez_analysis VALUES("334","56","P","2009-11-20 11:53:56","293289","2");
INSERT INTO ez_analysis VALUES("335","56","P","2009-11-20 11:54:20","761613","2");
INSERT INTO ez_analysis VALUES("336","56","P","2009-11-20 11:54:33","572505","2");
INSERT INTO ez_analysis VALUES("337","56","P","2009-11-20 11:57:41","705141","2");
INSERT INTO ez_analysis VALUES("338","56","P","2009-11-20 11:58:38","344584","2");
INSERT INTO ez_analysis VALUES("339","56","P","2009-11-20 11:59:51","296894","2");
INSERT INTO ez_analysis VALUES("340","56","P","2009-11-20 12:02:28","23919","2");
INSERT INTO ez_analysis VALUES("341","56","P","2009-11-20 12:23:03","470043","2");
INSERT INTO ez_analysis VALUES("342","56","P","2009-11-20 12:29:34","446402","2");
INSERT INTO ez_analysis VALUES("343","56","P","2009-11-20 12:30:27","411442","2");
INSERT INTO ez_analysis VALUES("344","56","P","2009-11-20 12:35:37","456142","2");
INSERT INTO ez_analysis VALUES("345","56","P","2009-11-20 12:37:36","278855","2");
INSERT INTO ez_analysis VALUES("346","56","P","2009-11-20 12:38:53","261485","2");
INSERT INTO ez_analysis VALUES("347","56","P","2009-11-20 12:41:23","376645","2");
INSERT INTO ez_analysis VALUES("348","56","P","2009-11-20 12:58:26","780421","2");
INSERT INTO ez_analysis VALUES("349","56","P","2009-11-20 13:07:38","593189","2");
INSERT INTO ez_analysis VALUES("350","56","P","2009-11-20 13:08:45","485067","2");
INSERT INTO ez_analysis VALUES("351","56","P","2009-11-20 13:43:09","184393","2");
INSERT INTO ez_analysis VALUES("352","1","F","2009-11-20 13:43:19","542786","2");
INSERT INTO ez_analysis VALUES("353","56","P","2009-11-20 13:43:57","939511","2");
INSERT INTO ez_analysis VALUES("354","1","F","2009-11-20 13:44:08","42799","2");
INSERT INTO ez_analysis VALUES("355","56","P","2009-11-20 13:47:47","129970","2");
INSERT INTO ez_analysis VALUES("356","56","P","2009-11-20 13:51:25","402042","2");
INSERT INTO ez_analysis VALUES("357","56","P","2009-11-20 13:55:48","739666","2");
INSERT INTO ez_analysis VALUES("358","56","P","2009-11-20 13:56:56","383990","2");
INSERT INTO ez_analysis VALUES("359","56","P","2009-11-20 13:59:11","39048","2");
INSERT INTO ez_analysis VALUES("360","56","P","2009-11-20 14:04:54","610059","2");
INSERT INTO ez_analysis VALUES("361","56","P","2009-11-20 14:07:24","482916","2");
INSERT INTO ez_analysis VALUES("362","56","P","2009-11-20 14:08:26","384875","2");
INSERT INTO ez_analysis VALUES("363","56","P","2009-11-20 14:11:28","33619","2");
INSERT INTO ez_analysis VALUES("364","56","","2009-11-20 14:17:26","0","");
INSERT INTO ez_analysis VALUES("365","56","","2009-11-20 14:21:01","0","");
INSERT INTO ez_analysis VALUES("366","56","","2009-11-20 14:24:24","0","");
INSERT INTO ez_analysis VALUES("367","56","P","2009-11-20 14:28:27","249959","2");
INSERT INTO ez_analysis VALUES("368","56","P","2009-11-20 14:29:14","196958","2");
INSERT INTO ez_analysis VALUES("369","56","P","2009-11-20 14:33:48","767188","2");
INSERT INTO ez_analysis VALUES("370","56","P","2009-11-20 14:34:27","47193","2");
INSERT INTO ez_analysis VALUES("371","56","P","2009-11-20 14:35:06","306491","2");
INSERT INTO ez_analysis VALUES("372","56","P","2009-11-20 14:35:29","93472","2");
INSERT INTO ez_analysis VALUES("373","4","","2009-11-20 14:54:30","0","");
INSERT INTO ez_analysis VALUES("374","248","","2009-11-20 14:54:30","0","");
INSERT INTO ez_analysis VALUES("375","2","","2009-11-20 14:54:30","0","");
INSERT INTO ez_analysis VALUES("376","5","","2009-11-20 14:54:32","0","");
INSERT INTO ez_analysis VALUES("377","1","","2009-11-20 14:54:38","0","");
INSERT INTO ez_analysis VALUES("378","4","","2009-11-20 14:55:50","0","");
INSERT INTO ez_analysis VALUES("379","1","","2009-11-20 14:55:50","0","");
INSERT INTO ez_analysis VALUES("380","248","","2009-11-20 14:55:50","0","");
INSERT INTO ez_analysis VALUES("381","2","","2009-11-20 14:55:58","0","");
INSERT INTO ez_analysis VALUES("382","5","","2009-11-20 14:56:06","0","");
INSERT INTO ez_analysis VALUES("383","5","","2009-11-20 15:14:17","0","");
INSERT INTO ez_analysis VALUES("384","4","","2009-11-20 15:14:17","0","");
INSERT INTO ez_analysis VALUES("385","2","","2009-11-20 15:14:17","0","");
INSERT INTO ez_analysis VALUES("386","248","","2009-11-20 15:14:25","0","");
INSERT INTO ez_analysis VALUES("387","1","","2009-11-20 15:14:25","0","");
INSERT INTO ez_analysis VALUES("388","5","","2009-11-20 15:27:09","0","");
INSERT INTO ez_analysis VALUES("389","4","","2009-11-20 15:27:09","0","");
INSERT INTO ez_analysis VALUES("390","1","","2009-11-20 15:27:18","0","");
INSERT INTO ez_analysis VALUES("391","248","","2009-11-20 15:27:18","0","");
INSERT INTO ez_analysis VALUES("392","2","","2009-11-20 15:27:26","0","");
INSERT INTO ez_analysis VALUES("393","4","","2009-11-20 15:28:42","0","");
INSERT INTO ez_analysis VALUES("394","5","","2009-11-20 15:28:42","0","");
INSERT INTO ez_analysis VALUES("395","2","","2009-11-20 15:28:42","0","");
INSERT INTO ez_analysis VALUES("396","1","","2009-11-20 15:28:50","0","");
INSERT INTO ez_analysis VALUES("397","248","","2009-11-20 15:28:50","0","");
INSERT INTO ez_analysis VALUES("398","248","","2009-11-20 15:45:21","0","");
INSERT INTO ez_analysis VALUES("399","5","","2009-11-20 15:45:21","0","");
INSERT INTO ez_analysis VALUES("400","2","","2009-11-20 15:45:21","0","");
INSERT INTO ez_analysis VALUES("401","1","","2009-11-20 15:45:22","0","");
INSERT INTO ez_analysis VALUES("402","4","","2009-11-20 15:45:27","0","");
INSERT INTO ez_analysis VALUES("403","2","","2009-11-20 15:46:10","0","");
INSERT INTO ez_analysis VALUES("404","248","","2009-11-20 15:46:16","0","");
INSERT INTO ez_analysis VALUES("405","4","","2009-11-20 15:46:18","0","");
INSERT INTO ez_analysis VALUES("406","5","","2009-11-20 15:46:23","0","");
INSERT INTO ez_analysis VALUES("407","1","","2009-11-20 15:46:28","0","");
INSERT INTO ez_analysis VALUES("408","5","","2009-11-20 15:49:03","0","");
INSERT INTO ez_analysis VALUES("409","4","","2009-11-20 15:49:11","0","");
INSERT INTO ez_analysis VALUES("410","2","","2009-11-20 15:49:20","0","");
INSERT INTO ez_analysis VALUES("411","1","","2009-11-20 15:49:28","0","");
INSERT INTO ez_analysis VALUES("412","248","","2009-11-20 15:49:36","0","");
INSERT INTO ez_analysis VALUES("413","5","","2009-11-20 15:50:08","0","");
INSERT INTO ez_analysis VALUES("414","4","","2009-11-20 15:50:16","0","");
INSERT INTO ez_analysis VALUES("415","2","","2009-11-20 15:50:24","0","");
INSERT INTO ez_analysis VALUES("416","1","","2009-11-20 15:50:32","0","");
INSERT INTO ez_analysis VALUES("417","248","","2009-11-20 15:50:40","0","");
INSERT INTO ez_analysis VALUES("418","5","","2009-11-20 15:52:58","0","");
INSERT INTO ez_analysis VALUES("419","4","","2009-11-20 15:53:06","0","");
INSERT INTO ez_analysis VALUES("420","2","","2009-11-20 15:53:14","0","");
INSERT INTO ez_analysis VALUES("421","1","","2009-11-20 15:53:22","0","");
INSERT INTO ez_analysis VALUES("422","248","","2009-11-20 15:53:30","0","");
INSERT INTO ez_analysis VALUES("423","5","","2009-11-20 15:57:26","0","");
INSERT INTO ez_analysis VALUES("424","1","","2009-11-20 15:57:34","0","");
INSERT INTO ez_analysis VALUES("425","4","","2009-11-20 15:57:42","0","");
INSERT INTO ez_analysis VALUES("426","2","","2009-11-20 15:57:51","0","");
INSERT INTO ez_analysis VALUES("427","17","","2009-11-20 15:57:59","0","");
INSERT INTO ez_analysis VALUES("428","5","","2009-11-20 15:58:59","0","");
INSERT INTO ez_analysis VALUES("429","1","","2009-11-20 15:59:07","0","");
INSERT INTO ez_analysis VALUES("430","4","","2009-11-20 15:59:15","0","");
INSERT INTO ez_analysis VALUES("431","2","","2009-11-20 15:59:23","0","");
INSERT INTO ez_analysis VALUES("432","17","","2009-11-20 15:59:32","0","");
INSERT INTO ez_analysis VALUES("433","17","","2009-11-20 16:09:21","0","");
INSERT INTO ez_analysis VALUES("434","1","","2009-11-20 16:09:21","0","");
INSERT INTO ez_analysis VALUES("435","5","","2009-11-20 16:09:21","0","");
INSERT INTO ez_analysis VALUES("436","2","","2009-11-20 16:09:30","0","");
INSERT INTO ez_analysis VALUES("437","4","","2009-11-20 16:09:30","0","");
INSERT INTO ez_analysis VALUES("438","1","","2009-11-20 16:12:11","0","");
INSERT INTO ez_analysis VALUES("439","4","","2009-11-20 16:12:11","0","");
INSERT INTO ez_analysis VALUES("440","5","","2009-11-20 16:12:11","0","");
INSERT INTO ez_analysis VALUES("441","17","","2009-11-20 16:12:19","0","");
INSERT INTO ez_analysis VALUES("442","2","","2009-11-20 16:12:19","0","");
INSERT INTO ez_analysis VALUES("443","1","","2009-11-20 16:13:32","0","");
INSERT INTO ez_analysis VALUES("444","4","","2009-11-20 16:13:32","0","");
INSERT INTO ez_analysis VALUES("445","5","","2009-11-20 16:13:32","0","");
INSERT INTO ez_analysis VALUES("446","17","","2009-11-20 16:13:40","0","");
INSERT INTO ez_analysis VALUES("447","2","","2009-11-20 16:13:40","0","");
INSERT INTO ez_analysis VALUES("448","17","","2009-11-20 16:14:53","0","");
INSERT INTO ez_analysis VALUES("449","17","","2009-11-20 16:19:57","0","");
INSERT INTO ez_analysis VALUES("450","56","","2009-11-20 16:22:05","0","");
INSERT INTO ez_analysis VALUES("451","244","","2009-11-20 16:22:07","0","");
INSERT INTO ez_analysis VALUES("452","248","","2009-11-20 16:22:09","0","");
INSERT INTO ez_analysis VALUES("453","40","","2009-11-20 16:22:11","0","");
INSERT INTO ez_analysis VALUES("454","56","","2009-11-20 16:25:10","0","");
INSERT INTO ez_analysis VALUES("455","244","","2009-11-20 16:25:12","0","");
INSERT INTO ez_analysis VALUES("456","248","","2009-11-20 16:25:14","0","");
INSERT INTO ez_analysis VALUES("457","40","","2009-11-20 16:25:16","0","");
INSERT INTO ez_analysis VALUES("458","40","","2009-11-20 16:26:09","0","");
INSERT INTO ez_analysis VALUES("459","56","","2009-11-20 16:26:43","0","");
INSERT INTO ez_analysis VALUES("460","244","","2009-11-20 16:26:46","0","");
INSERT INTO ez_analysis VALUES("461","248","","2009-11-20 16:26:48","0","");
INSERT INTO ez_analysis VALUES("462","40","","2009-11-20 16:26:50","0","");
INSERT INTO ez_analysis VALUES("463","40","","2009-11-20 16:27:05","0","");
INSERT INTO ez_analysis VALUES("464","40","","2009-11-20 16:27:45","0","");
INSERT INTO ez_analysis VALUES("465","56","","2009-11-20 16:28:01","0","");
INSERT INTO ez_analysis VALUES("466","244","","2009-11-20 16:28:03","0","");
INSERT INTO ez_analysis VALUES("467","248","","2009-11-20 16:28:05","0","");
INSERT INTO ez_analysis VALUES("468","40","","2009-11-20 16:28:07","0","");
INSERT INTO ez_analysis VALUES("469","40","","2009-11-20 16:28:24","0","");
INSERT INTO ez_analysis VALUES("470","40","","2009-11-20 16:28:37","0","");
INSERT INTO ez_analysis VALUES("471","40","","2009-11-20 16:29:00","0","");
INSERT INTO ez_analysis VALUES("472","40","","2009-11-20 16:29:14","0","");
INSERT INTO ez_analysis VALUES("473","40","","2009-11-20 16:29:25","0","");
INSERT INTO ez_analysis VALUES("474","40","","2009-11-20 16:29:37","0","");
INSERT INTO ez_analysis VALUES("475","40","","2009-11-20 16:29:53","0","");
INSERT INTO ez_analysis VALUES("476","40","","2009-11-20 16:30:07","0","");
INSERT INTO ez_analysis VALUES("477","40","","2009-11-20 16:30:18","0","");
INSERT INTO ez_analysis VALUES("478","40","","2009-11-20 16:30:32","0","");
INSERT INTO ez_analysis VALUES("479","40","","2009-11-20 16:30:45","0","");
INSERT INTO ez_analysis VALUES("480","40","","2009-11-20 16:31:07","0","");
INSERT INTO ez_analysis VALUES("481","40","","2009-11-20 16:36:53","0","");
INSERT INTO ez_analysis VALUES("482","56","","2009-11-20 16:37:17","0","");
INSERT INTO ez_analysis VALUES("483","244","","2009-11-20 16:37:19","0","");
INSERT INTO ez_analysis VALUES("484","248","","2009-11-20 16:37:21","0","");
INSERT INTO ez_analysis VALUES("485","40","","2009-11-20 16:37:23","0","");
INSERT INTO ez_analysis VALUES("486","56","","2009-11-20 16:44:21","0","");
INSERT INTO ez_analysis VALUES("487","56","","2009-11-20 16:45:11","0","");
INSERT INTO ez_analysis VALUES("488","56","","2009-11-20 16:59:53","0","");
INSERT INTO ez_analysis VALUES("489","56","","2009-11-20 17:00:38","0","");
INSERT INTO ez_analysis VALUES("490","56","","2009-11-20 17:05:11","0","");
INSERT INTO ez_analysis VALUES("491","56","","2009-11-20 17:06:21","0","");
INSERT INTO ez_analysis VALUES("492","56","","2009-11-20 17:07:46","0","");
INSERT INTO ez_analysis VALUES("493","56","","2009-11-20 17:09:49","0","");
INSERT INTO ez_analysis VALUES("494","56","","2009-11-20 17:14:41","0","");
INSERT INTO ez_analysis VALUES("495","56","","2009-11-20 17:42:01","0","");
INSERT INTO ez_analysis VALUES("496","56","","2009-11-20 17:45:29","0","");
INSERT INTO ez_analysis VALUES("497","56","","2009-11-20 17:45:46","0","");
INSERT INTO ez_analysis VALUES("498","56","","2009-11-20 17:47:07","0","");
INSERT INTO ez_analysis VALUES("499","56","","2009-11-20 17:48:21","0","");
INSERT INTO ez_analysis VALUES("500","56","","2009-11-20 17:48:56","0","");
INSERT INTO ez_analysis VALUES("501","56","","2009-11-24 12:40:47","0","");
INSERT INTO ez_analysis VALUES("502","56","","2009-11-24 12:42:18","0","");
INSERT INTO ez_analysis VALUES("503","56","","2009-11-24 12:53:53","0","");



CREATE TABLE `ez_features` (
  `featureid` int(11) NOT NULL auto_increment,
  `featurename` varchar(45) NOT NULL,
  `moduleid` int(11) NOT NULL,
  `projectid` int(11) NOT NULL,
  PRIMARY KEY  (`featureid`)
) ENGINE=MyISAM AUTO_INCREMENT=81 DEFAULT CHARSET=latin1;

INSERT INTO ez_features VALUES("1","ACL","1","6");
INSERT INTO ez_features VALUES("2","vman","1","6");
INSERT INTO ez_features VALUES("19","vman","15","66");
INSERT INTO ez_features VALUES("18","ACL","15","66");
INSERT INTO ez_features VALUES("17","feature3","14","63");
INSERT INTO ez_features VALUES("16","feature2","13","63");
INSERT INTO ez_features VALUES("15","feature1","12","63");
INSERT INTO ez_features VALUES("14","vman","9","63");
INSERT INTO ez_features VALUES("13","ACL","9","63");
INSERT INTO ez_features VALUES("20","feature1","16","6");
INSERT INTO ez_features VALUES("21","feature2","17","6");
INSERT INTO ez_features VALUES("22","feature3","18","6");
INSERT INTO ez_features VALUES("23","feature4","18","6");
INSERT INTO ez_features VALUES("24","feature4","19","6");
INSERT INTO ez_features VALUES("25","feature3","17","6");
INSERT INTO ez_features VALUES("26","feature4","20","6");
INSERT INTO ez_features VALUES("27","feature1","20","6");
INSERT INTO ez_features VALUES("28","feature2","20","6");
INSERT INTO ez_features VALUES("29","feature2","21","6");
INSERT INTO ez_features VALUES("30","feature1","22","6");
INSERT INTO ez_features VALUES("31","feature3","23","6");
INSERT INTO ez_features VALUES("32","feature4","24","6");
INSERT INTO ez_features VALUES("33","FEATURE1","25","6");
INSERT INTO ez_features VALUES("34","feature2","25","6");
INSERT INTO ez_features VALUES("35","feature2","26","6");
INSERT INTO ez_features VALUES("36","feature1","27","6");
INSERT INTO ez_features VALUES("37","feature3","28","6");
INSERT INTO ez_features VALUES("38","feature4","29","6");
INSERT INTO ez_features VALUES("39","FEATURE1","30","6");
INSERT INTO ez_features VALUES("40","feature2","30","6");
INSERT INTO ez_features VALUES("41","feature2","31","6");
INSERT INTO ez_features VALUES("42","feature1","32","66");
INSERT INTO ez_features VALUES("43","feature2","32","66");
INSERT INTO ez_features VALUES("44","feature1","33","66");
INSERT INTO ez_features VALUES("45","fea1","34","66");
INSERT INTO ez_features VALUES("46","feat1","35","66");
INSERT INTO ez_features VALUES("47","fea1","36","66");
INSERT INTO ez_features VALUES("48","feature1","37","66");
INSERT INTO ez_features VALUES("49","fea1","38","66");
INSERT INTO ez_features VALUES("50","feat1","39","66");
INSERT INTO ez_features VALUES("51","vman1","40","6");
INSERT INTO ez_features VALUES("53","vman1","42","6");
INSERT INTO ez_features VALUES("59","mac1","47","6");
INSERT INTO ez_features VALUES("60","mac2","47","6");
INSERT INTO ez_features VALUES("61","mac3","47","6");
INSERT INTO ez_features VALUES("62","ACL","49","67");
INSERT INTO ez_features VALUES("63","vman","49","67");
INSERT INTO ez_features VALUES("64","vman1","50","67");
INSERT INTO ez_features VALUES("80","module21","22","6");
INSERT INTO ez_features VALUES("74","ACL","57","72");
INSERT INTO ez_features VALUES("75","vman","57","72");
INSERT INTO ez_features VALUES("76","vman1","58","72");
INSERT INTO ez_features VALUES("77","ACL","59","73");
INSERT INTO ez_features VALUES("78","vman","59","73");
INSERT INTO ez_features VALUES("79","vman1","60","73");



CREATE TABLE `ez_macros` (
  `macroid` int(11) NOT NULL auto_increment,
  `projectid` int(11) NOT NULL,
  `moduleid` int(11) NOT NULL,
  `featureid` int(11) NOT NULL,
  `macroname` varchar(45) NOT NULL,
  `filename` varchar(255) default NULL,
  `filecreatedon` datetime default NULL,
  `addedby` int(11) NOT NULL,
  `addedon` date NOT NULL,
  `params` varchar(255) default NULL,
  `macrodir` varchar(255) default NULL,
  `svnfile` enum('Y','N') NOT NULL default 'N',
  PRIMARY KEY  (`macroid`)
) ENGINE=MyISAM AUTO_INCREMENT=84 DEFAULT CHARSET=latin1;

INSERT INTO ez_macros VALUES("1","66","-1","-1","config_bgp_nbr","","","46","2009-11-04","$as_num $nbr_ip $rem_as","","Y");
INSERT INTO ez_macros VALUES("2","66","-1","-1","cc","","","46","2009-11-04","","","N");
INSERT INTO ez_macros VALUES("3","66","-1","-1","vman","","","43","2009-11-04","$a","","Y");
INSERT INTO ez_macros VALUES("4","6","-1","-1","config_bgp_nbr","","2009-11-04 18:50:02","3","2009-11-04","","","Y");
INSERT INTO ez_macros VALUES("42","6","-1","-1","macmac","","","2","2009-11-16","$a","","N");
INSERT INTO ez_macros VALUES("6","66","-1","-1","mac1","","","43","2009-11-05","$a $b","","N");
INSERT INTO ez_macros VALUES("45","6","-1","-1","vman2ip","","","2","2009-11-26","$a","","Y");
INSERT INTO ez_macros VALUES("44","6","-1","-1","vlanmac","","","2","2009-11-16","$a","","N");
INSERT INTO ez_macros VALUES("43","6","-1","-1","configmac","","","2","2009-11-26","$a","","Y");
INSERT INTO ez_macros VALUES("41","6","-1","-1","table","","","2","2009-11-16","$a","","N");
INSERT INTO ez_macros VALUES("30","6","-1","-1","bgpp","","","2","2009-11-26","$a","","Y");
INSERT INTO ez_macros VALUES("47","6","-1","-1","ipadd1","","","2","2009-11-16","$a","","Y");
INSERT INTO ez_macros VALUES("40","6","-1","-1","macadd","","","2","2009-11-16","$a","","N");
INSERT INTO ez_macros VALUES("38","6","-1","-1","test1","","","2","2009-11-16","$a","","Y");
INSERT INTO ez_macros VALUES("46","6","-1","-1","svnadd","","","2","2009-11-16","$a","","N");
INSERT INTO ez_macros VALUES("48","6","-1","-1","macmac_new","","","2","2009-11-26","$a","","N");
INSERT INTO ez_macros VALUES("49","6","-1","-1","macmac_new123","","","2","2009-11-26","$a","","N");
INSERT INTO ez_macros VALUES("50","6","-1","-1","macmac_new1234","","","2","2009-11-26","$a $b","","N");
INSERT INTO ez_macros VALUES("51","6","-1","-1","macmac111","","","2","2009-11-26","$a","","Y");
INSERT INTO ez_macros VALUES("52","6","-1","-1","macmacss","","","2","2009-11-26","$a","","Y");
INSERT INTO ez_macros VALUES("53","6","-1","-1","c","","","2","2009-11-26","$a","","Y");
INSERT INTO ez_macros VALUES("54","6","-1","-1","checkinmac","","","2","2009-11-26","$a $b $c","","Y");
INSERT INTO ez_macros VALUES("55","6","-1","-1","sveram","","2009-11-26 19:37:22","3","2009-11-26","","","Y");
INSERT INTO ez_macros VALUES("56","6","-1","-1","aaa","","","55","2009-11-26","$a $h","","N");
INSERT INTO ez_macros VALUES("57","6","-1","-1","testing","","2009-11-30 11:10:44","3","2009-11-30","","","N");
INSERT INTO ez_macros VALUES("58","67","-1","-1","sveram","","2009-11-30 16:59:47","3","2009-11-30","","","N");
INSERT INTO ez_macros VALUES("59","67","-1","-1","testing","","2009-11-30 17:38:33","3","2009-11-30","","","N");
INSERT INTO ez_macros VALUES("60","67","-1","-1","ipadd1","","2009-11-30 17:47:08","3","2009-11-30","","","N");
INSERT INTO ez_macros VALUES("61","67","-1","-1","savemac","","2009-11-30 18:02:22","3","2009-11-30","","","N");
INSERT INTO ez_macros VALUES("62","67","-1","-1","vman2ip","","2009-11-30 18:10:44","3","2009-11-30","$a","","N");
INSERT INTO ez_macros VALUES("63","67","-1","-1","configmac","","2009-11-30 18:26:42","3","2009-11-30","$a","","N");
INSERT INTO ez_macros VALUES("64","67","-1","-1","bgpp","","2009-11-30 18:31:52","3","2009-11-30","$a","","N");
INSERT INTO ez_macros VALUES("65","67","-1","-1","config_bgp_nbr","","2009-11-30 18:37:21","3","2009-11-30","","","N");
INSERT INTO ez_macros VALUES("66","67","-1","-1","checkinmac","","2009-11-30 18:37:21","3","2009-11-30","$a $b $c","","N");
INSERT INTO ez_macros VALUES("67","67","-1","-1","mac123","","2009-12-01 09:35:05","3","2009-12-01","","","N");
INSERT INTO ez_macros VALUES("68","67","-1","-1","macmac111","","2009-12-02 15:29:36","3","2009-12-02","","","N");
INSERT INTO ez_macros VALUES("69","67","-1","-1","macmacss","","2009-12-02 15:29:36","3","2009-12-02","","","N");
INSERT INTO ez_macros VALUES("70","67","-1","-1","c","","2009-12-02 15:38:16","3","2009-12-02","$a","","N");
INSERT INTO ez_macros VALUES("71","67","-1","-1","ss","","2009-12-02 15:38:16","3","2009-12-02","","","N");
INSERT INTO ez_macros VALUES("72","67","-1","-1","vman","","2009-12-02 15:38:16","3","2009-12-02","","","N");
INSERT INTO ez_macros VALUES("73","67","-1","-1","mac","","2009-12-02 15:38:16","3","2009-12-02","","","N");
INSERT INTO ez_macros VALUES("74","67","-1","-1","conf_bgp_nbr","","2009-12-02 15:38:16","3","2009-12-02","","","N");
INSERT INTO ez_macros VALUES("75","67","-1","-1","test1","","2009-12-02 15:38:16","3","2009-12-02","","","N");
INSERT INTO ez_macros VALUES("76","69","-1","-1","sveram","","2009-12-04 15:29:00","3","2009-12-04","","","N");
INSERT INTO ez_macros VALUES("77","70","-1","-1","sveram","","2009-12-04 18:08:48","3","2009-12-04","","","N");
INSERT INTO ez_macros VALUES("78","71","-1","-1","sveram","","2009-12-04 18:42:56","3","2009-12-04","","","N");
INSERT INTO ez_macros VALUES("79","72","-1","-1","sveram","","2009-12-04 18:44:52","3","2009-12-04","","","N");
INSERT INTO ez_macros VALUES("80","73","-1","-1","sveram","","2009-12-04 18:45:30","3","2009-12-04","","","N");
INSERT INTO ez_macros VALUES("81","73","-1","-1","testing","","2009-12-04 18:53:08","3","2009-12-04","","","N");
INSERT INTO ez_macros VALUES("82","6","-1","-1","savemac","","2009-12-07 13:24:04","3","2009-12-07","","","N");
INSERT INTO ez_macros VALUES("83","6","-1","-1","mac123","","2009-12-07 16:00:34","3","2009-12-07","","","N");



CREATE TABLE `ez_modules` (
  `moduleid` int(11) NOT NULL auto_increment,
  `module` varchar(45) NOT NULL,
  `projectid` int(11) NOT NULL,
  PRIMARY KEY  (`moduleid`)
) ENGINE=MyISAM AUTO_INCREMENT=61 DEFAULT CHARSET=latin1;

INSERT INTO ez_modules VALUES("1","Functionaltest","6");
INSERT INTO ez_modules VALUES("12","module1","63");
INSERT INTO ez_modules VALUES("15","Functionaltest","66");
INSERT INTO ez_modules VALUES("9","Functionaltest","63");
INSERT INTO ez_modules VALUES("13","module2","63");
INSERT INTO ez_modules VALUES("14","module3","63");
INSERT INTO ez_modules VALUES("16","module1","6");
INSERT INTO ez_modules VALUES("17","module2","6");
INSERT INTO ez_modules VALUES("18","module3","6");
INSERT INTO ez_modules VALUES("19","module4","6");
INSERT INTO ez_modules VALUES("20","module5","6");
INSERT INTO ez_modules VALUES("21","module6","6");
INSERT INTO ez_modules VALUES("22","module11","6");
INSERT INTO ez_modules VALUES("23","module21","6");
INSERT INTO ez_modules VALUES("24","module41","6");
INSERT INTO ez_modules VALUES("25","module51","6");
INSERT INTO ez_modules VALUES("26","module61","6");
INSERT INTO ez_modules VALUES("27","module111","6");
INSERT INTO ez_modules VALUES("28","module211","6");
INSERT INTO ez_modules VALUES("29","module411","6");
INSERT INTO ez_modules VALUES("30","module511","6");
INSERT INTO ez_modules VALUES("31","module611","6");
INSERT INTO ez_modules VALUES("32","config_router","66");
INSERT INTO ez_modules VALUES("33","bgp_neighbour","66");
INSERT INTO ez_modules VALUES("34","neighbour","66");
INSERT INTO ez_modules VALUES("35","bgp_config","66");
INSERT INTO ez_modules VALUES("36","bgp1","66");
INSERT INTO ez_modules VALUES("37","ngp_bgp","66");
INSERT INTO ez_modules VALUES("38","config_mnf","66");
INSERT INTO ez_modules VALUES("39","ngp_config","66");
INSERT INTO ez_modules VALUES("40","config_vman","6");
INSERT INTO ez_modules VALUES("42","config_ip","6");
INSERT INTO ez_modules VALUES("47","config_mac","6");
INSERT INTO ez_modules VALUES("48","topology","6");
INSERT INTO ez_modules VALUES("49","Functionaltest","67");
INSERT INTO ez_modules VALUES("50","config_ip","67");
INSERT INTO ez_modules VALUES("57","Functionaltest","72");
INSERT INTO ez_modules VALUES("58","config_ip","72");
INSERT INTO ez_modules VALUES("59","Functionaltest","73");
INSERT INTO ez_modules VALUES("60","config_ip","73");



CREATE TABLE `ez_package_testcases` (
  `packageid` int(11) NOT NULL,
  `testcaseid` int(11) default NULL,
  `tc_id` varchar(45) default NULL,
  `sortorder` mediumint(6) NOT NULL
) ENGINE=MyISAM DEFAULT CHARSET=latin1;

INSERT INTO ez_package_testcases VALUES("3","74","11.tcl","0");
INSERT INTO ez_package_testcases VALUES("4","56","133.tcl","0");



CREATE TABLE `ez_packages` (
  `packageid` int(11) NOT NULL auto_increment,
  `packagename` varchar(45) default NULL,
  `description` text,
  `projectid` int(11) NOT NULL,
  `featureid` int(11) NOT NULL,
  `testtype` enum('Q','P','A') NOT NULL default 'A',
  `testplatform` varchar(255) NOT NULL,
  `status` enum('N','P','F','E') default 'N',
  `addedby` int(11) NOT NULL,
  PRIMARY KEY  (`packageid`)
) ENGINE=MyISAM AUTO_INCREMENT=5 DEFAULT CHARSET=latin1;

INSERT INTO ez_packages VALUES("4","test","some desc","6","0","A","","P","2");
INSERT INTO ez_packages VALUES("3","pkg1","for testing","63","0","A","","P","43");



CREATE TABLE `ez_projects` (
  `projectid` int(11) NOT NULL auto_increment,
  `project` varchar(45) NOT NULL,
  `descriptions` text,
  `startdate` date default NULL,
  `enddate` date default NULL,
  `bugzillaproductid` smallint(6) NOT NULL,
  `server` varchar(255) NOT NULL,
  `repository` varchar(255) NOT NULL,
  PRIMARY KEY  (`projectid`)
) ENGINE=MyISAM AUTO_INCREMENT=74 DEFAULT CHARSET=latin1;

INSERT INTO ez_projects VALUES("72","test2","sdf","2009-12-04","0000-00-00","0","192.168.1.148","pptauthor/testcases/rootpath");
INSERT INTO ez_projects VALUES("63","raddtv","raddtv desc","2009-11-04","0000-00-00","0","192.168.1.148","pptauthor/testcases/rootpath");
INSERT INTO ez_projects VALUES("6","EzTest","EzTest Desc","2006-11-01","0000-00-00","1","192.168.1.148","pptauthor/testcases/rootpath");
INSERT INTO ez_projects VALUES("73","test3","sdf","2009-12-04","0000-00-00","0","192.168.1.148","pptauthor/testcases/rootpath");
INSERT INTO ez_projects VALUES("68","ngintech","sdf","2009-11-03","2010-03-31","0","192.168.1.148","pptauthor/testcases/rootpath");
INSERT INTO ez_projects VALUES("66","stmi","Test","2009-11-04","0000-00-00","1","192.168.1.148","pptauthor/testcases/rootpath");
INSERT INTO ez_projects VALUES("67","Wednesday","New Project created for testing","2009-11-04","0000-00-00","0","192.168.1.148","pptauthor/testcases/rootpath");



CREATE TABLE `ez_promember` (
  `userid` int(11) NOT NULL,
  `projectid` int(11) NOT NULL
) ENGINE=MyISAM DEFAULT CHARSET=latin1;

INSERT INTO ez_promember VALUES("56","67");
INSERT INTO ez_promember VALUES("55","6");
INSERT INTO ez_promember VALUES("56","6");
INSERT INTO ez_promember VALUES("46","66");
INSERT INTO ez_promember VALUES("43","66");
INSERT INTO ez_promember VALUES("46","63");
INSERT INTO ez_promember VALUES("54","66");
INSERT INTO ez_promember VALUES("44","63");
INSERT INTO ez_promember VALUES("3","73");
INSERT INTO ez_promember VALUES("2","67");
INSERT INTO ez_promember VALUES("48","68");
INSERT INTO ez_promember VALUES("2","73");
INSERT INTO ez_promember VALUES("43","68");
INSERT INTO ez_promember VALUES("2","68");
INSERT INTO ez_promember VALUES("3","72");
INSERT INTO ez_promember VALUES("3","68");
INSERT INTO ez_promember VALUES("43","6");
INSERT INTO ez_promember VALUES("2","6");
INSERT INTO ez_promember VALUES("3","67");
INSERT INTO ez_promember VALUES("3","6");
INSERT INTO ez_promember VALUES("48","66");



CREATE TABLE `ez_settings` (
  `smtphost` varchar(255) default NULL,
  `smtpusername` varchar(255) default NULL,
  `smtppassword` varchar(255) default NULL,
  `bugzillaurl` varchar(255) default NULL,
  `bdbuser` varchar(128) NOT NULL,
  `bdbpass` varchar(128) NOT NULL,
  `bdbhost` varchar(255) NOT NULL,
  `bdbname` varchar(255) NOT NULL,
  `encryption` varchar(45) NOT NULL,
  `port` varchar(45) NOT NULL,
  `backupweek` varchar(255) default NULL,
  `backuptime` time default NULL
) ENGINE=MyISAM DEFAULT CHARSET=latin1;

INSERT INTO ez_settings VALUES("smtp.gmail.com","eztest@ngintech.com","eztest123","http://192.168.1.148/bugzilla/","bugs","bugs123","localhost","bugs","SSL","465","Daily","15:45:00");



CREATE TABLE `ez_tagquery` (
  `queryid` int(11) NOT NULL auto_increment,
  `queryname` varchar(100) default NULL,
  `querytext` text,
  `querytype` enum('TT','LT') NOT NULL,
  PRIMARY KEY  (`queryid`)
) ENGINE=MyISAM AUTO_INCREMENT=2 DEFAULT CHARSET=latin1;

INSERT INTO ez_tagquery VALUES("1","test","[ACL || datasets || Functionaltest || rajesh || release2.0 || vman]","TT");



CREATE TABLE `ez_tags` (
  `tagid` int(11) NOT NULL auto_increment,
  `tagname` varchar(255) NOT NULL,
  `tagtype` enum('TT','LT') NOT NULL default 'TT' COMMENT 'tag type',
  UNIQUE KEY `tagid` (`tagid`)
) ENGINE=MyISAM AUTO_INCREMENT=30 DEFAULT CHARSET=latin1;

INSERT INTO ez_tags VALUES("1","Functionaltest","TT");
INSERT INTO ez_tags VALUES("2","ACL","TT");
INSERT INTO ez_tags VALUES("3","vman","TT");
INSERT INTO ez_tags VALUES("4","bug_1","LT");
INSERT INTO ez_tags VALUES("5","bug_2","LT");
INSERT INTO ez_tags VALUES("6","bug_3","LT");
INSERT INTO ez_tags VALUES("7","bug_4","LT");
INSERT INTO ez_tags VALUES("8","bug_5","LT");
INSERT INTO ez_tags VALUES("9","datasets","TT");
INSERT INTO ez_tags VALUES("10","release1.2","LT");
INSERT INTO ez_tags VALUES("11","release2.0","TT");
INSERT INTO ez_tags VALUES("12","rajesh","TT");
INSERT INTO ez_tags VALUES("13","testnewtag","TT");
INSERT INTO ez_tags VALUES("14","b","LT");
INSERT INTO ez_tags VALUES("15","testnewta","LT");
INSERT INTO ez_tags VALUES("16","testnewtagf","LT");
INSERT INTO ez_tags VALUES("17","testnew","TT");
INSERT INTO ez_tags VALUES("18","testnew1","LT");
INSERT INTO ez_tags VALUES("19","testnew123","TT");
INSERT INTO ez_tags VALUES("20","testnew1231","TT");
INSERT INTO ez_tags VALUES("21","testnew12312","TT");
INSERT INTO ez_tags VALUES("23","testnew1","TT");
INSERT INTO ez_tags VALUES("24","testnew111","TT");
INSERT INTO ez_tags VALUES("25","testnew111","LT");
INSERT INTO ez_tags VALUES("26","topology","TT");
INSERT INTO ez_tags VALUES("27","config_ip","TT");
INSERT INTO ez_tags VALUES("28","vman1","TT");
INSERT INTO ez_tags VALUES("29","module21","TT");



CREATE TABLE `ez_tags_logs` (
  `tagid` int(11) NOT NULL,
  `tagname` varchar(255) NOT NULL,
  `analysisid` int(11) NOT NULL,
  `testcaseid` int(11) NOT NULL,
  KEY `tagname` (`tagname`)
) ENGINE=MyISAM DEFAULT CHARSET=latin1;

INSERT INTO ez_tags_logs VALUES("4","bug_1","27","17");
INSERT INTO ez_tags_logs VALUES("5","bug_2","27","17");
INSERT INTO ez_tags_logs VALUES("4","bug_1","26","20");
INSERT INTO ez_tags_logs VALUES("5","bug_2","26","20");
INSERT INTO ez_tags_logs VALUES("10","release1.2","109","74");
INSERT INTO ez_tags_logs VALUES("6","bug_3","27","17");
INSERT INTO ez_tags_logs VALUES("7","bug_4","27","17");
INSERT INTO ez_tags_logs VALUES("8","bug_5","27","17");
INSERT INTO ez_tags_logs VALUES("10","release1.2","27","17");
INSERT INTO ez_tags_logs VALUES("4","bug_1","262","15");
INSERT INTO ez_tags_logs VALUES("5","bug_2","262","15");
INSERT INTO ez_tags_logs VALUES("6","bug_3","262","15");
INSERT INTO ez_tags_logs VALUES("7","bug_4","262","15");
INSERT INTO ez_tags_logs VALUES("8","bug_5","262","15");
INSERT INTO ez_tags_logs VALUES("10","release1.2","262","15");



CREATE TABLE `ez_tags_testcase` (
  `tagid` int(11) NOT NULL,
  `tagname` varchar(255) NOT NULL,
  `testcaseid` int(11) NOT NULL,
  KEY `tagname` (`tagname`)
) ENGINE=MyISAM DEFAULT CHARSET=latin1;

INSERT INTO ez_tags_testcase VALUES("1","Functionaltest","1");
INSERT INTO ez_tags_testcase VALUES("2","ACL","1");
INSERT INTO ez_tags_testcase VALUES("1","Functionaltest","2");
INSERT INTO ez_tags_testcase VALUES("2","ACL","2");
INSERT INTO ez_tags_testcase VALUES("1","Functionaltest","3");
INSERT INTO ez_tags_testcase VALUES("2","ACL","3");
INSERT INTO ez_tags_testcase VALUES("1","Functionaltest","4");
INSERT INTO ez_tags_testcase VALUES("2","ACL","4");
INSERT INTO ez_tags_testcase VALUES("1","Functionaltest","5");
INSERT INTO ez_tags_testcase VALUES("2","ACL","5");
INSERT INTO ez_tags_testcase VALUES("1","Functionaltest","6");
INSERT INTO ez_tags_testcase VALUES("2","ACL","6");
INSERT INTO ez_tags_testcase VALUES("1","Functionaltest","7");
INSERT INTO ez_tags_testcase VALUES("2","ACL","7");
INSERT INTO ez_tags_testcase VALUES("1","Functionaltest","8");
INSERT INTO ez_tags_testcase VALUES("2","ACL","8");
INSERT INTO ez_tags_testcase VALUES("1","Functionaltest","9");
INSERT INTO ez_tags_testcase VALUES("2","ACL","9");
INSERT INTO ez_tags_testcase VALUES("1","Functionaltest","10");
INSERT INTO ez_tags_testcase VALUES("2","ACL","10");
INSERT INTO ez_tags_testcase VALUES("1","Functionaltest","11");
INSERT INTO ez_tags_testcase VALUES("2","ACL","11");
INSERT INTO ez_tags_testcase VALUES("1","Functionaltest","12");
INSERT INTO ez_tags_testcase VALUES("2","ACL","12");
INSERT INTO ez_tags_testcase VALUES("1","Functionaltest","13");
INSERT INTO ez_tags_testcase VALUES("2","ACL","13");
INSERT INTO ez_tags_testcase VALUES("1","Functionaltest","15");
INSERT INTO ez_tags_testcase VALUES("2","ACL","15");
INSERT INTO ez_tags_testcase VALUES("1","Functionaltest","16");
INSERT INTO ez_tags_testcase VALUES("2","ACL","16");
INSERT INTO ez_tags_testcase VALUES("1","Functionaltest","17");
INSERT INTO ez_tags_testcase VALUES("2","ACL","17");
INSERT INTO ez_tags_testcase VALUES("1","Functionaltest","18");
INSERT INTO ez_tags_testcase VALUES("2","ACL","18");
INSERT INTO ez_tags_testcase VALUES("1","Functionaltest","19");
INSERT INTO ez_tags_testcase VALUES("2","ACL","19");
INSERT INTO ez_tags_testcase VALUES("1","Functionaltest","20");
INSERT INTO ez_tags_testcase VALUES("1","Functionaltest","21");
INSERT INTO ez_tags_testcase VALUES("2","ACL","21");
INSERT INTO ez_tags_testcase VALUES("1","Functionaltest","22");
INSERT INTO ez_tags_testcase VALUES("3","vman","22");
INSERT INTO ez_tags_testcase VALUES("1","Functionaltest","23");
INSERT INTO ez_tags_testcase VALUES("3","vman","23");
INSERT INTO ez_tags_testcase VALUES("1","Functionaltest","24");
INSERT INTO ez_tags_testcase VALUES("3","vman","24");
INSERT INTO ez_tags_testcase VALUES("1","Functionaltest","25");
INSERT INTO ez_tags_testcase VALUES("3","vman","25");
INSERT INTO ez_tags_testcase VALUES("1","Functionaltest","26");
INSERT INTO ez_tags_testcase VALUES("3","vman","26");
INSERT INTO ez_tags_testcase VALUES("1","Functionaltest","27");
INSERT INTO ez_tags_testcase VALUES("3","vman","27");
INSERT INTO ez_tags_testcase VALUES("1","Functionaltest","28");
INSERT INTO ez_tags_testcase VALUES("3","vman","28");
INSERT INTO ez_tags_testcase VALUES("1","Functionaltest","29");
INSERT INTO ez_tags_testcase VALUES("3","vman","29");
INSERT INTO ez_tags_testcase VALUES("1","Functionaltest","30");
INSERT INTO ez_tags_testcase VALUES("3","vman","30");
INSERT INTO ez_tags_testcase VALUES("1","Functionaltest","31");
INSERT INTO ez_tags_testcase VALUES("3","vman","31");
INSERT INTO ez_tags_testcase VALUES("1","Functionaltest","32");
INSERT INTO ez_tags_testcase VALUES("3","vman","32");
INSERT INTO ez_tags_testcase VALUES("1","Functionaltest","33");
INSERT INTO ez_tags_testcase VALUES("3","vman","33");
INSERT INTO ez_tags_testcase VALUES("1","Functionaltest","34");
INSERT INTO ez_tags_testcase VALUES("3","vman","34");
INSERT INTO ez_tags_testcase VALUES("1","Functionaltest","35");
INSERT INTO ez_tags_testcase VALUES("3","vman","35");
INSERT INTO ez_tags_testcase VALUES("1","Functionaltest","36");
INSERT INTO ez_tags_testcase VALUES("3","vman","36");
INSERT INTO ez_tags_testcase VALUES("1","Functionaltest","37");
INSERT INTO ez_tags_testcase VALUES("3","vman","37");
INSERT INTO ez_tags_testcase VALUES("1","Functionaltest","38");
INSERT INTO ez_tags_testcase VALUES("2","ACL","38");
INSERT INTO ez_tags_testcase VALUES("1","Functionaltest","57");
INSERT INTO ez_tags_testcase VALUES("2","ACL","57");
INSERT INTO ez_tags_testcase VALUES("1","Functionaltest","58");
INSERT INTO ez_tags_testcase VALUES("2","ACL","58");
INSERT INTO ez_tags_testcase VALUES("1","Functionaltest","59");
INSERT INTO ez_tags_testcase VALUES("2","ACL","59");
INSERT INTO ez_tags_testcase VALUES("1","Functionaltest","60");
INSERT INTO ez_tags_testcase VALUES("2","ACL","60");
INSERT INTO ez_tags_testcase VALUES("1","Functionaltest","61");
INSERT INTO ez_tags_testcase VALUES("2","ACL","61");
INSERT INTO ez_tags_testcase VALUES("1","Functionaltest","62");
INSERT INTO ez_tags_testcase VALUES("2","ACL","62");
INSERT INTO ez_tags_testcase VALUES("1","Functionaltest","63");
INSERT INTO ez_tags_testcase VALUES("2","ACL","63");
INSERT INTO ez_tags_testcase VALUES("1","Functionaltest","64");
INSERT INTO ez_tags_testcase VALUES("2","ACL","64");
INSERT INTO ez_tags_testcase VALUES("1","Functionaltest","65");
INSERT INTO ez_tags_testcase VALUES("2","ACL","65");
INSERT INTO ez_tags_testcase VALUES("1","Functionaltest","66");
INSERT INTO ez_tags_testcase VALUES("2","ACL","66");
INSERT INTO ez_tags_testcase VALUES("1","Functionaltest","67");
INSERT INTO ez_tags_testcase VALUES("2","ACL","67");
INSERT INTO ez_tags_testcase VALUES("1","Functionaltest","68");
INSERT INTO ez_tags_testcase VALUES("2","ACL","68");
INSERT INTO ez_tags_testcase VALUES("1","Functionaltest","69");
INSERT INTO ez_tags_testcase VALUES("2","ACL","69");
INSERT INTO ez_tags_testcase VALUES("1","Functionaltest","70");
INSERT INTO ez_tags_testcase VALUES("2","ACL","70");
INSERT INTO ez_tags_testcase VALUES("1","Functionaltest","71");
INSERT INTO ez_tags_testcase VALUES("2","ACL","71");
INSERT INTO ez_tags_testcase VALUES("1","Functionaltest","72");
INSERT INTO ez_tags_testcase VALUES("2","ACL","72");
INSERT INTO ez_tags_testcase VALUES("1","Functionaltest","73");
INSERT INTO ez_tags_testcase VALUES("2","ACL","73");
INSERT INTO ez_tags_testcase VALUES("1","Functionaltest","74");
INSERT INTO ez_tags_testcase VALUES("2","ACL","74");
INSERT INTO ez_tags_testcase VALUES("1","Functionaltest","75");
INSERT INTO ez_tags_testcase VALUES("2","ACL","75");
INSERT INTO ez_tags_testcase VALUES("1","Functionaltest","76");
INSERT INTO ez_tags_testcase VALUES("2","ACL","76");
INSERT INTO ez_tags_testcase VALUES("1","Functionaltest","77");
INSERT INTO ez_tags_testcase VALUES("2","ACL","77");
INSERT INTO ez_tags_testcase VALUES("1","Functionaltest","78");
INSERT INTO ez_tags_testcase VALUES("2","ACL","78");
INSERT INTO ez_tags_testcase VALUES("1","Functionaltest","79");
INSERT INTO ez_tags_testcase VALUES("2","ACL","79");
INSERT INTO ez_tags_testcase VALUES("1","Functionaltest","80");
INSERT INTO ez_tags_testcase VALUES("2","ACL","80");
INSERT INTO ez_tags_testcase VALUES("1","Functionaltest","81");
INSERT INTO ez_tags_testcase VALUES("2","ACL","81");
INSERT INTO ez_tags_testcase VALUES("1","Functionaltest","82");
INSERT INTO ez_tags_testcase VALUES("2","ACL","82");
INSERT INTO ez_tags_testcase VALUES("1","Functionaltest","83");
INSERT INTO ez_tags_testcase VALUES("2","ACL","83");
INSERT INTO ez_tags_testcase VALUES("1","Functionaltest","84");
INSERT INTO ez_tags_testcase VALUES("2","ACL","84");
INSERT INTO ez_tags_testcase VALUES("1","Functionaltest","85");
INSERT INTO ez_tags_testcase VALUES("2","ACL","85");
INSERT INTO ez_tags_testcase VALUES("1","Functionaltest","86");
INSERT INTO ez_tags_testcase VALUES("2","ACL","86");
INSERT INTO ez_tags_testcase VALUES("1","Functionaltest","87");
INSERT INTO ez_tags_testcase VALUES("3","vman","87");
INSERT INTO ez_tags_testcase VALUES("1","Functionaltest","88");
INSERT INTO ez_tags_testcase VALUES("3","vman","88");
INSERT INTO ez_tags_testcase VALUES("1","Functionaltest","89");
INSERT INTO ez_tags_testcase VALUES("3","vman","89");
INSERT INTO ez_tags_testcase VALUES("1","Functionaltest","90");
INSERT INTO ez_tags_testcase VALUES("3","vman","90");
INSERT INTO ez_tags_testcase VALUES("1","Functionaltest","91");
INSERT INTO ez_tags_testcase VALUES("3","vman","91");
INSERT INTO ez_tags_testcase VALUES("1","Functionaltest","92");
INSERT INTO ez_tags_testcase VALUES("3","vman","92");
INSERT INTO ez_tags_testcase VALUES("1","Functionaltest","93");
INSERT INTO ez_tags_testcase VALUES("3","vman","93");
INSERT INTO ez_tags_testcase VALUES("1","Functionaltest","94");
INSERT INTO ez_tags_testcase VALUES("3","vman","94");
INSERT INTO ez_tags_testcase VALUES("1","Functionaltest","95");
INSERT INTO ez_tags_testcase VALUES("3","vman","95");
INSERT INTO ez_tags_testcase VALUES("1","Functionaltest","96");
INSERT INTO ez_tags_testcase VALUES("3","vman","96");
INSERT INTO ez_tags_testcase VALUES("1","Functionaltest","97");
INSERT INTO ez_tags_testcase VALUES("3","vman","97");
INSERT INTO ez_tags_testcase VALUES("1","Functionaltest","98");
INSERT INTO ez_tags_testcase VALUES("3","vman","98");
INSERT INTO ez_tags_testcase VALUES("1","Functionaltest","99");
INSERT INTO ez_tags_testcase VALUES("3","vman","99");
INSERT INTO ez_tags_testcase VALUES("1","Functionaltest","100");
INSERT INTO ez_tags_testcase VALUES("3","vman","100");
INSERT INTO ez_tags_testcase VALUES("1","Functionaltest","101");
INSERT INTO ez_tags_testcase VALUES("3","vman","101");
INSERT INTO ez_tags_testcase VALUES("1","Functionaltest","102");
INSERT INTO ez_tags_testcase VALUES("3","vman","102");
INSERT INTO ez_tags_testcase VALUES("1","Functionaltest","106");
INSERT INTO ez_tags_testcase VALUES("2","ACL","106");
INSERT INTO ez_tags_testcase VALUES("1","Functionaltest","107");
INSERT INTO ez_tags_testcase VALUES("2","ACL","107");
INSERT INTO ez_tags_testcase VALUES("1","Functionaltest","108");
INSERT INTO ez_tags_testcase VALUES("2","ACL","108");
INSERT INTO ez_tags_testcase VALUES("1","Functionaltest","109");
INSERT INTO ez_tags_testcase VALUES("2","ACL","109");
INSERT INTO ez_tags_testcase VALUES("1","Functionaltest","110");
INSERT INTO ez_tags_testcase VALUES("2","ACL","110");
INSERT INTO ez_tags_testcase VALUES("1","Functionaltest","111");
INSERT INTO ez_tags_testcase VALUES("2","ACL","111");
INSERT INTO ez_tags_testcase VALUES("1","Functionaltest","112");
INSERT INTO ez_tags_testcase VALUES("2","ACL","112");
INSERT INTO ez_tags_testcase VALUES("1","Functionaltest","113");
INSERT INTO ez_tags_testcase VALUES("2","ACL","113");
INSERT INTO ez_tags_testcase VALUES("1","Functionaltest","114");
INSERT INTO ez_tags_testcase VALUES("2","ACL","114");
INSERT INTO ez_tags_testcase VALUES("1","Functionaltest","115");
INSERT INTO ez_tags_testcase VALUES("2","ACL","115");
INSERT INTO ez_tags_testcase VALUES("1","Functionaltest","116");
INSERT INTO ez_tags_testcase VALUES("2","ACL","116");
INSERT INTO ez_tags_testcase VALUES("1","Functionaltest","117");
INSERT INTO ez_tags_testcase VALUES("2","ACL","117");
INSERT INTO ez_tags_testcase VALUES("1","Functionaltest","118");
INSERT INTO ez_tags_testcase VALUES("2","ACL","118");
INSERT INTO ez_tags_testcase VALUES("1","Functionaltest","119");
INSERT INTO ez_tags_testcase VALUES("2","ACL","119");
INSERT INTO ez_tags_testcase VALUES("1","Functionaltest","120");
INSERT INTO ez_tags_testcase VALUES("2","ACL","120");
INSERT INTO ez_tags_testcase VALUES("1","Functionaltest","121");
INSERT INTO ez_tags_testcase VALUES("2","ACL","121");
INSERT INTO ez_tags_testcase VALUES("1","Functionaltest","122");
INSERT INTO ez_tags_testcase VALUES("2","ACL","122");
INSERT INTO ez_tags_testcase VALUES("1","Functionaltest","123");
INSERT INTO ez_tags_testcase VALUES("2","ACL","123");
INSERT INTO ez_tags_testcase VALUES("1","Functionaltest","124");
INSERT INTO ez_tags_testcase VALUES("2","ACL","124");
INSERT INTO ez_tags_testcase VALUES("1","Functionaltest","125");
INSERT INTO ez_tags_testcase VALUES("2","ACL","125");
INSERT INTO ez_tags_testcase VALUES("1","Functionaltest","126");
INSERT INTO ez_tags_testcase VALUES("2","ACL","126");
INSERT INTO ez_tags_testcase VALUES("1","Functionaltest","127");
INSERT INTO ez_tags_testcase VALUES("2","ACL","127");
INSERT INTO ez_tags_testcase VALUES("1","Functionaltest","128");
INSERT INTO ez_tags_testcase VALUES("2","ACL","128");
INSERT INTO ez_tags_testcase VALUES("1","Functionaltest","129");
INSERT INTO ez_tags_testcase VALUES("2","ACL","129");
INSERT INTO ez_tags_testcase VALUES("1","Functionaltest","130");
INSERT INTO ez_tags_testcase VALUES("2","ACL","130");
INSERT INTO ez_tags_testcase VALUES("1","Functionaltest","131");
INSERT INTO ez_tags_testcase VALUES("2","ACL","131");
INSERT INTO ez_tags_testcase VALUES("1","Functionaltest","132");
INSERT INTO ez_tags_testcase VALUES("3","vman","132");
INSERT INTO ez_tags_testcase VALUES("1","Functionaltest","133");
INSERT INTO ez_tags_testcase VALUES("3","vman","133");
INSERT INTO ez_tags_testcase VALUES("1","Functionaltest","134");
INSERT INTO ez_tags_testcase VALUES("3","vman","134");
INSERT INTO ez_tags_testcase VALUES("1","Functionaltest","135");
INSERT INTO ez_tags_testcase VALUES("3","vman","135");
INSERT INTO ez_tags_testcase VALUES("1","Functionaltest","136");
INSERT INTO ez_tags_testcase VALUES("3","vman","136");
INSERT INTO ez_tags_testcase VALUES("1","Functionaltest","137");
INSERT INTO ez_tags_testcase VALUES("3","vman","137");
INSERT INTO ez_tags_testcase VALUES("1","Functionaltest","138");
INSERT INTO ez_tags_testcase VALUES("3","vman","138");
INSERT INTO ez_tags_testcase VALUES("1","Functionaltest","139");
INSERT INTO ez_tags_testcase VALUES("3","vman","139");
INSERT INTO ez_tags_testcase VALUES("1","Functionaltest","140");
INSERT INTO ez_tags_testcase VALUES("3","vman","140");
INSERT INTO ez_tags_testcase VALUES("1","Functionaltest","141");
INSERT INTO ez_tags_testcase VALUES("3","vman","141");
INSERT INTO ez_tags_testcase VALUES("1","Functionaltest","142");
INSERT INTO ez_tags_testcase VALUES("3","vman","142");
INSERT INTO ez_tags_testcase VALUES("1","Functionaltest","143");
INSERT INTO ez_tags_testcase VALUES("3","vman","143");
INSERT INTO ez_tags_testcase VALUES("1","Functionaltest","144");
INSERT INTO ez_tags_testcase VALUES("3","vman","144");
INSERT INTO ez_tags_testcase VALUES("1","Functionaltest","145");
INSERT INTO ez_tags_testcase VALUES("3","vman","145");
INSERT INTO ez_tags_testcase VALUES("1","Functionaltest","146");
INSERT INTO ez_tags_testcase VALUES("3","vman","146");
INSERT INTO ez_tags_testcase VALUES("1","Functionaltest","147");
INSERT INTO ez_tags_testcase VALUES("3","vman","147");
INSERT INTO ez_tags_testcase VALUES("11","release2.0","148");
INSERT INTO ez_tags_testcase VALUES("1","Functionaltest","247");
INSERT INTO ez_tags_testcase VALUES("2","ACL","247");
INSERT INTO ez_tags_testcase VALUES("9","datasets","247");
INSERT INTO ez_tags_testcase VALUES("12","rajesh","247");
INSERT INTO ez_tags_testcase VALUES("1","Functionaltest","0");
INSERT INTO ez_tags_testcase VALUES("2","ACL","0");
INSERT INTO ez_tags_testcase VALUES("9","datasets","0");
INSERT INTO ez_tags_testcase VALUES("12","rajesh","0");
INSERT INTO ez_tags_testcase VALUES("3","vman","247");
INSERT INTO ez_tags_testcase VALUES("11","release2.0","247");
INSERT INTO ez_tags_testcase VALUES("3","vman","0");
INSERT INTO ez_tags_testcase VALUES("11","release2.0","0");
INSERT INTO ez_tags_testcase VALUES("20","testnew1231","248");
INSERT INTO ez_tags_testcase VALUES("19","testnew123","248");
INSERT INTO ez_tags_testcase VALUES("13","testnewtag","42");
INSERT INTO ez_tags_testcase VALUES("13","testnewtag","41");
INSERT INTO ez_tags_testcase VALUES("13","testnewtag","0");
INSERT INTO ez_tags_testcase VALUES("24","testnew111","248");
INSERT INTO ez_tags_testcase VALUES("19","testnew123","0");
INSERT INTO ez_tags_testcase VALUES("11","release2.0","248");
INSERT INTO ez_tags_testcase VALUES("24","testnew111","247");
INSERT INTO ez_tags_testcase VALUES("12","rajesh","248");
INSERT INTO ez_tags_testcase VALUES("13","testnewtag","247");
INSERT INTO ez_tags_testcase VALUES("19","testnew123","247");
INSERT INTO ez_tags_testcase VALUES("20","testnew1231","247");
INSERT INTO ez_tags_testcase VALUES("1","Functionaltest","248");
INSERT INTO ez_tags_testcase VALUES("9","datasets","248");
INSERT INTO ez_tags_testcase VALUES("2","ACL","248");
INSERT INTO ez_tags_testcase VALUES("19","testnew123","154");
INSERT INTO ez_tags_testcase VALUES("20","testnew1231","154");
INSERT INTO ez_tags_testcase VALUES("21","testnew12312","154");
INSERT INTO ez_tags_testcase VALUES("19","testnew123","155");
INSERT INTO ez_tags_testcase VALUES("20","testnew1231","155");
INSERT INTO ez_tags_testcase VALUES("21","testnew12312","155");
INSERT INTO ez_tags_testcase VALUES("19","testnew123","156");
INSERT INTO ez_tags_testcase VALUES("20","testnew1231","156");
INSERT INTO ez_tags_testcase VALUES("21","testnew12312","156");
INSERT INTO ez_tags_testcase VALUES("19","testnew123","157");
INSERT INTO ez_tags_testcase VALUES("20","testnew1231","157");
INSERT INTO ez_tags_testcase VALUES("21","testnew12312","157");
INSERT INTO ez_tags_testcase VALUES("19","testnew123","159");
INSERT INTO ez_tags_testcase VALUES("20","testnew1231","159");
INSERT INTO ez_tags_testcase VALUES("21","testnew12312","159");
INSERT INTO ez_tags_testcase VALUES("19","testnew123","26");
INSERT INTO ez_tags_testcase VALUES("20","testnew1231","26");
INSERT INTO ez_tags_testcase VALUES("21","testnew12312","26");
INSERT INTO ez_tags_testcase VALUES("19","testnew123","28");
INSERT INTO ez_tags_testcase VALUES("20","testnew1231","28");
INSERT INTO ez_tags_testcase VALUES("21","testnew12312","28");
INSERT INTO ez_tags_testcase VALUES("19","testnew123","25");
INSERT INTO ez_tags_testcase VALUES("20","testnew1231","25");
INSERT INTO ez_tags_testcase VALUES("21","testnew12312","25");
INSERT INTO ez_tags_testcase VALUES("17","testnew","158");
INSERT INTO ez_tags_testcase VALUES("19","testnew123","158");
INSERT INTO ez_tags_testcase VALUES("20","testnew1231","158");
INSERT INTO ez_tags_testcase VALUES("21","testnew12312","158");
INSERT INTO ez_tags_testcase VALUES("23","testnew1","158");
INSERT INTO ez_tags_testcase VALUES("24","testnew111","158");
INSERT INTO ez_tags_testcase VALUES("17","testnew","40");
INSERT INTO ez_tags_testcase VALUES("19","testnew123","40");
INSERT INTO ez_tags_testcase VALUES("20","testnew1231","40");
INSERT INTO ez_tags_testcase VALUES("21","testnew12312","40");
INSERT INTO ez_tags_testcase VALUES("23","testnew1","40");
INSERT INTO ez_tags_testcase VALUES("24","testnew111","40");
INSERT INTO ez_tags_testcase VALUES("17","testnew","32");
INSERT INTO ez_tags_testcase VALUES("19","testnew123","32");
INSERT INTO ez_tags_testcase VALUES("20","testnew1231","32");
INSERT INTO ez_tags_testcase VALUES("21","testnew12312","32");
INSERT INTO ez_tags_testcase VALUES("23","testnew1","32");
INSERT INTO ez_tags_testcase VALUES("24","testnew111","32");
INSERT INTO ez_tags_testcase VALUES("17","testnew","31");
INSERT INTO ez_tags_testcase VALUES("19","testnew123","31");
INSERT INTO ez_tags_testcase VALUES("20","testnew1231","31");
INSERT INTO ez_tags_testcase VALUES("21","testnew12312","31");
INSERT INTO ez_tags_testcase VALUES("23","testnew1","31");
INSERT INTO ez_tags_testcase VALUES("24","testnew111","31");
INSERT INTO ez_tags_testcase VALUES("17","testnew","35");
INSERT INTO ez_tags_testcase VALUES("19","testnew123","35");
INSERT INTO ez_tags_testcase VALUES("20","testnew1231","35");
INSERT INTO ez_tags_testcase VALUES("21","testnew12312","35");
INSERT INTO ez_tags_testcase VALUES("23","testnew1","35");
INSERT INTO ez_tags_testcase VALUES("24","testnew111","35");
INSERT INTO ez_tags_testcase VALUES("23","testnew1","43");
INSERT INTO ez_tags_testcase VALUES("23","testnew1","26");
INSERT INTO ez_tags_testcase VALUES("11","release2.0","43");
INSERT INTO ez_tags_testcase VALUES("12","rajesh","43");
INSERT INTO ez_tags_testcase VALUES("1","Functionaltest","43");
INSERT INTO ez_tags_testcase VALUES("9","datasets","43");
INSERT INTO ez_tags_testcase VALUES("9","datasets","20");
INSERT INTO ez_tags_testcase VALUES("2","ACL","20");
INSERT INTO ez_tags_testcase VALUES("9","datasets","17");
INSERT INTO ez_tags_testcase VALUES("12","rajesh","17");
INSERT INTO ez_tags_testcase VALUES("1","Functionaltest","42");
INSERT INTO ez_tags_testcase VALUES("9","datasets","42");
INSERT INTO ez_tags_testcase VALUES("12","rajesh","42");
INSERT INTO ez_tags_testcase VALUES("1","Functionaltest","41");
INSERT INTO ez_tags_testcase VALUES("9","datasets","41");
INSERT INTO ez_tags_testcase VALUES("12","rajesh","41");
INSERT INTO ez_tags_testcase VALUES("9","datasets","2");
INSERT INTO ez_tags_testcase VALUES("12","rajesh","2");
INSERT INTO ez_tags_testcase VALUES("1","Functionaltest","56");
INSERT INTO ez_tags_testcase VALUES("9","datasets","56");
INSERT INTO ez_tags_testcase VALUES("12","rajesh","56");
INSERT INTO ez_tags_testcase VALUES("9","datasets","1");
INSERT INTO ez_tags_testcase VALUES("12","rajesh","1");
INSERT INTO ez_tags_testcase VALUES("9","datasets","5");
INSERT INTO ez_tags_testcase VALUES("12","rajesh","5");
INSERT INTO ez_tags_testcase VALUES("9","datasets","9");
INSERT INTO ez_tags_testcase VALUES("12","rajesh","9");
INSERT INTO ez_tags_testcase VALUES("1","Functionaltest","244");
INSERT INTO ez_tags_testcase VALUES("9","datasets","244");
INSERT INTO ez_tags_testcase VALUES("12","rajesh","244");
INSERT INTO ez_tags_testcase VALUES("9","datasets","15");
INSERT INTO ez_tags_testcase VALUES("12","rajesh","15");
INSERT INTO ez_tags_testcase VALUES("1","Functionaltest","149");
INSERT INTO ez_tags_testcase VALUES("9","datasets","149");
INSERT INTO ez_tags_testcase VALUES("12","rajesh","149");
INSERT INTO ez_tags_testcase VALUES("1","Functionaltest","148");
INSERT INTO ez_tags_testcase VALUES("9","datasets","148");
INSERT INTO ez_tags_testcase VALUES("12","rajesh","148");
INSERT INTO ez_tags_testcase VALUES("1","Functionaltest","154");
INSERT INTO ez_tags_testcase VALUES("9","datasets","154");
INSERT INTO ez_tags_testcase VALUES("12","rajesh","154");
INSERT INTO ez_tags_testcase VALUES("1","Functionaltest","155");
INSERT INTO ez_tags_testcase VALUES("9","datasets","155");
INSERT INTO ez_tags_testcase VALUES("12","rajesh","155");
INSERT INTO ez_tags_testcase VALUES("1","Functionaltest","158");
INSERT INTO ez_tags_testcase VALUES("9","datasets","158");
INSERT INTO ez_tags_testcase VALUES("12","rajesh","158");
INSERT INTO ez_tags_testcase VALUES("1","Functionaltest","156");
INSERT INTO ez_tags_testcase VALUES("9","datasets","156");
INSERT INTO ez_tags_testcase VALUES("12","rajesh","156");
INSERT INTO ez_tags_testcase VALUES("1","Functionaltest","157");
INSERT INTO ez_tags_testcase VALUES("9","datasets","157");
INSERT INTO ez_tags_testcase VALUES("12","rajesh","157");
INSERT INTO ez_tags_testcase VALUES("1","Functionaltest","159");
INSERT INTO ez_tags_testcase VALUES("9","datasets","159");
INSERT INTO ez_tags_testcase VALUES("12","rajesh","159");
INSERT INTO ez_tags_testcase VALUES("9","datasets","4");
INSERT INTO ez_tags_testcase VALUES("12","rajesh","4");
INSERT INTO ez_tags_testcase VALUES("9","datasets","19");
INSERT INTO ez_tags_testcase VALUES("12","rajesh","19");
INSERT INTO ez_tags_testcase VALUES("9","datasets","38");
INSERT INTO ez_tags_testcase VALUES("12","rajesh","38");
INSERT INTO ez_tags_testcase VALUES("9","datasets","11");
INSERT INTO ez_tags_testcase VALUES("12","rajesh","11");
INSERT INTO ez_tags_testcase VALUES("9","datasets","10");
INSERT INTO ez_tags_testcase VALUES("12","rajesh","10");
INSERT INTO ez_tags_testcase VALUES("9","datasets","8");
INSERT INTO ez_tags_testcase VALUES("12","rajesh","8");
INSERT INTO ez_tags_testcase VALUES("9","datasets","3");
INSERT INTO ez_tags_testcase VALUES("12","rajesh","3");
INSERT INTO ez_tags_testcase VALUES("9","datasets","13");
INSERT INTO ez_tags_testcase VALUES("12","rajesh","13");
INSERT INTO ez_tags_testcase VALUES("9","datasets","21");
INSERT INTO ez_tags_testcase VALUES("12","rajesh","21");
INSERT INTO ez_tags_testcase VALUES("9","datasets","16");
INSERT INTO ez_tags_testcase VALUES("12","rajesh","16");
INSERT INTO ez_tags_testcase VALUES("9","datasets","7");
INSERT INTO ez_tags_testcase VALUES("12","rajesh","7");
INSERT INTO ez_tags_testcase VALUES("9","datasets","6");
INSERT INTO ez_tags_testcase VALUES("12","rajesh","6");
INSERT INTO ez_tags_testcase VALUES("9","datasets","18");
INSERT INTO ez_tags_testcase VALUES("12","rajesh","18");
INSERT INTO ez_tags_testcase VALUES("9","datasets","12");
INSERT INTO ez_tags_testcase VALUES("12","rajesh","12");
INSERT INTO ez_tags_testcase VALUES("1","Functionaltest","40");
INSERT INTO ez_tags_testcase VALUES("9","datasets","40");
INSERT INTO ez_tags_testcase VALUES("12","rajesh","40");
INSERT INTO ez_tags_testcase VALUES("2","ACL","192");
INSERT INTO ez_tags_testcase VALUES("2","ACL","182");
INSERT INTO ez_tags_testcase VALUES("2","ACL","193");
INSERT INTO ez_tags_testcase VALUES("2","ACL","188");
INSERT INTO ez_tags_testcase VALUES("2","ACL","189");
INSERT INTO ez_tags_testcase VALUES("2","ACL","185");
INSERT INTO ez_tags_testcase VALUES("2","ACL","184");
INSERT INTO ez_tags_testcase VALUES("1","Functionaltest","192");
INSERT INTO ez_tags_testcase VALUES("9","datasets","192");
INSERT INTO ez_tags_testcase VALUES("11","release2.0","192");
INSERT INTO ez_tags_testcase VALUES("12","rajesh","192");
INSERT INTO ez_tags_testcase VALUES("1","Functionaltest","182");
INSERT INTO ez_tags_testcase VALUES("9","datasets","182");
INSERT INTO ez_tags_testcase VALUES("11","release2.0","182");
INSERT INTO ez_tags_testcase VALUES("12","rajesh","182");
INSERT INTO ez_tags_testcase VALUES("1","Functionaltest","193");
INSERT INTO ez_tags_testcase VALUES("9","datasets","193");
INSERT INTO ez_tags_testcase VALUES("11","release2.0","193");
INSERT INTO ez_tags_testcase VALUES("12","rajesh","193");
INSERT INTO ez_tags_testcase VALUES("1","Functionaltest","188");
INSERT INTO ez_tags_testcase VALUES("9","datasets","188");
INSERT INTO ez_tags_testcase VALUES("11","release2.0","188");
INSERT INTO ez_tags_testcase VALUES("12","rajesh","188");
INSERT INTO ez_tags_testcase VALUES("1","Functionaltest","189");
INSERT INTO ez_tags_testcase VALUES("9","datasets","189");
INSERT INTO ez_tags_testcase VALUES("11","release2.0","189");
INSERT INTO ez_tags_testcase VALUES("12","rajesh","189");
INSERT INTO ez_tags_testcase VALUES("1","Functionaltest","185");
INSERT INTO ez_tags_testcase VALUES("9","datasets","185");
INSERT INTO ez_tags_testcase VALUES("11","release2.0","185");
INSERT INTO ez_tags_testcase VALUES("12","rajesh","185");
INSERT INTO ez_tags_testcase VALUES("1","Functionaltest","184");
INSERT INTO ez_tags_testcase VALUES("9","datasets","184");
INSERT INTO ez_tags_testcase VALUES("11","release2.0","184");
INSERT INTO ez_tags_testcase VALUES("12","rajesh","184");
INSERT INTO ez_tags_testcase VALUES("12","rajesh","14");
INSERT INTO ez_tags_testcase VALUES("12","rajesh","20");
INSERT INTO ez_tags_testcase VALUES("1","Functionaltest","14");
INSERT INTO ez_tags_testcase VALUES("9","datasets","14");
INSERT INTO ez_tags_testcase VALUES("2","ACL","14");
INSERT INTO ez_tags_testcase VALUES("1","Functionaltest","249");
INSERT INTO ez_tags_testcase VALUES("2","ACL","249");
INSERT INTO ez_tags_testcase VALUES("1","Functionaltest","250");
INSERT INTO ez_tags_testcase VALUES("2","ACL","250");
INSERT INTO ez_tags_testcase VALUES("21","testnew12312","248");
INSERT INTO ez_tags_testcase VALUES("13","testnewtag","248");
INSERT INTO ez_tags_testcase VALUES("1","Functionaltest","251");
INSERT INTO ez_tags_testcase VALUES("2","ACL","251");
INSERT INTO ez_tags_testcase VALUES("1","Functionaltest","252");
INSERT INTO ez_tags_testcase VALUES("2","ACL","252");
INSERT INTO ez_tags_testcase VALUES("1","Functionaltest","253");
INSERT INTO ez_tags_testcase VALUES("2","ACL","253");
INSERT INTO ez_tags_testcase VALUES("1","Functionaltest","254");
INSERT INTO ez_tags_testcase VALUES("2","ACL","254");
INSERT INTO ez_tags_testcase VALUES("1","Functionaltest","255");
INSERT INTO ez_tags_testcase VALUES("2","ACL","255");
INSERT INTO ez_tags_testcase VALUES("1","Functionaltest","256");
INSERT INTO ez_tags_testcase VALUES("2","ACL","256");
INSERT INTO ez_tags_testcase VALUES("1","Functionaltest","257");
INSERT INTO ez_tags_testcase VALUES("2","ACL","257");
INSERT INTO ez_tags_testcase VALUES("1","Functionaltest","258");
INSERT INTO ez_tags_testcase VALUES("2","ACL","258");
INSERT INTO ez_tags_testcase VALUES("1","Functionaltest","259");
INSERT INTO ez_tags_testcase VALUES("2","ACL","259");
INSERT INTO ez_tags_testcase VALUES("1","Functionaltest","260");
INSERT INTO ez_tags_testcase VALUES("2","ACL","260");
INSERT INTO ez_tags_testcase VALUES("1","Functionaltest","261");
INSERT INTO ez_tags_testcase VALUES("2","ACL","261");
INSERT INTO ez_tags_testcase VALUES("1","Functionaltest","262");
INSERT INTO ez_tags_testcase VALUES("2","ACL","262");
INSERT INTO ez_tags_testcase VALUES("1","Functionaltest","263");
INSERT INTO ez_tags_testcase VALUES("2","ACL","263");
INSERT INTO ez_tags_testcase VALUES("1","Functionaltest","264");
INSERT INTO ez_tags_testcase VALUES("2","ACL","264");
INSERT INTO ez_tags_testcase VALUES("1","Functionaltest","265");
INSERT INTO ez_tags_testcase VALUES("2","ACL","265");
INSERT INTO ez_tags_testcase VALUES("1","Functionaltest","266");
INSERT INTO ez_tags_testcase VALUES("2","ACL","266");
INSERT INTO ez_tags_testcase VALUES("1","Functionaltest","267");
INSERT INTO ez_tags_testcase VALUES("2","ACL","267");
INSERT INTO ez_tags_testcase VALUES("1","Functionaltest","268");
INSERT INTO ez_tags_testcase VALUES("2","ACL","268");
INSERT INTO ez_tags_testcase VALUES("1","Functionaltest","269");
INSERT INTO ez_tags_testcase VALUES("2","ACL","269");
INSERT INTO ez_tags_testcase VALUES("1","Functionaltest","270");
INSERT INTO ez_tags_testcase VALUES("2","ACL","270");
INSERT INTO ez_tags_testcase VALUES("1","Functionaltest","271");
INSERT INTO ez_tags_testcase VALUES("2","ACL","271");
INSERT INTO ez_tags_testcase VALUES("1","Functionaltest","272");
INSERT INTO ez_tags_testcase VALUES("2","ACL","272");
INSERT INTO ez_tags_testcase VALUES("1","Functionaltest","273");
INSERT INTO ez_tags_testcase VALUES("2","ACL","273");
INSERT INTO ez_tags_testcase VALUES("1","Functionaltest","274");
INSERT INTO ez_tags_testcase VALUES("2","ACL","274");
INSERT INTO ez_tags_testcase VALUES("1","Functionaltest","275");
INSERT INTO ez_tags_testcase VALUES("2","ACL","275");
INSERT INTO ez_tags_testcase VALUES("1","Functionaltest","276");
INSERT INTO ez_tags_testcase VALUES("2","ACL","276");
INSERT INTO ez_tags_testcase VALUES("1","Functionaltest","277");
INSERT INTO ez_tags_testcase VALUES("2","ACL","277");
INSERT INTO ez_tags_testcase VALUES("1","Functionaltest","278");
INSERT INTO ez_tags_testcase VALUES("2","ACL","278");
INSERT INTO ez_tags_testcase VALUES("1","Functionaltest","279");
INSERT INTO ez_tags_testcase VALUES("2","ACL","279");
INSERT INTO ez_tags_testcase VALUES("1","Functionaltest","280");
INSERT INTO ez_tags_testcase VALUES("2","ACL","280");
INSERT INTO ez_tags_testcase VALUES("1","Functionaltest","281");
INSERT INTO ez_tags_testcase VALUES("2","ACL","281");
INSERT INTO ez_tags_testcase VALUES("1","Functionaltest","282");
INSERT INTO ez_tags_testcase VALUES("3","vman","282");
INSERT INTO ez_tags_testcase VALUES("1","Functionaltest","283");
INSERT INTO ez_tags_testcase VALUES("3","vman","283");
INSERT INTO ez_tags_testcase VALUES("1","Functionaltest","284");
INSERT INTO ez_tags_testcase VALUES("3","vman","284");
INSERT INTO ez_tags_testcase VALUES("1","Functionaltest","285");
INSERT INTO ez_tags_testcase VALUES("3","vman","285");
INSERT INTO ez_tags_testcase VALUES("1","Functionaltest","286");
INSERT INTO ez_tags_testcase VALUES("3","vman","286");
INSERT INTO ez_tags_testcase VALUES("1","Functionaltest","287");
INSERT INTO ez_tags_testcase VALUES("3","vman","287");
INSERT INTO ez_tags_testcase VALUES("1","Functionaltest","288");
INSERT INTO ez_tags_testcase VALUES("3","vman","288");
INSERT INTO ez_tags_testcase VALUES("1","Functionaltest","289");
INSERT INTO ez_tags_testcase VALUES("3","vman","289");
INSERT INTO ez_tags_testcase VALUES("1","Functionaltest","290");
INSERT INTO ez_tags_testcase VALUES("3","vman","290");
INSERT INTO ez_tags_testcase VALUES("1","Functionaltest","291");
INSERT INTO ez_tags_testcase VALUES("3","vman","291");
INSERT INTO ez_tags_testcase VALUES("1","Functionaltest","292");
INSERT INTO ez_tags_testcase VALUES("3","vman","292");
INSERT INTO ez_tags_testcase VALUES("1","Functionaltest","293");
INSERT INTO ez_tags_testcase VALUES("3","vman","293");
INSERT INTO ez_tags_testcase VALUES("1","Functionaltest","294");
INSERT INTO ez_tags_testcase VALUES("3","vman","294");
INSERT INTO ez_tags_testcase VALUES("1","Functionaltest","295");
INSERT INTO ez_tags_testcase VALUES("3","vman","295");
INSERT INTO ez_tags_testcase VALUES("1","Functionaltest","296");
INSERT INTO ez_tags_testcase VALUES("3","vman","296");
INSERT INTO ez_tags_testcase VALUES("1","Functionaltest","297");
INSERT INTO ez_tags_testcase VALUES("3","vman","297");
INSERT INTO ez_tags_testcase VALUES("27","config_ip","298");
INSERT INTO ez_tags_testcase VALUES("28","vman1","298");
INSERT INTO ez_tags_testcase VALUES("1","Functionaltest","299");
INSERT INTO ez_tags_testcase VALUES("2","ACL","299");
INSERT INTO ez_tags_testcase VALUES("1","Functionaltest","300");
INSERT INTO ez_tags_testcase VALUES("2","ACL","300");
INSERT INTO ez_tags_testcase VALUES("1","Functionaltest","301");
INSERT INTO ez_tags_testcase VALUES("2","ACL","301");
INSERT INTO ez_tags_testcase VALUES("1","Functionaltest","302");
INSERT INTO ez_tags_testcase VALUES("2","ACL","302");
INSERT INTO ez_tags_testcase VALUES("1","Functionaltest","303");
INSERT INTO ez_tags_testcase VALUES("2","ACL","303");
INSERT INTO ez_tags_testcase VALUES("1","Functionaltest","304");
INSERT INTO ez_tags_testcase VALUES("2","ACL","304");
INSERT INTO ez_tags_testcase VALUES("1","Functionaltest","305");
INSERT INTO ez_tags_testcase VALUES("2","ACL","305");
INSERT INTO ez_tags_testcase VALUES("1","Functionaltest","306");
INSERT INTO ez_tags_testcase VALUES("2","ACL","306");
INSERT INTO ez_tags_testcase VALUES("1","Functionaltest","307");
INSERT INTO ez_tags_testcase VALUES("2","ACL","307");
INSERT INTO ez_tags_testcase VALUES("1","Functionaltest","308");
INSERT INTO ez_tags_testcase VALUES("2","ACL","308");
INSERT INTO ez_tags_testcase VALUES("1","Functionaltest","309");
INSERT INTO ez_tags_testcase VALUES("2","ACL","309");
INSERT INTO ez_tags_testcase VALUES("1","Functionaltest","310");
INSERT INTO ez_tags_testcase VALUES("2","ACL","310");
INSERT INTO ez_tags_testcase VALUES("1","Functionaltest","311");
INSERT INTO ez_tags_testcase VALUES("2","ACL","311");
INSERT INTO ez_tags_testcase VALUES("1","Functionaltest","312");
INSERT INTO ez_tags_testcase VALUES("2","ACL","312");
INSERT INTO ez_tags_testcase VALUES("1","Functionaltest","313");
INSERT INTO ez_tags_testcase VALUES("2","ACL","313");
INSERT INTO ez_tags_testcase VALUES("1","Functionaltest","314");
INSERT INTO ez_tags_testcase VALUES("2","ACL","314");
INSERT INTO ez_tags_testcase VALUES("1","Functionaltest","315");
INSERT INTO ez_tags_testcase VALUES("2","ACL","315");
INSERT INTO ez_tags_testcase VALUES("1","Functionaltest","316");
INSERT INTO ez_tags_testcase VALUES("2","ACL","316");
INSERT INTO ez_tags_testcase VALUES("1","Functionaltest","317");
INSERT INTO ez_tags_testcase VALUES("2","ACL","317");
INSERT INTO ez_tags_testcase VALUES("1","Functionaltest","318");
INSERT INTO ez_tags_testcase VALUES("2","ACL","318");
INSERT INTO ez_tags_testcase VALUES("1","Functionaltest","319");
INSERT INTO ez_tags_testcase VALUES("2","ACL","319");
INSERT INTO ez_tags_testcase VALUES("1","Functionaltest","320");
INSERT INTO ez_tags_testcase VALUES("2","ACL","320");
INSERT INTO ez_tags_testcase VALUES("1","Functionaltest","321");
INSERT INTO ez_tags_testcase VALUES("2","ACL","321");
INSERT INTO ez_tags_testcase VALUES("1","Functionaltest","322");
INSERT INTO ez_tags_testcase VALUES("2","ACL","322");
INSERT INTO ez_tags_testcase VALUES("1","Functionaltest","323");
INSERT INTO ez_tags_testcase VALUES("2","ACL","323");
INSERT INTO ez_tags_testcase VALUES("1","Functionaltest","324");
INSERT INTO ez_tags_testcase VALUES("2","ACL","324");
INSERT INTO ez_tags_testcase VALUES("1","Functionaltest","325");
INSERT INTO ez_tags_testcase VALUES("2","ACL","325");
INSERT INTO ez_tags_testcase VALUES("1","Functionaltest","326");
INSERT INTO ez_tags_testcase VALUES("2","ACL","326");
INSERT INTO ez_tags_testcase VALUES("1","Functionaltest","327");
INSERT INTO ez_tags_testcase VALUES("2","ACL","327");
INSERT INTO ez_tags_testcase VALUES("1","Functionaltest","328");
INSERT INTO ez_tags_testcase VALUES("2","ACL","328");
INSERT INTO ez_tags_testcase VALUES("1","Functionaltest","329");
INSERT INTO ez_tags_testcase VALUES("2","ACL","329");
INSERT INTO ez_tags_testcase VALUES("1","Functionaltest","330");
INSERT INTO ez_tags_testcase VALUES("3","vman","330");
INSERT INTO ez_tags_testcase VALUES("1","Functionaltest","331");
INSERT INTO ez_tags_testcase VALUES("3","vman","331");
INSERT INTO ez_tags_testcase VALUES("1","Functionaltest","332");
INSERT INTO ez_tags_testcase VALUES("3","vman","332");
INSERT INTO ez_tags_testcase VALUES("1","Functionaltest","333");
INSERT INTO ez_tags_testcase VALUES("3","vman","333");
INSERT INTO ez_tags_testcase VALUES("1","Functionaltest","334");
INSERT INTO ez_tags_testcase VALUES("3","vman","334");
INSERT INTO ez_tags_testcase VALUES("1","Functionaltest","335");
INSERT INTO ez_tags_testcase VALUES("3","vman","335");
INSERT INTO ez_tags_testcase VALUES("1","Functionaltest","336");
INSERT INTO ez_tags_testcase VALUES("3","vman","336");
INSERT INTO ez_tags_testcase VALUES("1","Functionaltest","337");
INSERT INTO ez_tags_testcase VALUES("3","vman","337");
INSERT INTO ez_tags_testcase VALUES("1","Functionaltest","338");
INSERT INTO ez_tags_testcase VALUES("3","vman","338");
INSERT INTO ez_tags_testcase VALUES("1","Functionaltest","339");
INSERT INTO ez_tags_testcase VALUES("3","vman","339");
INSERT INTO ez_tags_testcase VALUES("1","Functionaltest","340");
INSERT INTO ez_tags_testcase VALUES("3","vman","340");
INSERT INTO ez_tags_testcase VALUES("1","Functionaltest","341");
INSERT INTO ez_tags_testcase VALUES("3","vman","341");
INSERT INTO ez_tags_testcase VALUES("1","Functionaltest","342");
INSERT INTO ez_tags_testcase VALUES("3","vman","342");
INSERT INTO ez_tags_testcase VALUES("1","Functionaltest","343");
INSERT INTO ez_tags_testcase VALUES("3","vman","343");
INSERT INTO ez_tags_testcase VALUES("1","Functionaltest","344");
INSERT INTO ez_tags_testcase VALUES("3","vman","344");
INSERT INTO ez_tags_testcase VALUES("1","Functionaltest","345");
INSERT INTO ez_tags_testcase VALUES("3","vman","345");
INSERT INTO ez_tags_testcase VALUES("27","config_ip","346");
INSERT INTO ez_tags_testcase VALUES("28","vman1","346");
INSERT INTO ez_tags_testcase VALUES("1","Functionaltest","347");
INSERT INTO ez_tags_testcase VALUES("2","ACL","347");
INSERT INTO ez_tags_testcase VALUES("1","Functionaltest","348");
INSERT INTO ez_tags_testcase VALUES("2","ACL","348");
INSERT INTO ez_tags_testcase VALUES("1","Functionaltest","349");
INSERT INTO ez_tags_testcase VALUES("2","ACL","349");
INSERT INTO ez_tags_testcase VALUES("1","Functionaltest","350");
INSERT INTO ez_tags_testcase VALUES("2","ACL","350");
INSERT INTO ez_tags_testcase VALUES("1","Functionaltest","351");
INSERT INTO ez_tags_testcase VALUES("2","ACL","351");
INSERT INTO ez_tags_testcase VALUES("1","Functionaltest","352");
INSERT INTO ez_tags_testcase VALUES("2","ACL","352");
INSERT INTO ez_tags_testcase VALUES("1","Functionaltest","353");
INSERT INTO ez_tags_testcase VALUES("2","ACL","353");
INSERT INTO ez_tags_testcase VALUES("1","Functionaltest","354");
INSERT INTO ez_tags_testcase VALUES("2","ACL","354");
INSERT INTO ez_tags_testcase VALUES("1","Functionaltest","355");
INSERT INTO ez_tags_testcase VALUES("2","ACL","355");
INSERT INTO ez_tags_testcase VALUES("1","Functionaltest","356");
INSERT INTO ez_tags_testcase VALUES("2","ACL","356");
INSERT INTO ez_tags_testcase VALUES("1","Functionaltest","357");
INSERT INTO ez_tags_testcase VALUES("2","ACL","357");
INSERT INTO ez_tags_testcase VALUES("1","Functionaltest","358");
INSERT INTO ez_tags_testcase VALUES("2","ACL","358");
INSERT INTO ez_tags_testcase VALUES("1","Functionaltest","359");
INSERT INTO ez_tags_testcase VALUES("2","ACL","359");
INSERT INTO ez_tags_testcase VALUES("1","Functionaltest","360");
INSERT INTO ez_tags_testcase VALUES("2","ACL","360");
INSERT INTO ez_tags_testcase VALUES("1","Functionaltest","361");
INSERT INTO ez_tags_testcase VALUES("2","ACL","361");
INSERT INTO ez_tags_testcase VALUES("1","Functionaltest","362");
INSERT INTO ez_tags_testcase VALUES("2","ACL","362");
INSERT INTO ez_tags_testcase VALUES("1","Functionaltest","363");
INSERT INTO ez_tags_testcase VALUES("2","ACL","363");
INSERT INTO ez_tags_testcase VALUES("1","Functionaltest","364");
INSERT INTO ez_tags_testcase VALUES("2","ACL","364");
INSERT INTO ez_tags_testcase VALUES("1","Functionaltest","365");
INSERT INTO ez_tags_testcase VALUES("2","ACL","365");
INSERT INTO ez_tags_testcase VALUES("1","Functionaltest","366");
INSERT INTO ez_tags_testcase VALUES("2","ACL","366");
INSERT INTO ez_tags_testcase VALUES("1","Functionaltest","367");
INSERT INTO ez_tags_testcase VALUES("2","ACL","367");
INSERT INTO ez_tags_testcase VALUES("1","Functionaltest","368");
INSERT INTO ez_tags_testcase VALUES("2","ACL","368");
INSERT INTO ez_tags_testcase VALUES("1","Functionaltest","369");
INSERT INTO ez_tags_testcase VALUES("2","ACL","369");
INSERT INTO ez_tags_testcase VALUES("1","Functionaltest","370");
INSERT INTO ez_tags_testcase VALUES("2","ACL","370");
INSERT INTO ez_tags_testcase VALUES("1","Functionaltest","371");
INSERT INTO ez_tags_testcase VALUES("2","ACL","371");
INSERT INTO ez_tags_testcase VALUES("1","Functionaltest","372");
INSERT INTO ez_tags_testcase VALUES("2","ACL","372");
INSERT INTO ez_tags_testcase VALUES("1","Functionaltest","373");
INSERT INTO ez_tags_testcase VALUES("2","ACL","373");
INSERT INTO ez_tags_testcase VALUES("1","Functionaltest","374");
INSERT INTO ez_tags_testcase VALUES("2","ACL","374");
INSERT INTO ez_tags_testcase VALUES("1","Functionaltest","375");
INSERT INTO ez_tags_testcase VALUES("2","ACL","375");
INSERT INTO ez_tags_testcase VALUES("1","Functionaltest","376");
INSERT INTO ez_tags_testcase VALUES("2","ACL","376");
INSERT INTO ez_tags_testcase VALUES("1","Functionaltest","377");
INSERT INTO ez_tags_testcase VALUES("2","ACL","377");
INSERT INTO ez_tags_testcase VALUES("1","Functionaltest","378");
INSERT INTO ez_tags_testcase VALUES("3","vman","378");
INSERT INTO ez_tags_testcase VALUES("1","Functionaltest","379");
INSERT INTO ez_tags_testcase VALUES("3","vman","379");
INSERT INTO ez_tags_testcase VALUES("1","Functionaltest","380");
INSERT INTO ez_tags_testcase VALUES("3","vman","380");
INSERT INTO ez_tags_testcase VALUES("1","Functionaltest","381");
INSERT INTO ez_tags_testcase VALUES("3","vman","381");
INSERT INTO ez_tags_testcase VALUES("1","Functionaltest","382");
INSERT INTO ez_tags_testcase VALUES("3","vman","382");
INSERT INTO ez_tags_testcase VALUES("1","Functionaltest","383");
INSERT INTO ez_tags_testcase VALUES("3","vman","383");
INSERT INTO ez_tags_testcase VALUES("1","Functionaltest","384");
INSERT INTO ez_tags_testcase VALUES("3","vman","384");
INSERT INTO ez_tags_testcase VALUES("1","Functionaltest","385");
INSERT INTO ez_tags_testcase VALUES("3","vman","385");
INSERT INTO ez_tags_testcase VALUES("1","Functionaltest","386");
INSERT INTO ez_tags_testcase VALUES("3","vman","386");
INSERT INTO ez_tags_testcase VALUES("1","Functionaltest","387");
INSERT INTO ez_tags_testcase VALUES("3","vman","387");
INSERT INTO ez_tags_testcase VALUES("1","Functionaltest","388");
INSERT INTO ez_tags_testcase VALUES("3","vman","388");
INSERT INTO ez_tags_testcase VALUES("1","Functionaltest","389");
INSERT INTO ez_tags_testcase VALUES("3","vman","389");
INSERT INTO ez_tags_testcase VALUES("1","Functionaltest","390");
INSERT INTO ez_tags_testcase VALUES("3","vman","390");
INSERT INTO ez_tags_testcase VALUES("1","Functionaltest","391");
INSERT INTO ez_tags_testcase VALUES("3","vman","391");
INSERT INTO ez_tags_testcase VALUES("1","Functionaltest","392");
INSERT INTO ez_tags_testcase VALUES("3","vman","392");
INSERT INTO ez_tags_testcase VALUES("1","Functionaltest","393");
INSERT INTO ez_tags_testcase VALUES("3","vman","393");
INSERT INTO ez_tags_testcase VALUES("27","config_ip","394");
INSERT INTO ez_tags_testcase VALUES("28","vman1","394");
INSERT INTO ez_tags_testcase VALUES("1","Functionaltest","395");
INSERT INTO ez_tags_testcase VALUES("2","ACL","395");
INSERT INTO ez_tags_testcase VALUES("1","Functionaltest","396");
INSERT INTO ez_tags_testcase VALUES("2","ACL","396");
INSERT INTO ez_tags_testcase VALUES("1","Functionaltest","397");
INSERT INTO ez_tags_testcase VALUES("2","ACL","397");
INSERT INTO ez_tags_testcase VALUES("1","Functionaltest","398");
INSERT INTO ez_tags_testcase VALUES("2","ACL","398");
INSERT INTO ez_tags_testcase VALUES("1","Functionaltest","399");
INSERT INTO ez_tags_testcase VALUES("2","ACL","399");
INSERT INTO ez_tags_testcase VALUES("1","Functionaltest","400");
INSERT INTO ez_tags_testcase VALUES("2","ACL","400");
INSERT INTO ez_tags_testcase VALUES("1","Functionaltest","401");
INSERT INTO ez_tags_testcase VALUES("2","ACL","401");
INSERT INTO ez_tags_testcase VALUES("1","Functionaltest","402");
INSERT INTO ez_tags_testcase VALUES("2","ACL","402");
INSERT INTO ez_tags_testcase VALUES("1","Functionaltest","403");
INSERT INTO ez_tags_testcase VALUES("2","ACL","403");
INSERT INTO ez_tags_testcase VALUES("1","Functionaltest","404");
INSERT INTO ez_tags_testcase VALUES("2","ACL","404");
INSERT INTO ez_tags_testcase VALUES("1","Functionaltest","405");
INSERT INTO ez_tags_testcase VALUES("2","ACL","405");
INSERT INTO ez_tags_testcase VALUES("1","Functionaltest","406");
INSERT INTO ez_tags_testcase VALUES("2","ACL","406");
INSERT INTO ez_tags_testcase VALUES("1","Functionaltest","407");
INSERT INTO ez_tags_testcase VALUES("2","ACL","407");
INSERT INTO ez_tags_testcase VALUES("1","Functionaltest","408");
INSERT INTO ez_tags_testcase VALUES("2","ACL","408");
INSERT INTO ez_tags_testcase VALUES("1","Functionaltest","409");
INSERT INTO ez_tags_testcase VALUES("2","ACL","409");
INSERT INTO ez_tags_testcase VALUES("1","Functionaltest","410");
INSERT INTO ez_tags_testcase VALUES("2","ACL","410");
INSERT INTO ez_tags_testcase VALUES("1","Functionaltest","411");
INSERT INTO ez_tags_testcase VALUES("2","ACL","411");
INSERT INTO ez_tags_testcase VALUES("1","Functionaltest","412");
INSERT INTO ez_tags_testcase VALUES("2","ACL","412");
INSERT INTO ez_tags_testcase VALUES("1","Functionaltest","413");
INSERT INTO ez_tags_testcase VALUES("2","ACL","413");
INSERT INTO ez_tags_testcase VALUES("1","Functionaltest","414");
INSERT INTO ez_tags_testcase VALUES("2","ACL","414");
INSERT INTO ez_tags_testcase VALUES("1","Functionaltest","415");
INSERT INTO ez_tags_testcase VALUES("2","ACL","415");
INSERT INTO ez_tags_testcase VALUES("1","Functionaltest","416");
INSERT INTO ez_tags_testcase VALUES("2","ACL","416");
INSERT INTO ez_tags_testcase VALUES("1","Functionaltest","417");
INSERT INTO ez_tags_testcase VALUES("2","ACL","417");
INSERT INTO ez_tags_testcase VALUES("1","Functionaltest","418");
INSERT INTO ez_tags_testcase VALUES("2","ACL","418");
INSERT INTO ez_tags_testcase VALUES("1","Functionaltest","419");
INSERT INTO ez_tags_testcase VALUES("2","ACL","419");
INSERT INTO ez_tags_testcase VALUES("1","Functionaltest","420");
INSERT INTO ez_tags_testcase VALUES("2","ACL","420");
INSERT INTO ez_tags_testcase VALUES("1","Functionaltest","421");
INSERT INTO ez_tags_testcase VALUES("2","ACL","421");
INSERT INTO ez_tags_testcase VALUES("1","Functionaltest","422");
INSERT INTO ez_tags_testcase VALUES("2","ACL","422");
INSERT INTO ez_tags_testcase VALUES("1","Functionaltest","423");
INSERT INTO ez_tags_testcase VALUES("2","ACL","423");
INSERT INTO ez_tags_testcase VALUES("1","Functionaltest","424");
INSERT INTO ez_tags_testcase VALUES("2","ACL","424");
INSERT INTO ez_tags_testcase VALUES("1","Functionaltest","425");
INSERT INTO ez_tags_testcase VALUES("2","ACL","425");
INSERT INTO ez_tags_testcase VALUES("1","Functionaltest","426");
INSERT INTO ez_tags_testcase VALUES("3","vman","426");
INSERT INTO ez_tags_testcase VALUES("1","Functionaltest","427");
INSERT INTO ez_tags_testcase VALUES("3","vman","427");
INSERT INTO ez_tags_testcase VALUES("1","Functionaltest","428");
INSERT INTO ez_tags_testcase VALUES("3","vman","428");
INSERT INTO ez_tags_testcase VALUES("1","Functionaltest","429");
INSERT INTO ez_tags_testcase VALUES("3","vman","429");
INSERT INTO ez_tags_testcase VALUES("1","Functionaltest","430");
INSERT INTO ez_tags_testcase VALUES("3","vman","430");
INSERT INTO ez_tags_testcase VALUES("1","Functionaltest","431");
INSERT INTO ez_tags_testcase VALUES("3","vman","431");
INSERT INTO ez_tags_testcase VALUES("1","Functionaltest","432");
INSERT INTO ez_tags_testcase VALUES("3","vman","432");
INSERT INTO ez_tags_testcase VALUES("1","Functionaltest","433");
INSERT INTO ez_tags_testcase VALUES("3","vman","433");
INSERT INTO ez_tags_testcase VALUES("1","Functionaltest","434");
INSERT INTO ez_tags_testcase VALUES("3","vman","434");
INSERT INTO ez_tags_testcase VALUES("1","Functionaltest","435");
INSERT INTO ez_tags_testcase VALUES("3","vman","435");
INSERT INTO ez_tags_testcase VALUES("1","Functionaltest","436");
INSERT INTO ez_tags_testcase VALUES("3","vman","436");
INSERT INTO ez_tags_testcase VALUES("1","Functionaltest","437");
INSERT INTO ez_tags_testcase VALUES("3","vman","437");
INSERT INTO ez_tags_testcase VALUES("1","Functionaltest","438");
INSERT INTO ez_tags_testcase VALUES("3","vman","438");
INSERT INTO ez_tags_testcase VALUES("1","Functionaltest","439");
INSERT INTO ez_tags_testcase VALUES("3","vman","439");
INSERT INTO ez_tags_testcase VALUES("1","Functionaltest","440");
INSERT INTO ez_tags_testcase VALUES("3","vman","440");
INSERT INTO ez_tags_testcase VALUES("1","Functionaltest","441");
INSERT INTO ez_tags_testcase VALUES("3","vman","441");
INSERT INTO ez_tags_testcase VALUES("27","config_ip","442");
INSERT INTO ez_tags_testcase VALUES("28","vman1","442");
INSERT INTO ez_tags_testcase VALUES("1","Functionaltest","443");
INSERT INTO ez_tags_testcase VALUES("2","ACL","443");
INSERT INTO ez_tags_testcase VALUES("1","Functionaltest","444");
INSERT INTO ez_tags_testcase VALUES("2","ACL","444");
INSERT INTO ez_tags_testcase VALUES("1","Functionaltest","445");
INSERT INTO ez_tags_testcase VALUES("2","ACL","445");
INSERT INTO ez_tags_testcase VALUES("1","Functionaltest","446");
INSERT INTO ez_tags_testcase VALUES("2","ACL","446");
INSERT INTO ez_tags_testcase VALUES("1","Functionaltest","447");
INSERT INTO ez_tags_testcase VALUES("2","ACL","447");
INSERT INTO ez_tags_testcase VALUES("1","Functionaltest","448");
INSERT INTO ez_tags_testcase VALUES("2","ACL","448");
INSERT INTO ez_tags_testcase VALUES("1","Functionaltest","449");
INSERT INTO ez_tags_testcase VALUES("2","ACL","449");
INSERT INTO ez_tags_testcase VALUES("1","Functionaltest","450");
INSERT INTO ez_tags_testcase VALUES("2","ACL","450");
INSERT INTO ez_tags_testcase VALUES("1","Functionaltest","451");
INSERT INTO ez_tags_testcase VALUES("2","ACL","451");
INSERT INTO ez_tags_testcase VALUES("1","Functionaltest","452");
INSERT INTO ez_tags_testcase VALUES("2","ACL","452");
INSERT INTO ez_tags_testcase VALUES("1","Functionaltest","453");
INSERT INTO ez_tags_testcase VALUES("2","ACL","453");
INSERT INTO ez_tags_testcase VALUES("1","Functionaltest","454");
INSERT INTO ez_tags_testcase VALUES("2","ACL","454");
INSERT INTO ez_tags_testcase VALUES("1","Functionaltest","455");
INSERT INTO ez_tags_testcase VALUES("2","ACL","455");
INSERT INTO ez_tags_testcase VALUES("1","Functionaltest","456");
INSERT INTO ez_tags_testcase VALUES("2","ACL","456");
INSERT INTO ez_tags_testcase VALUES("1","Functionaltest","457");
INSERT INTO ez_tags_testcase VALUES("2","ACL","457");
INSERT INTO ez_tags_testcase VALUES("1","Functionaltest","458");
INSERT INTO ez_tags_testcase VALUES("2","ACL","458");
INSERT INTO ez_tags_testcase VALUES("1","Functionaltest","459");
INSERT INTO ez_tags_testcase VALUES("2","ACL","459");
INSERT INTO ez_tags_testcase VALUES("1","Functionaltest","460");
INSERT INTO ez_tags_testcase VALUES("2","ACL","460");
INSERT INTO ez_tags_testcase VALUES("1","Functionaltest","461");
INSERT INTO ez_tags_testcase VALUES("2","ACL","461");
INSERT INTO ez_tags_testcase VALUES("1","Functionaltest","462");
INSERT INTO ez_tags_testcase VALUES("2","ACL","462");
INSERT INTO ez_tags_testcase VALUES("1","Functionaltest","463");
INSERT INTO ez_tags_testcase VALUES("2","ACL","463");
INSERT INTO ez_tags_testcase VALUES("1","Functionaltest","464");
INSERT INTO ez_tags_testcase VALUES("2","ACL","464");
INSERT INTO ez_tags_testcase VALUES("1","Functionaltest","465");
INSERT INTO ez_tags_testcase VALUES("2","ACL","465");
INSERT INTO ez_tags_testcase VALUES("1","Functionaltest","466");
INSERT INTO ez_tags_testcase VALUES("2","ACL","466");
INSERT INTO ez_tags_testcase VALUES("1","Functionaltest","467");
INSERT INTO ez_tags_testcase VALUES("2","ACL","467");
INSERT INTO ez_tags_testcase VALUES("1","Functionaltest","468");
INSERT INTO ez_tags_testcase VALUES("2","ACL","468");
INSERT INTO ez_tags_testcase VALUES("1","Functionaltest","469");
INSERT INTO ez_tags_testcase VALUES("2","ACL","469");
INSERT INTO ez_tags_testcase VALUES("1","Functionaltest","470");
INSERT INTO ez_tags_testcase VALUES("2","ACL","470");
INSERT INTO ez_tags_testcase VALUES("1","Functionaltest","471");
INSERT INTO ez_tags_testcase VALUES("2","ACL","471");
INSERT INTO ez_tags_testcase VALUES("1","Functionaltest","472");
INSERT INTO ez_tags_testcase VALUES("2","ACL","472");
INSERT INTO ez_tags_testcase VALUES("1","Functionaltest","473");
INSERT INTO ez_tags_testcase VALUES("2","ACL","473");
INSERT INTO ez_tags_testcase VALUES("1","Functionaltest","474");
INSERT INTO ez_tags_testcase VALUES("3","vman","474");
INSERT INTO ez_tags_testcase VALUES("1","Functionaltest","475");
INSERT INTO ez_tags_testcase VALUES("3","vman","475");
INSERT INTO ez_tags_testcase VALUES("1","Functionaltest","476");
INSERT INTO ez_tags_testcase VALUES("3","vman","476");
INSERT INTO ez_tags_testcase VALUES("1","Functionaltest","477");
INSERT INTO ez_tags_testcase VALUES("3","vman","477");
INSERT INTO ez_tags_testcase VALUES("1","Functionaltest","478");
INSERT INTO ez_tags_testcase VALUES("3","vman","478");
INSERT INTO ez_tags_testcase VALUES("1","Functionaltest","479");
INSERT INTO ez_tags_testcase VALUES("3","vman","479");
INSERT INTO ez_tags_testcase VALUES("1","Functionaltest","480");
INSERT INTO ez_tags_testcase VALUES("3","vman","480");
INSERT INTO ez_tags_testcase VALUES("1","Functionaltest","481");
INSERT INTO ez_tags_testcase VALUES("3","vman","481");
INSERT INTO ez_tags_testcase VALUES("1","Functionaltest","482");
INSERT INTO ez_tags_testcase VALUES("3","vman","482");
INSERT INTO ez_tags_testcase VALUES("1","Functionaltest","483");
INSERT INTO ez_tags_testcase VALUES("3","vman","483");
INSERT INTO ez_tags_testcase VALUES("1","Functionaltest","484");
INSERT INTO ez_tags_testcase VALUES("3","vman","484");
INSERT INTO ez_tags_testcase VALUES("1","Functionaltest","485");
INSERT INTO ez_tags_testcase VALUES("3","vman","485");
INSERT INTO ez_tags_testcase VALUES("1","Functionaltest","486");
INSERT INTO ez_tags_testcase VALUES("3","vman","486");
INSERT INTO ez_tags_testcase VALUES("1","Functionaltest","487");
INSERT INTO ez_tags_testcase VALUES("3","vman","487");
INSERT INTO ez_tags_testcase VALUES("1","Functionaltest","488");
INSERT INTO ez_tags_testcase VALUES("3","vman","488");
INSERT INTO ez_tags_testcase VALUES("1","Functionaltest","489");
INSERT INTO ez_tags_testcase VALUES("3","vman","489");
INSERT INTO ez_tags_testcase VALUES("27","config_ip","490");
INSERT INTO ez_tags_testcase VALUES("28","vman1","490");
INSERT INTO ez_tags_testcase VALUES("1","Functionaltest","491");
INSERT INTO ez_tags_testcase VALUES("2","ACL","491");
INSERT INTO ez_tags_testcase VALUES("1","Functionaltest","492");
INSERT INTO ez_tags_testcase VALUES("2","ACL","492");
INSERT INTO ez_tags_testcase VALUES("1","Functionaltest","493");
INSERT INTO ez_tags_testcase VALUES("2","ACL","493");
INSERT INTO ez_tags_testcase VALUES("1","Functionaltest","494");
INSERT INTO ez_tags_testcase VALUES("2","ACL","494");
INSERT INTO ez_tags_testcase VALUES("1","Functionaltest","495");
INSERT INTO ez_tags_testcase VALUES("2","ACL","495");
INSERT INTO ez_tags_testcase VALUES("1","Functionaltest","496");
INSERT INTO ez_tags_testcase VALUES("2","ACL","496");
INSERT INTO ez_tags_testcase VALUES("1","Functionaltest","497");
INSERT INTO ez_tags_testcase VALUES("2","ACL","497");
INSERT INTO ez_tags_testcase VALUES("1","Functionaltest","498");
INSERT INTO ez_tags_testcase VALUES("2","ACL","498");
INSERT INTO ez_tags_testcase VALUES("1","Functionaltest","499");
INSERT INTO ez_tags_testcase VALUES("2","ACL","499");
INSERT INTO ez_tags_testcase VALUES("1","Functionaltest","500");
INSERT INTO ez_tags_testcase VALUES("2","ACL","500");
INSERT INTO ez_tags_testcase VALUES("1","Functionaltest","501");
INSERT INTO ez_tags_testcase VALUES("2","ACL","501");
INSERT INTO ez_tags_testcase VALUES("1","Functionaltest","502");
INSERT INTO ez_tags_testcase VALUES("2","ACL","502");
INSERT INTO ez_tags_testcase VALUES("1","Functionaltest","503");
INSERT INTO ez_tags_testcase VALUES("2","ACL","503");
INSERT INTO ez_tags_testcase VALUES("1","Functionaltest","504");
INSERT INTO ez_tags_testcase VALUES("2","ACL","504");
INSERT INTO ez_tags_testcase VALUES("1","Functionaltest","505");
INSERT INTO ez_tags_testcase VALUES("2","ACL","505");
INSERT INTO ez_tags_testcase VALUES("1","Functionaltest","506");
INSERT INTO ez_tags_testcase VALUES("2","ACL","506");
INSERT INTO ez_tags_testcase VALUES("1","Functionaltest","507");
INSERT INTO ez_tags_testcase VALUES("2","ACL","507");
INSERT INTO ez_tags_testcase VALUES("1","Functionaltest","508");
INSERT INTO ez_tags_testcase VALUES("2","ACL","508");
INSERT INTO ez_tags_testcase VALUES("1","Functionaltest","509");
INSERT INTO ez_tags_testcase VALUES("2","ACL","509");
INSERT INTO ez_tags_testcase VALUES("1","Functionaltest","510");
INSERT INTO ez_tags_testcase VALUES("2","ACL","510");
INSERT INTO ez_tags_testcase VALUES("1","Functionaltest","511");
INSERT INTO ez_tags_testcase VALUES("2","ACL","511");
INSERT INTO ez_tags_testcase VALUES("1","Functionaltest","512");
INSERT INTO ez_tags_testcase VALUES("2","ACL","512");
INSERT INTO ez_tags_testcase VALUES("1","Functionaltest","513");
INSERT INTO ez_tags_testcase VALUES("2","ACL","513");
INSERT INTO ez_tags_testcase VALUES("1","Functionaltest","514");
INSERT INTO ez_tags_testcase VALUES("2","ACL","514");
INSERT INTO ez_tags_testcase VALUES("1","Functionaltest","515");
INSERT INTO ez_tags_testcase VALUES("2","ACL","515");
INSERT INTO ez_tags_testcase VALUES("1","Functionaltest","516");
INSERT INTO ez_tags_testcase VALUES("2","ACL","516");
INSERT INTO ez_tags_testcase VALUES("1","Functionaltest","517");
INSERT INTO ez_tags_testcase VALUES("2","ACL","517");
INSERT INTO ez_tags_testcase VALUES("1","Functionaltest","518");
INSERT INTO ez_tags_testcase VALUES("2","ACL","518");
INSERT INTO ez_tags_testcase VALUES("1","Functionaltest","519");
INSERT INTO ez_tags_testcase VALUES("2","ACL","519");
INSERT INTO ez_tags_testcase VALUES("1","Functionaltest","520");
INSERT INTO ez_tags_testcase VALUES("2","ACL","520");
INSERT INTO ez_tags_testcase VALUES("1","Functionaltest","521");
INSERT INTO ez_tags_testcase VALUES("2","ACL","521");
INSERT INTO ez_tags_testcase VALUES("1","Functionaltest","522");
INSERT INTO ez_tags_testcase VALUES("3","vman","522");
INSERT INTO ez_tags_testcase VALUES("1","Functionaltest","523");
INSERT INTO ez_tags_testcase VALUES("3","vman","523");
INSERT INTO ez_tags_testcase VALUES("1","Functionaltest","524");
INSERT INTO ez_tags_testcase VALUES("3","vman","524");
INSERT INTO ez_tags_testcase VALUES("1","Functionaltest","525");
INSERT INTO ez_tags_testcase VALUES("3","vman","525");
INSERT INTO ez_tags_testcase VALUES("1","Functionaltest","526");
INSERT INTO ez_tags_testcase VALUES("3","vman","526");
INSERT INTO ez_tags_testcase VALUES("1","Functionaltest","527");
INSERT INTO ez_tags_testcase VALUES("3","vman","527");
INSERT INTO ez_tags_testcase VALUES("1","Functionaltest","528");
INSERT INTO ez_tags_testcase VALUES("3","vman","528");
INSERT INTO ez_tags_testcase VALUES("1","Functionaltest","529");
INSERT INTO ez_tags_testcase VALUES("3","vman","529");
INSERT INTO ez_tags_testcase VALUES("1","Functionaltest","530");
INSERT INTO ez_tags_testcase VALUES("3","vman","530");
INSERT INTO ez_tags_testcase VALUES("1","Functionaltest","531");
INSERT INTO ez_tags_testcase VALUES("3","vman","531");
INSERT INTO ez_tags_testcase VALUES("1","Functionaltest","532");
INSERT INTO ez_tags_testcase VALUES("3","vman","532");
INSERT INTO ez_tags_testcase VALUES("1","Functionaltest","533");
INSERT INTO ez_tags_testcase VALUES("3","vman","533");
INSERT INTO ez_tags_testcase VALUES("1","Functionaltest","534");
INSERT INTO ez_tags_testcase VALUES("3","vman","534");
INSERT INTO ez_tags_testcase VALUES("1","Functionaltest","535");
INSERT INTO ez_tags_testcase VALUES("3","vman","535");
INSERT INTO ez_tags_testcase VALUES("1","Functionaltest","536");
INSERT INTO ez_tags_testcase VALUES("3","vman","536");
INSERT INTO ez_tags_testcase VALUES("1","Functionaltest","537");
INSERT INTO ez_tags_testcase VALUES("3","vman","537");
INSERT INTO ez_tags_testcase VALUES("27","config_ip","538");
INSERT INTO ez_tags_testcase VALUES("28","vman1","538");
INSERT INTO ez_tags_testcase VALUES("27","config_ip","539");
INSERT INTO ez_tags_testcase VALUES("28","vman1","539");
INSERT INTO ez_tags_testcase VALUES("1","Functionaltest","540");
INSERT INTO ez_tags_testcase VALUES("2","ACL","540");
INSERT INTO ez_tags_testcase VALUES("1","Functionaltest","541");
INSERT INTO ez_tags_testcase VALUES("2","ACL","541");



CREATE TABLE `ez_tb_elements` (
  `id` int(10) unsigned NOT NULL auto_increment,
  `dut_name` varchar(45) NOT NULL,
  `user_prompt` varchar(45) default NULL,
  `user_id` varchar(45) default NULL,
  `passwd_prompt` varchar(45) default NULL,
  `passwd_id` varchar(45) default NULL,
  `np_prompt` varchar(45) default NULL,
  `np_id` varchar(45) default NULL,
  `np_passwd_prompt` varchar(45) default NULL,
  `np_passwd_id` varchar(45) default NULL,
  `priv_prompt` varchar(255) NOT NULL,
  PRIMARY KEY  USING BTREE (`id`)
) ENGINE=MyISAM AUTO_INCREMENT=3 DEFAULT CHARSET=latin1;

INSERT INTO ez_tb_elements VALUES("1","router","login:","","Password","","Router>","en","","","#");
INSERT INTO ez_tb_elements VALUES("2","linuxpc","login as:","","password:","","","","","","~");



CREATE TABLE `ez_testbed` (
  `testbedid` int(11) NOT NULL auto_increment,
  `testbedname` varchar(45) default NULL,
  `path` varchar(255) default NULL,
  `topologyid` int(11) default NULL,
  `projectid` int(11) default NULL,
  `status` enum('COMPLETE','INCOMPLETE') default 'COMPLETE',
  `sharestatus` enum('PRIVATE','PUBLIC') default 'PRIVATE',
  `createdon` datetime default NULL,
  `createdby` int(11) default NULL,
  `updatedon` datetime default NULL,
  `updatedby` int(11) default NULL,
  `svnfile` enum('Y','N') NOT NULL default 'Y',
  PRIMARY KEY  (`testbedid`)
) ENGINE=MyISAM AUTO_INCREMENT=41 DEFAULT CHARSET=latin1;

INSERT INTO ez_testbed VALUES("6","routerbed","","3","6","COMPLETE","PRIVATE","2009-10-30 13:33:34","13","","","Y");
INSERT INTO ez_testbed VALUES("5","gg","","2","6","COMPLETE","PRIVATE","2009-10-30 11:32:31","2","","","Y");
INSERT INTO ez_testbed VALUES("4","test_testbed111","","2","6","COMPLETE","PUBLIC","2009-10-30 11:26:28","2","","","Y");
INSERT INTO ez_testbed VALUES("7","testbed","","3","6","COMPLETE","PRIVATE","2009-10-30 14:08:48","2","","","Y");
INSERT INTO ez_testbed VALUES("8","test_r","","4","6","COMPLETE","PRIVATE","2009-10-30 14:23:07","2","","","Y");
INSERT INTO ez_testbed VALUES("9","topo_r1","","4","6","COMPLETE","PRIVATE","2009-10-30 15:41:56","2","","","Y");
INSERT INTO ez_testbed VALUES("10","testbed123","","5","6","COMPLETE","PRIVATE","2009-11-02 16:43:54","2","","","Y");
INSERT INTO ez_testbed VALUES("12","testbed","","4","63","COMPLETE","PRIVATE","2009-11-04 11:09:10","43","","","Y");
INSERT INTO ez_testbed VALUES("13","abdul","","","63","COMPLETE","PRIVATE","2009-11-04 12:32:46","44","","","Y");
INSERT INTO ez_testbed VALUES("14","abdul","","","66","COMPLETE","PRIVATE","2009-11-04 12:35:57","44","","","Y");
INSERT INTO ez_testbed VALUES("17","test2009","","9","6","COMPLETE","PRIVATE","2009-11-25 11:22:50","3","","","Y");
INSERT INTO ez_testbed VALUES("16","test_rstp","","10","6","COMPLETE","PRIVATE","2009-11-17 20:04:44","2","","","Y");
INSERT INTO ez_testbed VALUES("18","dd","","10","6","COMPLETE","PRIVATE","2009-11-25 11:31:37","3","","","Y");
INSERT INTO ez_testbed VALUES("19","aaaaaaaa","","10","6","COMPLETE","PRIVATE","2009-11-25 11:53:11","3","","","Y");
INSERT INTO ez_testbed VALUES("20","xx","","5","6","COMPLETE","PUBLIC","2009-11-25 12:09:56","3","","","Y");
INSERT INTO ez_testbed VALUES("21","sssssssssss","","10","6","COMPLETE","PRIVATE","2009-11-25 12:15:59","3","","","Y");
INSERT INTO ez_testbed VALUES("22","aa","","10","6","COMPLETE","PRIVATE","2009-11-25 12:16:51","3","","","Y");
INSERT INTO ez_testbed VALUES("23","2009","","3","6","COMPLETE","PUBLIC","2009-11-25 12:21:23","3","","","Y");
INSERT INTO ez_testbed VALUES("24","abdul","","","6","COMPLETE","PRIVATE","2009-11-26 19:37:22","3","","","Y");
INSERT INTO ez_testbed VALUES("25","abdul","","","67","COMPLETE","PRIVATE","2009-11-30 16:59:47","3","","","Y");
INSERT INTO ez_testbed VALUES("31","tb_20_6_xx","","","6","COMPLETE","PRIVATE","2009-11-25 12:15:20","3","","","Y");
INSERT INTO ez_testbed VALUES("29","abdul","","","72","COMPLETE","PRIVATE","2009-12-04 18:44:52","3","","","Y");
INSERT INTO ez_testbed VALUES("30","abdul","","","73","COMPLETE","PRIVATE","2009-12-04 18:45:30","3","","","Y");
INSERT INTO ez_testbed VALUES("32","tb_23_6_2009","","","6","COMPLETE","PRIVATE","2009-11-25 12:21:23","3","","","Y");
INSERT INTO ez_testbed VALUES("33","tb_19_6_aaaaaaaa","","","6","COMPLETE","PRIVATE","2009-11-25 11:53:11","3","","","Y");
INSERT INTO ez_testbed VALUES("34","tb_17_6_test2009","","","6","COMPLETE","PRIVATE","2009-11-25 11:22:50","3","","","Y");
INSERT INTO ez_testbed VALUES("35","tb_22_6_aa","","","6","COMPLETE","PRIVATE","2009-11-25 12:16:51","3","","","Y");
INSERT INTO ez_testbed VALUES("36","tb_21_6_sssssssssss","","","6","COMPLETE","PRIVATE","2009-11-25 12:15:59","3","","","Y");
INSERT INTO ez_testbed VALUES("37","tb_18_6_dd","","","6","COMPLETE","PRIVATE","2009-11-25 11:36:55","3","","","Y");
INSERT INTO ez_testbed VALUES("38","tb_7_6_testbed","","","6","COMPLETE","PRIVATE","2009-11-17 13:47:47","3","","","Y");
INSERT INTO ez_testbed VALUES("39","tb_8_6_test_r","","","6","COMPLETE","PRIVATE","2009-11-18 10:40:27","3","","","Y");
INSERT INTO ez_testbed VALUES("40","tb_16_6_test_rstp","","","6","COMPLETE","PRIVATE","2009-11-18 10:05:47","3","","","Y");



CREATE TABLE `ez_testcase_prerequest` (
  `testcaseid` int(11) NOT NULL,
  `prerequestid` int(11) NOT NULL,
  `sortorder` mediumint(6) NOT NULL
) ENGINE=MyISAM DEFAULT CHARSET=latin1 COMMENT='for storing testcase pre request ';

INSERT INTO ez_testcase_prerequest VALUES("19","19","0");
INSERT INTO ez_testcase_prerequest VALUES("20","15","2");
INSERT INTO ez_testcase_prerequest VALUES("19","20","1");
INSERT INTO ez_testcase_prerequest VALUES("19","21","2");
INSERT INTO ez_testcase_prerequest VALUES("11","3","0");
INSERT INTO ez_testcase_prerequest VALUES("17","0","0");
INSERT INTO ez_testcase_prerequest VALUES("3","0","0");
INSERT INTO ez_testcase_prerequest VALUES("40","248","2");
INSERT INTO ez_testcase_prerequest VALUES("41","0","0");
INSERT INTO ez_testcase_prerequest VALUES("42","0","0");
INSERT INTO ez_testcase_prerequest VALUES("43","56","0");
INSERT INTO ez_testcase_prerequest VALUES("38","3","0");
INSERT INTO ez_testcase_prerequest VALUES("38","11","1");
INSERT INTO ez_testcase_prerequest VALUES("56","0","0");
INSERT INTO ez_testcase_prerequest VALUES("74","0","0");
INSERT INTO ez_testcase_prerequest VALUES("85","0","0");
INSERT INTO ez_testcase_prerequest VALUES("130","0","0");
INSERT INTO ez_testcase_prerequest VALUES("120","0","0");
INSERT INTO ez_testcase_prerequest VALUES("172","0","0");
INSERT INTO ez_testcase_prerequest VALUES("160","0","0");
INSERT INTO ez_testcase_prerequest VALUES("185","168","1");
INSERT INTO ez_testcase_prerequest VALUES("185","167","0");
INSERT INTO ez_testcase_prerequest VALUES("148","0","0");
INSERT INTO ez_testcase_prerequest VALUES("247","8","0");
INSERT INTO ez_testcase_prerequest VALUES("244","38","20");
INSERT INTO ez_testcase_prerequest VALUES("244","21","19");
INSERT INTO ez_testcase_prerequest VALUES("244","20","18");
INSERT INTO ez_testcase_prerequest VALUES("244","19","17");
INSERT INTO ez_testcase_prerequest VALUES("244","18","16");
INSERT INTO ez_testcase_prerequest VALUES("244","17","15");
INSERT INTO ez_testcase_prerequest VALUES("244","16","14");
INSERT INTO ez_testcase_prerequest VALUES("244","15","13");
INSERT INTO ez_testcase_prerequest VALUES("244","14","12");
INSERT INTO ez_testcase_prerequest VALUES("244","13","11");
INSERT INTO ez_testcase_prerequest VALUES("244","12","10");
INSERT INTO ez_testcase_prerequest VALUES("244","10","9");
INSERT INTO ez_testcase_prerequest VALUES("244","9","8");
INSERT INTO ez_testcase_prerequest VALUES("244","8","7");
INSERT INTO ez_testcase_prerequest VALUES("244","7","6");
INSERT INTO ez_testcase_prerequest VALUES("244","6","5");
INSERT INTO ez_testcase_prerequest VALUES("244","5","4");
INSERT INTO ez_testcase_prerequest VALUES("244","4","3");
INSERT INTO ez_testcase_prerequest VALUES("244","3","2");
INSERT INTO ez_testcase_prerequest VALUES("244","2","1");
INSERT INTO ez_testcase_prerequest VALUES("244","1","0");
INSERT INTO ez_testcase_prerequest VALUES("20","3","1");
INSERT INTO ez_testcase_prerequest VALUES("20","2","0");
INSERT INTO ez_testcase_prerequest VALUES("248","0","0");
INSERT INTO ez_testcase_prerequest VALUES("40","244","1");
INSERT INTO ez_testcase_prerequest VALUES("40","56","0");
INSERT INTO ez_testcase_prerequest VALUES("14","34","14");
INSERT INTO ez_testcase_prerequest VALUES("14","33","13");
INSERT INTO ez_testcase_prerequest VALUES("14","32","12");
INSERT INTO ez_testcase_prerequest VALUES("14","31","11");
INSERT INTO ez_testcase_prerequest VALUES("14","30","10");
INSERT INTO ez_testcase_prerequest VALUES("14","12","9");
INSERT INTO ez_testcase_prerequest VALUES("14","11","8");
INSERT INTO ez_testcase_prerequest VALUES("14","10","7");
INSERT INTO ez_testcase_prerequest VALUES("14","9","6");
INSERT INTO ez_testcase_prerequest VALUES("14","8","5");
INSERT INTO ez_testcase_prerequest VALUES("14","5","4");
INSERT INTO ez_testcase_prerequest VALUES("14","4","3");
INSERT INTO ez_testcase_prerequest VALUES("14","3","2");
INSERT INTO ez_testcase_prerequest VALUES("14","2","1");
INSERT INTO ez_testcase_prerequest VALUES("14","1","0");



CREATE TABLE `ez_testcases` (
  `testcaseid` int(11) NOT NULL auto_increment,
  `tc_id` varchar(45) NOT NULL COMMENT 'will be autogenerated and numbered serially thru the entire project',
  `description` text,
  `featureid` int(11) default NULL,
  `moduleid` int(11) default NULL,
  `projectid` int(11) default NULL,
  `topologyid` int(11) NOT NULL default '0',
  `testbedid` int(11) NOT NULL default '0',
  `addedby` int(11) default NULL COMMENT 'the user id who created, added this testcase',
  `plannedfor` int(11) default NULL,
  `planduedate` date default NULL,
  `plannedby` int(11) default NULL,
  `planstatus` enum('Y','N') default 'N',
  `planned_on` date default NULL,
  `scheduledfor` int(11) default NULL,
  `scheduleduedate` date default NULL,
  `executedby` int(11) default NULL,
  `executionstatus` enum('P','F','N','E') default 'N',
  `executed_on` datetime default NULL,
  `msecs` decimal(11,0) NOT NULL COMMENT 'milliseconds of execution time',
  `validate_type` enum('A','M') NOT NULL default 'A',
  `testscript_name` varchar(255) NOT NULL,
  `svnfile` enum('Y','N') NOT NULL default 'Y',
  `testcasesteps` text NOT NULL,
  `passfailcriteria` text NOT NULL,
  PRIMARY KEY  (`testcaseid`)
) ENGINE=MyISAM AUTO_INCREMENT=542 DEFAULT CHARSET=latin1;

INSERT INTO ez_testcases VALUES("1","TC_EZTEST_0000001","2.0.4.tcl","1","1","6","0","10","3","2","2009-11-26","3","Y","2009-10-29","3","","2","E","2009-11-20 13:44:08","42799","A","2.0.4.tcl","Y","","");
INSERT INTO ez_testcases VALUES("2","TC_EZTEST_0000002","123.tcl","1","1","6","0","10","3","2","2009-11-26","3","Y","2009-10-29","3","","2","E","2009-11-20 11:50:54","850119","A","123.tcl","Y","","");
INSERT INTO ez_testcases VALUES("3","TC_EZTEST_0000003","t2.tcl","1","1","6","5","10","3","2","2009-11-26","0","Y","0000-00-00","3","","2","F","2009-11-20 11:51:02","944666","A","t2.tcl","Y","","");
INSERT INTO ez_testcases VALUES("4","TC_EZTEST_0000004","abc123.tcl","1","1","6","0","10","3","2","2009-11-26","3","Y","2009-10-29","3","","","E","","0","A","abc123.tcl","Y","","");
INSERT INTO ez_testcases VALUES("5","TC_EZTEST_0000005","205.tcl","1","1","6","0","10","3","2","2009-11-26","3","Y","2009-10-29","3","","","E","","0","A","205.tcl","Y","","");
INSERT INTO ez_testcases VALUES("6","TC_EZTEST_0000006","t7.tcl","1","1","6","0","10","3","2","2009-11-26","3","Y","2009-10-29","3","","","N","","0","A","t7.tcl","Y","","");
INSERT INTO ez_testcases VALUES("7","TC_EZTEST_0000007","t6.tcl","1","1","6","0","10","3","2","2009-11-26","3","Y","2009-10-29","3","","","N","","0","A","t6.tcl","Y","","");
INSERT INTO ez_testcases VALUES("8","TC_EZTEST_0000008","t1111.tcl","1","1","6","0","10","3","2","2009-11-26","3","Y","2009-10-29","3","","","N","","0","A","t1111.tcl","Y","","");
INSERT INTO ez_testcases VALUES("9","TC_EZTEST_0000009","206.tcl","1","1","6","0","10","3","2","2009-11-26","3","Y","2009-10-29","3","","","N","","0","A","206.tcl","Y","","");
INSERT INTO ez_testcases VALUES("10","TC_EZTEST_0000010","t10.tcl","1","1","6","0","10","3","2","2009-11-26","3","Y","2009-10-29","3","","","N","","0","A","t10.tcl","Y","","");
INSERT INTO ez_testcases VALUES("11","TC_EZTEST_0000011","t1.tcl","1","1","6","5","10","3","2","2009-11-26","0","Y","0000-00-00","3","","","N","","0","A","t1.tcl","Y","","");
INSERT INTO ez_testcases VALUES("12","TC_EZTEST_0000012","t9.tcl","1","1","6","0","10","3","2","2009-11-26","3","Y","2009-10-29","3","","","N","","0","A","t9.tcl","Y","","");
INSERT INTO ez_testcases VALUES("13","TC_EZTEST_0000013","t3.tcl","1","1","6","0","10","3","2","2009-11-26","3","Y","2009-10-29","3","","","N","","0","A","t3.tcl","Y","","");
INSERT INTO ez_testcases VALUES("14","TC_EZTEST_0000014","2.2.5.6aaaaaaa.tcl","1","1","6","10","10","3","2","2009-11-26","2","Y","2009-11-25","2","","","N","","0","A","2.2.5.6.tcl","Y","aaaaaaaa","aaabbbbbbbbbbb");
INSERT INTO ez_testcases VALUES("15","TC_EZTEST_0000015","222.tcl","1","1","6","0","10","3","2","2009-11-26","3","Y","2009-10-29","3","","2","F","2009-11-20 11:51:11","52622","A","222.tcl","Y","","");
INSERT INTO ez_testcases VALUES("16","TC_EZTEST_0000016","t5.tcl","1","1","6","0","10","3","2","2009-11-26","3","Y","2009-10-29","3","","","N","","0","A","t5.tcl","Y","","");
INSERT INTO ez_testcases VALUES("17","TC_EZTEST_0000017","11111.tcl","1","1","6","4","10","3","2","2009-11-26","13","Y","2009-11-03","3","","2","E","2009-11-03 11:56:03","130577","A","11111.tcl","Y","Test","Test");
INSERT INTO ez_testcases VALUES("18","TC_EZTEST_0000018","t8.tcl","1","1","6","0","10","3","2","2009-11-26","3","Y","2009-10-29","3","","","N","","0","A","t8.tcl","Y","","");
INSERT INTO ez_testcases VALUES("19","TC_EZTEST_0000019","dddd.tcl","1","1","6","0","10","3","2","2009-11-26","13","Y","2009-10-31","3","","","N","","0","A","dddd.tcl","Y","","");
INSERT INTO ez_testcases VALUES("20","TC_EZTEST_0000020","this is a test testcase","1","1","6","10","10","3","2","2009-11-26","2","Y","2009-11-24","2","","2","E","2009-11-02 17:20:10","173517","A","111.tcl","Y","","");
INSERT INTO ez_testcases VALUES("21","TC_EZTEST_0000021","t4.tcl","1","1","6","0","10","3","2","2009-11-26","3","Y","2009-10-29","3","","","N","","0","A","t4.tcl","Y","","");
INSERT INTO ez_testcases VALUES("22","TC_EZTEST_0000022","1.1.5.6.tcl","2","1","6","0","4","3","2","2009-11-27","3","Y","2009-10-29","3","","","N","","0","A","1.1.5.6.tcl","Y","","");
INSERT INTO ez_testcases VALUES("23","TC_EZTEST_0000023","1.end.tcl","2","1","6","0","4","3","2","2009-11-27","3","Y","2009-10-29","3","","","N","","0","A","1.end.tcl","Y","","");
INSERT INTO ez_testcases VALUES("24","TC_EZTEST_0000024","1.1.5.1-2.tcl","2","1","6","0","4","3","2","2009-11-27","3","Y","2009-10-29","3","","","N","","0","A","1.1.5.1-2.tcl","Y","","");
INSERT INTO ez_testcases VALUES("25","TC_EZTEST_0000025","1.1.3.1-2.tcl","2","1","6","0","4","3","2","2009-11-27","3","Y","2009-10-29","3","","","N","","0","A","1.1.3.1-2.tcl","Y","","");
INSERT INTO ez_testcases VALUES("26","TC_EZTEST_0000026","1.1.1.1-2.tcl","2","1","6","0","4","3","2","2009-11-27","3","Y","2009-10-29","3","","2","F","0000-00-00 00:00:00","0","A","1.1.1.1-2.tcl","Y","","");
INSERT INTO ez_testcases VALUES("27","TC_EZTEST_0000027","1.2.1.3.tcl","2","1","6","0","4","3","2","2009-11-27","3","Y","2009-10-29","3","","","N","","0","A","1.2.1.3.tcl","Y","","");
INSERT INTO ez_testcases VALUES("28","TC_EZTEST_0000028","1.1.2.1-2.tcl","2","1","6","0","4","3","2","2009-11-27","3","Y","2009-10-29","3","","","N","","0","A","1.1.2.1-2.tcl","Y","","");
INSERT INTO ez_testcases VALUES("29","TC_EZTEST_0000029","1.2.1.1.tcl","2","1","6","0","4","3","2","2009-11-27","3","Y","2009-10-29","3","","","N","","0","A","1.2.1.1.tcl","Y","","");
INSERT INTO ez_testcases VALUES("30","TC_EZTEST_0000030","1.2.1.2.tcl","2","1","6","0","4","3","2","2009-11-27","3","Y","2009-10-29","3","","","N","","0","A","1.2.1.2.tcl","Y","","");
INSERT INTO ez_testcases VALUES("31","TC_EZTEST_0000031","1.tcl","2","1","6","0","4","3","2","2009-11-27","3","Y","2009-10-29","3","","","N","","0","A","1.tcl","Y","","");
INSERT INTO ez_testcases VALUES("32","TC_EZTEST_0000032","1.init.tcl","2","1","6","0","4","3","2","2009-11-27","3","Y","2009-10-29","3","","","N","","0","A","1.init.tcl","Y","","");
INSERT INTO ez_testcases VALUES("33","TC_EZTEST_0000033","1.1.4.1-2.tcl","2","1","6","0","4","3","2","2009-11-27","3","Y","2009-10-29","3","","","N","","0","A","1.1.4.1-2.tcl","Y","","");
INSERT INTO ez_testcases VALUES("34","TC_EZTEST_0000034","1.2.1.6.tcl","2","1","6","0","4","3","2","2009-11-27","3","Y","2009-10-29","3","","","N","","0","A","1.2.1.6.tcl","Y","","");
INSERT INTO ez_testcases VALUES("35","TC_EZTEST_0000035","secEtypeLib.tcl","2","1","6","0","4","3","2","2009-11-27","3","Y","2009-10-29","3","","","N","","0","A","secEtypeLib.tcl","Y","","");
INSERT INTO ez_testcases VALUES("36","TC_EZTEST_0000036","1.2.1.4.tcl","2","1","6","0","4","3","2","2009-11-27","3","Y","2009-10-29","3","","","N","","0","A","1.2.1.4.tcl","Y","","");
INSERT INTO ez_testcases VALUES("37","TC_EZTEST_0000037","1.2.1.5.tcl","2","1","6","0","4","3","2","2009-11-27","3","Y","2009-10-29","3","","","N","","0","A","1.2.1.5.tcl","Y","","");
INSERT INTO ez_testcases VALUES("39","TC_EZTEST_0000039","Negative test case for bgp neighbor","3","2","6","0","0","13","13","","","N","","3","","","N","","0","A","","Y","","");
INSERT INTO ez_testcases VALUES("38","TC_EZTEST_0000038","$testNo","1","1","6","3","10","2","2","2009-11-26","0","Y","0000-00-00","3","","","N","","0","A","sam.tcl","N","","");
INSERT INTO ez_testcases VALUES("40","TC_EZTEST_0000040","$testNo","1","1","6","2","10","13","2","2009-11-26","2","Y","2009-11-20","2","","","E","","0","A","test_new.tcl","Y","","");
INSERT INTO ez_testcases VALUES("41","TC_EZTEST_0000041","$testNo","1","1","6","2","10","13","2","2009-11-26","0","Y","0000-00-00","3","","","N","","0","A","122.tcl","N","","");
INSERT INTO ez_testcases VALUES("42","TC_EZTEST_0000042","$testNo","1","1","6","2","10","13","2","2009-11-26","0","Y","0000-00-00","3","","","N","","0","A","121.tcl","N","","");
INSERT INTO ez_testcases VALUES("43","TC_EZTEST_0000043","$testNo","1","1","6","4","10","2","2","2009-11-26","0","N","0000-00-00","2","","2","E","2009-11-06 14:22:11","924241","A","11.tcl","N","","");
INSERT INTO ez_testcases VALUES("56","TC_EZTEST_0000044","$testNo","1","1","6","4","10","2","2","2009-11-26","2","Y","2009-11-20","2","","2","E","2009-11-20 14:35:29","93472","A","133.tcl","N","","");
INSERT INTO ez_testcases VALUES("57","TC_RADDTV_0000001","122_c.tcl","13","9","63","0","0","42","43","2009-11-04","42","Y","2009-11-04","42","","","N","","0","A","122_c.tcl","Y","","");
INSERT INTO ez_testcases VALUES("58","TC_RADDTV_0000002","2.0.4.tcl","13","9","63","0","0","42","43","2009-11-04","42","Y","2009-11-04","42","","","N","","0","A","2.0.4.tcl","Y","","");
INSERT INTO ez_testcases VALUES("59","TC_RADDTV_0000003","123.tcl","13","9","63","0","0","42","43","2009-11-04","42","Y","2009-11-04","42","","","N","","0","A","123.tcl","Y","","");
INSERT INTO ez_testcases VALUES("60","TC_RADDTV_0000004","t2.tcl","13","9","63","0","0","42","43","2009-11-04","42","Y","2009-11-04","42","","","N","","0","A","t2.tcl","Y","","");
INSERT INTO ez_testcases VALUES("61","TC_RADDTV_0000005","abc123.tcl","13","9","63","0","0","42","43","2009-11-04","42","Y","2009-11-04","42","","","N","","0","A","abc123.tcl","Y","","");
INSERT INTO ez_testcases VALUES("62","TC_RADDTV_0000006","122.tcl","13","9","63","0","0","42","43","2009-11-04","42","Y","2009-11-04","42","","","N","","0","A","122.tcl","Y","","");
INSERT INTO ez_testcases VALUES("63","TC_RADDTV_0000007","205.tcl","13","9","63","0","0","42","43","2009-11-04","42","Y","2009-11-04","42","","","N","","0","A","205.tcl","Y","","");
INSERT INTO ez_testcases VALUES("64","TC_RADDTV_0000008","t7.tcl","13","9","63","0","0","42","43","2009-11-04","42","Y","2009-11-04","42","","","N","","0","A","t7.tcl","Y","","");
INSERT INTO ez_testcases VALUES("65","TC_RADDTV_0000009","133_c.tcl","13","9","63","0","0","42","43","2009-11-04","42","Y","2009-11-04","42","","","N","","0","A","133_c.tcl","Y","","");
INSERT INTO ez_testcases VALUES("66","TC_RADDTV_0000010","111111.tcl","13","9","63","0","0","42","43","2009-11-04","42","Y","2009-11-04","42","","","N","","0","A","111111.tcl","Y","","");
INSERT INTO ez_testcases VALUES("67","TC_RADDTV_0000011","t6.tcl","13","9","63","0","0","42","43","2009-11-04","42","Y","2009-11-04","42","","","N","","0","A","t6.tcl","Y","","");
INSERT INTO ez_testcases VALUES("68","TC_RADDTV_0000012","121_c.tcl","13","9","63","0","0","42","43","2009-11-04","42","Y","2009-11-04","42","","","N","","0","A","121_c.tcl","Y","","");
INSERT INTO ez_testcases VALUES("69","TC_RADDTV_0000013","133.tcl","13","9","63","0","0","42","43","2009-11-04","42","Y","2009-11-04","42","","","N","","0","A","133.tcl","Y","","");
INSERT INTO ez_testcases VALUES("70","TC_RADDTV_0000014","t1111.tcl","13","9","63","0","0","42","43","2009-11-04","42","Y","2009-11-04","42","","","N","","0","A","t1111.tcl","Y","","");
INSERT INTO ez_testcases VALUES("71","TC_RADDTV_0000015","206.tcl","13","9","63","0","0","42","43","2009-11-04","42","Y","2009-11-04","42","","","N","","0","A","206.tcl","Y","","");
INSERT INTO ez_testcases VALUES("72","TC_RADDTV_0000016","t10.tcl","13","9","63","0","0","42","43","2009-11-04","42","Y","2009-11-04","42","","","N","","0","A","t10.tcl","Y","","");
INSERT INTO ez_testcases VALUES("73","TC_RADDTV_0000017","t1.tcl","13","9","63","0","0","42","43","2009-11-04","42","Y","2009-11-04","42","","","N","","0","A","t1.tcl","Y","","");
INSERT INTO ez_testcases VALUES("74","TC_RADDTV_0000018","11.tcl","13","9","63","4","0","42","43","2009-11-04","43","Y","2009-11-04","43","","43","P","2009-11-04 12:50:30","27788","A","11.tcl","Y","sss","sss");
INSERT INTO ez_testcases VALUES("75","TC_RADDTV_0000019","t9.tcl","13","9","63","0","0","42","43","2009-11-04","42","Y","2009-11-04","42","","","N","","0","A","t9.tcl","Y","","");
INSERT INTO ez_testcases VALUES("76","TC_RADDTV_0000020","t3.tcl","13","9","63","0","0","42","43","2009-11-04","42","Y","2009-11-04","42","","","N","","0","A","t3.tcl","Y","","");
INSERT INTO ez_testcases VALUES("77","TC_RADDTV_0000021","2.2.5.6.tcl","13","9","63","0","0","42","43","2009-11-04","42","Y","2009-11-04","42","","","N","","0","A","2.2.5.6.tcl","Y","","");
INSERT INTO ez_testcases VALUES("78","TC_RADDTV_0000022","121.tcl","13","9","63","0","0","42","43","2009-11-04","42","Y","2009-11-04","42","","","N","","0","A","121.tcl","Y","","");
INSERT INTO ez_testcases VALUES("79","TC_RADDTV_0000023","222.tcl","13","9","63","0","0","42","43","2009-11-04","42","Y","2009-11-04","42","","","N","","0","A","222.tcl","Y","","");
INSERT INTO ez_testcases VALUES("80","TC_RADDTV_0000024","t5.tcl","13","9","63","0","0","42","43","2009-11-04","42","Y","2009-11-04","42","","","N","","0","A","t5.tcl","Y","","");
INSERT INTO ez_testcases VALUES("81","TC_RADDTV_0000025","11111.tcl","13","9","63","0","0","42","43","2009-11-04","42","Y","2009-11-04","42","","","N","","0","A","11111.tcl","Y","","");
INSERT INTO ez_testcases VALUES("82","TC_RADDTV_0000026","t8.tcl","13","9","63","0","0","42","43","2009-11-04","42","Y","2009-11-04","42","","","N","","0","A","t8.tcl","Y","","");
INSERT INTO ez_testcases VALUES("83","TC_RADDTV_0000027","dddd.tcl","13","9","63","0","0","42","43","2009-11-04","42","Y","2009-11-04","42","","","N","","0","A","dddd.tcl","Y","","");
INSERT INTO ez_testcases VALUES("84","TC_RADDTV_0000028","11_c.tcl","13","9","63","0","0","42","43","2009-11-04","42","Y","2009-11-04","42","","","N","","0","A","11_c.tcl","Y","","");
INSERT INTO ez_testcases VALUES("85","TC_RADDTV_0000029","111.tcl","13","9","63","4","0","42","43","2009-11-04","43","Y","2009-11-04","43","","","N","","0","A","111.tcl","Y","","");
INSERT INTO ez_testcases VALUES("86","TC_RADDTV_0000030","t4.tcl","13","9","63","0","0","42","43","2009-11-04","42","Y","2009-11-04","42","","","N","","0","A","t4.tcl","Y","","");
INSERT INTO ez_testcases VALUES("87","TC_RADDTV_0000031","1.1.5.6.tcl","14","9","63","0","0","42","42","","42","Y","2009-11-04","42","","","N","","0","A","1.1.5.6.tcl","Y","","");
INSERT INTO ez_testcases VALUES("88","TC_RADDTV_0000032","1.end.tcl","14","9","63","0","0","42","42","","42","Y","2009-11-04","42","","","N","","0","A","1.end.tcl","Y","","");
INSERT INTO ez_testcases VALUES("89","TC_RADDTV_0000033","1.1.5.1-2.tcl","14","9","63","0","0","42","42","","42","Y","2009-11-04","42","","","N","","0","A","1.1.5.1-2.tcl","Y","","");
INSERT INTO ez_testcases VALUES("90","TC_RADDTV_0000034","1.1.3.1-2.tcl","14","9","63","0","0","42","42","","42","Y","2009-11-04","42","","","N","","0","A","1.1.3.1-2.tcl","Y","","");
INSERT INTO ez_testcases VALUES("91","TC_RADDTV_0000035","1.1.1.1-2.tcl","14","9","63","0","0","42","42","","42","Y","2009-11-04","42","","","N","","0","A","1.1.1.1-2.tcl","Y","","");
INSERT INTO ez_testcases VALUES("92","TC_RADDTV_0000036","1.2.1.3.tcl","14","9","63","0","0","42","42","","42","Y","2009-11-04","42","","","N","","0","A","1.2.1.3.tcl","Y","","");
INSERT INTO ez_testcases VALUES("93","TC_RADDTV_0000037","1.1.2.1-2.tcl","14","9","63","0","0","42","42","","42","Y","2009-11-04","42","","","N","","0","A","1.1.2.1-2.tcl","Y","","");
INSERT INTO ez_testcases VALUES("94","TC_RADDTV_0000038","1.2.1.1.tcl","14","9","63","0","0","42","42","","42","Y","2009-11-04","42","","","N","","0","A","1.2.1.1.tcl","Y","","");
INSERT INTO ez_testcases VALUES("95","TC_RADDTV_0000039","1.2.1.2.tcl","14","9","63","0","0","42","42","","42","Y","2009-11-04","42","","","N","","0","A","1.2.1.2.tcl","Y","","");
INSERT INTO ez_testcases VALUES("96","TC_RADDTV_0000040","1.tcl","14","9","63","0","0","42","42","","42","Y","2009-11-04","42","","","N","","0","A","1.tcl","Y","","");
INSERT INTO ez_testcases VALUES("97","TC_RADDTV_0000041","1.init.tcl","14","9","63","0","0","42","42","","42","Y","2009-11-04","42","","","N","","0","A","1.init.tcl","Y","","");
INSERT INTO ez_testcases VALUES("98","TC_RADDTV_0000042","1.1.4.1-2.tcl","14","9","63","0","0","42","42","","42","Y","2009-11-04","42","","","N","","0","A","1.1.4.1-2.tcl","Y","","");
INSERT INTO ez_testcases VALUES("99","TC_RADDTV_0000043","1.2.1.6.tcl","14","9","63","0","0","42","42","","42","Y","2009-11-04","42","","","N","","0","A","1.2.1.6.tcl","Y","","");
INSERT INTO ez_testcases VALUES("100","TC_RADDTV_0000044","secEtypeLib.tcl","14","9","63","0","0","42","42","","42","Y","2009-11-04","42","","","N","","0","A","secEtypeLib.tcl","Y","","");
INSERT INTO ez_testcases VALUES("101","TC_RADDTV_0000045","1.2.1.4.tcl","14","9","63","0","0","42","42","","42","Y","2009-11-04","42","","","N","","0","A","1.2.1.4.tcl","Y","","");
INSERT INTO ez_testcases VALUES("102","TC_RADDTV_0000046","1.2.1.5.tcl","14","9","63","0","0","42","42","","42","Y","2009-11-04","42","","","N","","0","A","1.2.1.5.tcl","Y","","");
INSERT INTO ez_testcases VALUES("103","TC_RADDTV_0000047","Negative test case for bgp neighbor","15","12","63","0","0","42","42","","","N","","0","","","N","","0","A","1.tcl","Y","","");
INSERT INTO ez_testcases VALUES("104","TC_RADDTV_0000048","Negative test case for bgp neighbor","16","13","63","0","0","42","42","","","N","","0","","","N","","0","A","2.tcl","Y","","");
INSERT INTO ez_testcases VALUES("105","TC_RADDTV_0000049","Negative test case for bgp neighbor","17","14","63","0","0","42","42","","","N","","0","","","N","","0","A","3.tcl","Y","","");
INSERT INTO ez_testcases VALUES("106","TC_STMI_0000001","2.0.4.tcl","18","15","66","0","0","44","46","2009-11-25","44","Y","2009-11-04","44","","","N","","0","A","2.0.4.tcl","Y","","");
INSERT INTO ez_testcases VALUES("107","TC_STMI_0000002","123.tcl","18","15","66","0","0","44","46","2009-11-25","44","Y","2009-11-04","44","","","N","","0","A","123.tcl","Y","","");
INSERT INTO ez_testcases VALUES("108","TC_STMI_0000003","t2.tcl","18","15","66","0","0","44","46","2009-11-25","44","Y","2009-11-04","44","","","N","","0","A","t2.tcl","Y","","");
INSERT INTO ez_testcases VALUES("109","TC_STMI_0000004","abc123.tcl","18","15","66","0","0","44","46","2009-11-25","44","Y","2009-11-04","44","","","N","","0","A","abc123.tcl","Y","","");
INSERT INTO ez_testcases VALUES("110","TC_STMI_0000005","122.tcl","18","15","66","0","0","44","46","2009-11-25","44","Y","2009-11-04","44","","","N","","0","A","122.tcl","Y","","");
INSERT INTO ez_testcases VALUES("111","TC_STMI_0000006","205.tcl","18","15","66","0","0","44","46","2009-11-25","44","Y","2009-11-04","44","","6","F","2009-11-13 15:30:30","378327","A","205.tcl","Y","","");
INSERT INTO ez_testcases VALUES("112","TC_STMI_0000007","t7.tcl","18","15","66","0","0","44","46","2009-11-25","44","Y","2009-11-04","44","","","N","","0","A","t7.tcl","Y","","");
INSERT INTO ez_testcases VALUES("113","TC_STMI_0000008","111111.tcl","18","15","66","0","0","44","46","2009-11-25","44","Y","2009-11-04","44","","","N","","0","A","111111.tcl","Y","","");
INSERT INTO ez_testcases VALUES("114","TC_STMI_0000009","t6.tcl","18","15","66","0","0","44","46","2009-11-25","44","Y","2009-11-04","44","","","N","","0","A","t6.tcl","Y","","");
INSERT INTO ez_testcases VALUES("115","TC_STMI_0000010","133.tcl","18","15","66","0","0","44","46","2009-11-25","44","Y","2009-11-04","44","","6","P","2009-11-13 14:47:52","891254","A","133.tcl","Y","","");
INSERT INTO ez_testcases VALUES("116","TC_STMI_0000011","t1111.tcl","18","15","66","0","0","44","46","2009-11-25","44","Y","2009-11-04","44","","6","P","2009-11-16 11:58:00","168889","A","t1111.tcl","Y","","");
INSERT INTO ez_testcases VALUES("117","TC_STMI_0000012","206.tcl","18","15","66","0","0","44","46","2009-11-25","44","Y","2009-11-04","44","","","N","","0","A","206.tcl","Y","","");
INSERT INTO ez_testcases VALUES("118","TC_STMI_0000013","t10.tcl","18","15","66","0","0","44","46","2009-11-25","44","Y","2009-11-04","44","","","N","","0","A","t10.tcl","Y","","");
INSERT INTO ez_testcases VALUES("119","TC_STMI_0000014","t1.tcl","18","15","66","0","0","44","46","2009-11-25","44","Y","2009-11-04","44","","","N","","0","A","t1.tcl","Y","","");
INSERT INTO ez_testcases VALUES("120","TC_STMI_0000015","11.tcl","18","15","66","4","0","44","46","2009-11-25","46","Y","2009-11-05","46","","","N","","0","A","11.tcl","Y","","");
INSERT INTO ez_testcases VALUES("121","TC_STMI_0000016","t9.tcl","18","15","66","0","0","44","46","2009-11-25","44","Y","2009-11-04","44","","","N","","0","A","t9.tcl","Y","","");
INSERT INTO ez_testcases VALUES("122","TC_STMI_0000017","t3.tcl","18","15","66","0","0","44","46","2009-11-25","44","Y","2009-11-04","44","","","N","","0","A","t3.tcl","Y","","");
INSERT INTO ez_testcases VALUES("123","TC_STMI_0000018","2.2.5.6.tcl","18","15","66","0","0","44","46","2009-11-25","44","Y","2009-11-04","44","","","N","","0","A","2.2.5.6.tcl","Y","","");
INSERT INTO ez_testcases VALUES("124","TC_STMI_0000019","121.tcl","18","15","66","0","0","44","46","2009-11-25","44","Y","2009-11-04","44","","","N","","0","A","121.tcl","Y","","");
INSERT INTO ez_testcases VALUES("125","TC_STMI_0000020","222.tcl","18","15","66","0","0","44","46","2009-11-25","44","Y","2009-11-04","44","","","N","","0","A","222.tcl","Y","","");
INSERT INTO ez_testcases VALUES("126","TC_STMI_0000021","t5.tcl","18","15","66","0","0","44","46","2009-11-25","44","Y","2009-11-04","44","","","N","","0","A","t5.tcl","Y","","");
INSERT INTO ez_testcases VALUES("127","TC_STMI_0000022","11111.tcl","18","15","66","0","0","44","46","2009-11-25","44","Y","2009-11-04","44","","","N","","0","A","11111.tcl","Y","","");
INSERT INTO ez_testcases VALUES("128","TC_STMI_0000023","t8.tcl","18","15","66","0","0","44","46","2009-11-25","44","Y","2009-11-04","44","","","N","","0","A","t8.tcl","Y","","");
INSERT INTO ez_testcases VALUES("129","TC_STMI_0000024","dddd.tcl","18","15","66","0","0","44","46","2009-11-25","44","Y","2009-11-04","44","","","N","","0","A","dddd.tcl","Y","","");
INSERT INTO ez_testcases VALUES("130","TC_STMI_0000025","111.tcl","18","15","66","4","0","44","46","2009-11-25","46","Y","2009-11-04","46","","","N","","0","A","111.tcl","Y","Sample","Passed");
INSERT INTO ez_testcases VALUES("131","TC_STMI_0000026","t4.tcl","18","15","66","0","0","44","46","2009-11-25","44","Y","2009-11-04","44","","","N","","0","A","t4.tcl","Y","","");
INSERT INTO ez_testcases VALUES("132","TC_STMI_0000027","1.1.5.6.tcl","19","15","66","0","0","44","44","","44","Y","2009-11-04","44","","","N","","0","A","1.1.5.6.tcl","Y","","");
INSERT INTO ez_testcases VALUES("133","TC_STMI_0000028","1.end.tcl","19","15","66","0","0","44","44","","44","Y","2009-11-04","44","","","N","","0","A","1.end.tcl","Y","","");
INSERT INTO ez_testcases VALUES("134","TC_STMI_0000029","1.1.5.1-2.tcl","19","15","66","0","0","44","44","","44","Y","2009-11-04","44","","","N","","0","A","1.1.5.1-2.tcl","Y","","");
INSERT INTO ez_testcases VALUES("135","TC_STMI_0000030","1.1.3.1-2.tcl","19","15","66","0","0","44","44","","44","Y","2009-11-04","44","","","N","","0","A","1.1.3.1-2.tcl","Y","","");
INSERT INTO ez_testcases VALUES("136","TC_STMI_0000031","1.1.1.1-2.tcl","19","15","66","0","0","44","44","","44","Y","2009-11-04","44","","","N","","0","A","1.1.1.1-2.tcl","Y","","");
INSERT INTO ez_testcases VALUES("137","TC_STMI_0000032","1.2.1.3.tcl","19","15","66","0","0","44","44","","44","Y","2009-11-04","44","","","N","","0","A","1.2.1.3.tcl","Y","","");
INSERT INTO ez_testcases VALUES("138","TC_STMI_0000033","1.1.2.1-2.tcl","19","15","66","0","0","44","44","","44","Y","2009-11-04","44","","","N","","0","A","1.1.2.1-2.tcl","Y","","");
INSERT INTO ez_testcases VALUES("139","TC_STMI_0000034","1.2.1.1.tcl","19","15","66","0","0","44","44","","44","Y","2009-11-04","44","","","N","","0","A","1.2.1.1.tcl","Y","","");
INSERT INTO ez_testcases VALUES("140","TC_STMI_0000035","1.2.1.2.tcl","19","15","66","0","0","44","44","","44","Y","2009-11-04","44","","","N","","0","A","1.2.1.2.tcl","Y","","");
INSERT INTO ez_testcases VALUES("141","TC_STMI_0000036","1.tcl","19","15","66","0","0","44","44","","44","Y","2009-11-04","44","","","N","","0","A","1.tcl","Y","","");
INSERT INTO ez_testcases VALUES("142","TC_STMI_0000037","1.init.tcl","19","15","66","0","0","44","44","","44","Y","2009-11-04","44","","","N","","0","A","1.init.tcl","Y","","");
INSERT INTO ez_testcases VALUES("143","TC_STMI_0000038","1.1.4.1-2.tcl","19","15","66","0","0","44","44","","44","Y","2009-11-04","44","","","N","","0","A","1.1.4.1-2.tcl","Y","","");
INSERT INTO ez_testcases VALUES("144","TC_STMI_0000039","1.2.1.6.tcl","19","15","66","0","0","44","44","","44","Y","2009-11-04","44","","","N","","0","A","1.2.1.6.tcl","Y","","");
INSERT INTO ez_testcases VALUES("145","TC_STMI_0000040","secEtypeLib.tcl","19","15","66","0","0","44","44","","44","Y","2009-11-04","44","","","N","","0","A","secEtypeLib.tcl","Y","","");
INSERT INTO ez_testcases VALUES("146","TC_STMI_0000041","1.2.1.4.tcl","19","15","66","0","0","44","44","","44","Y","2009-11-04","44","","","N","","0","A","1.2.1.4.tcl","Y","","");
INSERT INTO ez_testcases VALUES("147","TC_STMI_0000042","1.2.1.5.tcl","19","15","66","0","0","44","44","","44","Y","2009-11-04","44","","","N","","0","A","1.2.1.5.tcl","Y","","");
INSERT INTO ez_testcases VALUES("148","TC_EZTEST_0000045","$testNo","1","1","6","4","10","2","2","2009-11-26","0","Y","0000-00-00","3","","","N","","0","A","555.tcl","N","","");
INSERT INTO ez_testcases VALUES("149","TC_EZTEST_0000046","$testNo","1","1","6","0","10","2","2","2009-11-26","","Y","","3","","","N","","0","A","500.tcl","N","","");
INSERT INTO ez_testcases VALUES("157","TC_EZTEST_0000050","$testNo","1","1","6","0","10","2","2","2009-11-26","","Y","","3","","","N","","0","A","66.tcl","N","","");
INSERT INTO ez_testcases VALUES("156","TC_EZTEST_0000049","$testNo","1","1","6","0","10","2","2","2009-11-26","","Y","","3","","","N","","0","A","64.tcl","N","","");
INSERT INTO ez_testcases VALUES("155","TC_EZTEST_0000048","$testNo","1","1","6","0","10","2","2","2009-11-26","","Y","","3","","","N","","0","A","62.tcl","N","","");
INSERT INTO ez_testcases VALUES("154","TC_EZTEST_0000047","$testNo","1","1","6","0","10","2","2","2009-11-26","","Y","","3","","","N","","0","A","61.tcl","N","","");
INSERT INTO ez_testcases VALUES("158","TC_EZTEST_0000051","$testNo","1","1","6","0","10","2","2","2009-11-26","","Y","","3","","","N","","0","A","63.tcl","N","","");
INSERT INTO ez_testcases VALUES("159","TC_EZTEST_0000052","$testNo","1","1","6","0","10","2","2","2009-11-26","","Y","","3","","","N","","0","A","73.tcl","N","","");
INSERT INTO ez_testcases VALUES("160","TC_EZTEST_0000053","Negative test case for bgp neighbor","20","16","6","4","0","2","3","","2","Y","2009-11-05","3","","","N","","0","A","1.tcl","Y","","");
INSERT INTO ez_testcases VALUES("161","TC_EZTEST_0000054","Negative test case for bgp neighbor","21","17","6","0","0","2","3","","","N","","3","","","N","","0","A","2.tcl","Y","","");
INSERT INTO ez_testcases VALUES("162","TC_EZTEST_0000055","Negative test case for bgp neighbor","22","18","6","0","0","2","3","","","N","","3","","","N","","0","A","3.tcl","Y","","");
INSERT INTO ez_testcases VALUES("163","TC_EZTEST_0000056","Negative test case for bgp neighbor","22","18","6","0","0","2","3","","","N","","3","","","N","","0","A","4.tcl","Y","","");
INSERT INTO ez_testcases VALUES("164","TC_EZTEST_0000057","Negative test case for bgp neighbor","22","18","6","0","0","2","3","","","N","","3","","","N","","0","A","5.tcl","Y","","");
INSERT INTO ez_testcases VALUES("165","TC_EZTEST_0000058","Negative test case for bgp neighbor","22","18","6","0","0","2","3","","","N","","3","","","N","","0","A","6.tcl","Y","","");
INSERT INTO ez_testcases VALUES("166","TC_EZTEST_0000059","Negative test case for bgp neighbor","22","18","6","0","0","2","3","","","N","","3","","","N","","0","A","7.tcl","Y","","");
INSERT INTO ez_testcases VALUES("167","TC_EZTEST_0000060","Negative test case for bgp neighbor","22","18","6","0","0","2","3","","","N","","3","","","N","","0","A","8.tcl","Y","","");
INSERT INTO ez_testcases VALUES("168","TC_EZTEST_0000061","Negative test case for bgp neighbor","22","18","6","0","0","2","3","","","N","","3","","","N","","0","A","9.tcl","Y","","");
INSERT INTO ez_testcases VALUES("169","TC_EZTEST_0000062","Negative test case for bgp neighbor","20","16","6","0","0","2","3","","","N","","3","","","N","","0","A","2.tcl","Y","","");
INSERT INTO ez_testcases VALUES("170","TC_EZTEST_0000063","Negative test case for bgp neighbor","21","17","6","0","0","2","3","","","N","","3","","","N","","0","A","3.tcl","Y","","");
INSERT INTO ez_testcases VALUES("171","TC_EZTEST_0000064","Negative test case for bgp neighbor","22","18","6","0","0","2","3","","","N","","3","","","N","","0","A","10.tcl","Y","","");
INSERT INTO ez_testcases VALUES("172","TC_STMI_0000043","$testNo","18","15","66","4","0","46","46","","0","N","0000-00-00","46","","","N","","0","A","aaa.tcl","N","aaa","aaa");
INSERT INTO ez_testcases VALUES("173","TC_EZTEST_0000065","Negative test case for bgp neighbor","22","18","6","0","0","2","3","","","N","","3","","","N","","0","A","11.tcl","Y","","");
INSERT INTO ez_testcases VALUES("174","TC_EZTEST_0000066","Negative test case for bgp neighbor","22","18","6","0","0","2","3","","","N","","3","","","N","","0","A","12.tcl","Y","","");
INSERT INTO ez_testcases VALUES("175","TC_EZTEST_0000067","Negative test case for bgp neighbor","22","18","6","0","0","2","3","","","N","","3","","","N","","0","A","13.tcl","Y","","");
INSERT INTO ez_testcases VALUES("176","TC_EZTEST_0000068","Negative test case for bgp neighbor","22","18","6","0","0","2","3","","","N","","3","","","N","","0","A","14.tcl","Y","","");
INSERT INTO ez_testcases VALUES("177","TC_EZTEST_0000069","Negative test case for bgp neighbor","22","18","6","0","0","2","3","","","N","","3","","","N","","0","A","15.tcl","Y","","");
INSERT INTO ez_testcases VALUES("178","TC_EZTEST_0000070","Negative test case for bgp neighbor","22","18","6","0","0","2","3","","","N","","3","","","N","","0","A","16.tcl","Y","","");
INSERT INTO ez_testcases VALUES("179","TC_EZTEST_0000071","Negative test case for bgp neighbor","22","18","6","0","0","2","3","","","N","","3","","","N","","0","A","17.tcl","Y","","");
INSERT INTO ez_testcases VALUES("180","TC_EZTEST_0000072","Negative test case for bgp neighbor","22","18","6","0","0","2","3","","","N","","3","","","N","","0","A","18.tcl","Y","","");
INSERT INTO ez_testcases VALUES("181","TC_EZTEST_0000073","Negative test case for bgp neighbor","23","18","6","0","0","2","3","","","N","","3","","","N","","0","A","18.tcl","Y","","");
INSERT INTO ez_testcases VALUES("182","TC_EZTEST_0000074","Negative test case for bgp neighbor","24","19","6","0","0","2","3","2009-11-24","","Y","","3","","","N","","0","A","18.tcl","Y","","");
INSERT INTO ez_testcases VALUES("183","TC_EZTEST_0000075","Negative test case for bgp neighbor","25","17","6","0","0","2","3","","","N","","3","","","N","","0","A","3.tcl","Y","","");
INSERT INTO ez_testcases VALUES("184","TC_EZTEST_0000076","Negative test case for bgp neighbor","24","19","6","0","0","2","3","2009-11-24","","Y","","3","","","N","","0","A","test.tcl","Y","","");
INSERT INTO ez_testcases VALUES("185","TC_EZTEST_0000077","Negative test case for bgp neighbor","24","19","6","0","0","2","3","2009-11-24","","Y","","3","","","N","","0","A","TEST .tcl","Y","","");
INSERT INTO ez_testcases VALUES("186","TC_EZTEST_0000078","Negative test case for bgp neighbor","20","16","6","0","0","2","3","","","N","","3","","","N","","0","A","12.tcl","Y","","");
INSERT INTO ez_testcases VALUES("187","TC_EZTEST_0000079","Negative test case for bgp neighbor","25","17","6","0","0","2","3","","","N","","3","","","N","","0","A","23.tcl","Y","","");
INSERT INTO ez_testcases VALUES("188","TC_EZTEST_0000080","Negative test case for bgp neighbor","24","19","6","0","0","2","3","2009-11-24","","Y","","3","","","N","","0","A","2test.tcl","Y","","");
INSERT INTO ez_testcases VALUES("189","TC_EZTEST_0000081","Negative test case for bgp neighbor","24","19","6","0","0","2","3","2009-11-24","","Y","","3","","","N","","0","A","T2EST.tcl","Y","","");
INSERT INTO ez_testcases VALUES("190","TC_EZTEST_0000082","Negative test case for bgp neighbor","20","16","6","0","0","2","3","","","N","","3","","","N","","0","A","112.tcl","Y","","");
INSERT INTO ez_testcases VALUES("191","TC_EZTEST_0000083","Negative test case for bgp neighbor","25","17","6","0","0","2","3","","","N","","3","","","N","","0","A","123.tcl","Y","","");
INSERT INTO ez_testcases VALUES("192","TC_EZTEST_0000084","Negative test case for bgp neighbor","24","19","6","0","0","2","3","2009-11-24","","Y","","3","","","N","","0","A","12test.tcl","Y","","");
INSERT INTO ez_testcases VALUES("193","TC_EZTEST_0000085","Negative test case for bgp neighbor","24","19","6","0","0","2","3","2009-11-24","","Y","","3","","","N","","0","A","1T2EST.tcl","Y","","");
INSERT INTO ez_testcases VALUES("194","TC_EZTEST_0000086","Negative test case for bgp neighbor","26","20","6","0","0","2","3","","","N","","3","","","N","","0","A","1T2EST.tcl","Y","","");
INSERT INTO ez_testcases VALUES("195","TC_EZTEST_0000087","Negative test case for bgp neighbor","27","20","6","0","0","2","3","","","N","","3","","","N","","0","A","1T2EST.tcl","Y","","");
INSERT INTO ez_testcases VALUES("196","TC_EZTEST_0000088","Negative test case for bgp neighbor","28","20","6","0","0","2","3","","","N","","3","","","N","","0","A","1T2EST.tcl","Y","","");
INSERT INTO ez_testcases VALUES("197","TC_EZTEST_0000089","Negative test case for bgp neighbor","28","20","6","0","0","2","3","","","N","","3","","","N","","0","A","1T2E1ST.tcl","Y","","");
INSERT INTO ez_testcases VALUES("198","TC_EZTEST_0000090","Negative test case for bgp neighbor","29","21","6","0","0","2","3","","","N","","3","","","N","","0","A","1T2E1ST.tcl","Y","","");
INSERT INTO ez_testcases VALUES("199","TC_EZTEST_0000091","Negative test case for bgp neighbor","20","16","6","0","0","2","3","","","N","","3","","","N","","0","A","1112.tcl","Y","","");
INSERT INTO ez_testcases VALUES("200","TC_EZTEST_0000092","Negative test case for bgp neighbor","25","17","6","0","0","2","3","","","N","","3","","","N","","0","A","1213.tcl","Y","","");
INSERT INTO ez_testcases VALUES("201","TC_EZTEST_0000093","Negative test case for bgp neighbor","28","20","6","0","0","2","3","","","N","","3","","","N","","0","A","1T12E1ST.tcl","Y","","");
INSERT INTO ez_testcases VALUES("202","TC_EZTEST_0000094","Negative test case for bgp neighbor","29","21","6","0","0","2","3","","","N","","3","","","N","","0","A","1T12E1ST.tcl","Y","","");
INSERT INTO ez_testcases VALUES("203","TC_EZTEST_0000095","Negative test case for bgp neighbor","29","21","6","0","0","2","3","","","N","","3","","","N","","0","A","1T112E1ST.tcl","Y","","");
INSERT INTO ez_testcases VALUES("204","TC_EZTEST_0000096","Negative test case for bgp neighbor","29","21","6","0","0","2","3","","","N","","3","","","N","","0","A","1T1112E1ST.tcl","Y","","");
INSERT INTO ez_testcases VALUES("205","TC_EZTEST_0000097","Negative test case for bgp neighbor","29","21","6","0","0","2","3","","","N","","3","","","N","","0","A","newfile.tcl","Y","","");
INSERT INTO ez_testcases VALUES("206","TC_EZTEST_0000098","Negative test case for bgp neighbor","29","21","6","0","0","2","3","","","N","","3","","","N","","0","A","newfile1.tcl","Y","","");
INSERT INTO ez_testcases VALUES("207","TC_EZTEST_0000099","Negative test case for bgp neighbor","29","21","6","0","0","2","3","","","N","","3","","","N","","0","A","newfile3.tcl","Y","","");
INSERT INTO ez_testcases VALUES("208","TC_EZTEST_0000100","Negative test case for bgp neighbor","29","21","6","0","0","2","3","","","N","","3","","","N","","0","A","newfile4.tcl","Y","","");
INSERT INTO ez_testcases VALUES("209","TC_EZTEST_0000101","Negative test case for bgp neighbor","29","21","6","0","0","2","3","","","N","","3","","","N","","0","A","newfile5.tcl","Y","","");
INSERT INTO ez_testcases VALUES("210","TC_EZTEST_0000102","Negative test case for bgp neighbor","29","21","6","0","0","2","3","","","N","","3","","","N","","0","A","newfile6.tcl","Y","","");
INSERT INTO ez_testcases VALUES("211","TC_EZTEST_0000103","Negative test case for bgp neighbor","29","21","6","0","0","2","3","","","N","","3","","","N","","0","A","newfile111.tcl","Y","","");
INSERT INTO ez_testcases VALUES("212","TC_EZTEST_0000104","Negative test case for bgp neighbor","29","21","6","0","0","2","3","","","N","","3","","","N","","0","A","newfile1c11.tcl","Y","","");
INSERT INTO ez_testcases VALUES("213","TC_EZTEST_0000105","Negative test case for bgp neighbor","29","21","6","0","0","2","3","","","N","","3","","","N","","0","A","newfile1c111.tcl","Y","","");
INSERT INTO ez_testcases VALUES("214","TC_EZTEST_0000106","Negative test case for bgp neighbor","29","21","6","0","0","2","3","","","N","","3","","","N","","0","A","newfile1c1q11.tcl","Y","","");
INSERT INTO ez_testcases VALUES("215","TC_EZTEST_0000107","Negative test case for bgp neighbor","29","21","6","0","0","2","3","","","N","","3","","","N","","0","A","newfile1c1q1a1.tcl","Y","","");
INSERT INTO ez_testcases VALUES("216","TC_EZTEST_0000108","Negative test case for bgp neighbor","29","21","6","0","0","2","3","","","N","","3","","","N","","0","A","2222222.tcl","Y","","");
INSERT INTO ez_testcases VALUES("217","TC_EZTEST_0000109","Negative test case for bgp neighbor","29","21","6","0","0","2","3","","","N","","3","","","N","","0","A","22221222.tcl","Y","","");
INSERT INTO ez_testcases VALUES("218","TC_EZTEST_0000110","Negative test case for bgp neighbor","29","21","6","0","0","2","3","","","N","","3","","","N","","0","A","222211222.tcl","Y","","");
INSERT INTO ez_testcases VALUES("219","TC_EZTEST_0000111","Negative test case for bgp neighbor","29","21","6","0","0","2","3","","","N","","3","","","N","","0","A","222211111111222.tcl","Y","","");
INSERT INTO ez_testcases VALUES("220","TC_EZTEST_0000112","Negative test case for bgp neighbor","30","22","6","0","0","2","3","","","N","","3","","","N","","0","A","1.tcl","Y","","");
INSERT INTO ez_testcases VALUES("221","TC_EZTEST_0000113","Negative test case for bgp neighbor","31","23","6","0","0","2","3","","","N","","3","","","N","","0","A","2.tcl","Y","","");
INSERT INTO ez_testcases VALUES("222","TC_EZTEST_0000114","Negative test case for bgp neighbor","32","24","6","0","0","2","3","","","N","","3","","","N","","0","A","3.tcl","Y","","");
INSERT INTO ez_testcases VALUES("223","TC_EZTEST_0000115","Negative test case for bgp neighbor","33","25","6","0","0","2","3","","","N","","3","","","N","","0","A","4.tcl","Y","","");
INSERT INTO ez_testcases VALUES("224","TC_EZTEST_0000116","Negative test case for bgp neighbor","34","25","6","0","0","2","3","","","N","","3","","","N","","0","A","5.tcl","Y","","");
INSERT INTO ez_testcases VALUES("225","TC_EZTEST_0000117","Negative test case for bgp neighbor","35","26","6","0","0","2","3","","","N","","3","","","N","","0","A","6.tcl","Y","","");
INSERT INTO ez_testcases VALUES("226","TC_EZTEST_0000118","Negative test case for bgp neighbor","36","27","6","0","0","2","3","","","N","","3","","","N","","0","A","1.tcl","Y","","");
INSERT INTO ez_testcases VALUES("227","TC_EZTEST_0000119","Negative test case for bgp neighbor","37","28","6","0","0","2","3","","","N","","3","","","N","","0","A","2.tcl","Y","","");
INSERT INTO ez_testcases VALUES("228","TC_EZTEST_0000120","Negative test case for bgp neighbor","38","29","6","0","0","2","3","","","N","","3","","","N","","0","A","3.tcl","Y","","");
INSERT INTO ez_testcases VALUES("229","TC_EZTEST_0000121","Negative test case for bgp neighbor","39","30","6","0","0","2","3","","","N","","3","","","N","","0","A","4.tcl","Y","","");
INSERT INTO ez_testcases VALUES("230","TC_EZTEST_0000122","Negative test case for bgp neighbor","40","30","6","0","0","2","3","","","N","","3","","","N","","0","A","5.tcl","Y","","");
INSERT INTO ez_testcases VALUES("231","TC_EZTEST_0000123","Negative test case for bgp neighbor","41","31","6","0","0","2","3","","","N","","3","","","N","","0","A","6.tcl","Y","","");
INSERT INTO ez_testcases VALUES("232","TC_EZTEST_0000124","Negative test case for bgp neighbor","41","31","6","0","0","2","3","","","N","","3","","","N","","0","A","7.tcl","Y","","");
INSERT INTO ez_testcases VALUES("233","TC_EZTEST_0000125","Negative test case for bgp neighbor","41","31","6","0","0","2","3","","","N","","3","","","N","","0","A","8.tcl","Y","","");
INSERT INTO ez_testcases VALUES("234","TC_STMI_0000044","Negative test case for bgp neighbor","42","32","66","0","0","46","46","","","N","","44","","","N","","0","A","1.tcl","Y","","");
INSERT INTO ez_testcases VALUES("235","TC_STMI_0000045","Negative test case for bgp neighbor","43","32","66","0","0","46","46","","","N","","44","","","N","","0","A","2.tcl","Y","","");
INSERT INTO ez_testcases VALUES("236","TC_STMI_0000046","Negative test case for bgp neighbor","44","33","66","0","0","46","46","","","N","","44","","","N","","0","A","3.tcl","Y","","");
INSERT INTO ez_testcases VALUES("237","TC_STMI_0000047","$testNo","45","34","66","0","0","46","46","","","N","","46","","","N","","0","A","1115.tcl","N","","");
INSERT INTO ez_testcases VALUES("238","TC_STMI_0000048","$testNo","46","35","66","0","0","46","46","","","N","","46","","","N","","0","A","111.tcl","N","","");
INSERT INTO ez_testcases VALUES("239","TC_STMI_0000049","$testNo","47","36","66","0","0","46","46","","","N","","46","","","N","","0","A","11.tcl","N","","");
INSERT INTO ez_testcases VALUES("240","TC_STMI_0000050","$testNo","48","37","66","0","0","46","46","","","N","","46","","","N","","0","A","111.tcl","N","","");
INSERT INTO ez_testcases VALUES("241","TC_STMI_0000051","$testNo","49","38","66","0","0","46","46","","","N","","46","","","N","","0","A","11.tcl","N","","");
INSERT INTO ez_testcases VALUES("242","TC_STMI_0000052","$testNo","50","39","66","0","0","46","46","","","N","","46","","","N","","0","A","11.tcl","N","","");
INSERT INTO ez_testcases VALUES("243","TC_STMI_0000053","$testNo","50","39","66","0","0","46","46","","","N","","46","","","N","","0","A","111.tcl","N","","");
INSERT INTO ez_testcases VALUES("244","TC_EZTEST_0000126","copy from nginaa","1","1","6","2","10","2","2","2009-11-26","0","Y","0000-00-00","2","","","E","","0","A","211.tcl","N","","");
INSERT INTO ez_testcases VALUES("245","TC_EZTEST_0000127","Testing","51","40","6","0","0","3","3","","","N","","3","","","N","","0","A","255.tcl","Y","","");
INSERT INTO ez_testcases VALUES("247","TC_EZTEST_0000128","","53","42","6","0","10","3","2","2009-11-27","","Y","","3","","","N","","0","A","","Y","","");
INSERT INTO ez_testcases VALUES("248","TC_EZTEST_0000129","$testNo","53","42","6","10","10","2","2","2009-11-27","2","Y","2009-11-30","2","","","E","","0","A","test123.tcl","N","","");
INSERT INTO ez_testcases VALUES("249","TC_EZTEST_0000130","111111.tcl","1","1","6","0","0","3","3","","3","Y","2009-11-26","3","","","N","","0","A","111111.tcl","Y","","");
INSERT INTO ez_testcases VALUES("250","TC_EZTEST_0000131","120.tcl","1","1","6","0","0","3","3","","3","Y","2009-11-26","3","","","N","","0","A","120.tcl","Y","","");
INSERT INTO ez_testcases VALUES("251","TC_WEDNESDAY_0000001","2.0.4.tcl","62","49","67","0","0","3","3","","3","Y","2009-11-30","3","","","N","","0","A","2.0.4.tcl","Y","","");
INSERT INTO ez_testcases VALUES("252","TC_WEDNESDAY_0000002","123.tcl","62","49","67","0","0","3","3","","3","Y","2009-11-30","3","","","N","","0","A","123.tcl","Y","","");
INSERT INTO ez_testcases VALUES("253","TC_WEDNESDAY_0000003","t2.tcl","62","49","67","0","0","3","3","","3","Y","2009-11-30","3","","","N","","0","A","t2.tcl","Y","","");
INSERT INTO ez_testcases VALUES("254","TC_WEDNESDAY_0000004","abc123.tcl","62","49","67","0","0","3","3","","3","Y","2009-11-30","3","","","N","","0","A","abc123.tcl","Y","","");
INSERT INTO ez_testcases VALUES("255","TC_WEDNESDAY_0000005","122.tcl","62","49","67","0","0","3","3","","3","Y","2009-11-30","3","","","N","","0","A","122.tcl","Y","","");
INSERT INTO ez_testcases VALUES("256","TC_WEDNESDAY_0000006","205.tcl","62","49","67","0","0","3","3","","3","Y","2009-11-30","3","","","N","","0","A","205.tcl","Y","","");
INSERT INTO ez_testcases VALUES("257","TC_WEDNESDAY_0000007","t7.tcl","62","49","67","0","0","3","3","","3","Y","2009-11-30","3","","","N","","0","A","t7.tcl","Y","","");
INSERT INTO ez_testcases VALUES("258","TC_WEDNESDAY_0000008","111111.tcl","62","49","67","0","0","3","3","","3","Y","2009-11-30","3","","","N","","0","A","111111.tcl","Y","","");
INSERT INTO ez_testcases VALUES("259","TC_WEDNESDAY_0000009","t6.tcl","62","49","67","0","0","3","3","","3","Y","2009-11-30","3","","","N","","0","A","t6.tcl","Y","","");
INSERT INTO ez_testcases VALUES("260","TC_WEDNESDAY_0000010","73.tcl","62","49","67","0","0","3","3","","3","Y","2009-11-30","3","","","N","","0","A","73.tcl","Y","","");
INSERT INTO ez_testcases VALUES("261","TC_WEDNESDAY_0000011","133.tcl","62","49","67","0","0","3","3","","3","Y","2009-11-30","3","","","N","","0","A","133.tcl","Y","","");
INSERT INTO ez_testcases VALUES("262","TC_WEDNESDAY_0000012","120.tcl","62","49","67","0","0","3","3","","3","Y","2009-11-30","3","","","N","","0","A","120.tcl","Y","","");
INSERT INTO ez_testcases VALUES("263","TC_WEDNESDAY_0000013","t1111.tcl","62","49","67","0","0","3","3","","3","Y","2009-11-30","3","","","N","","0","A","t1111.tcl","Y","","");
INSERT INTO ez_testcases VALUES("264","TC_WEDNESDAY_0000014","206.tcl","62","49","67","0","0","3","3","","3","Y","2009-11-30","3","","","N","","0","A","206.tcl","Y","","");
INSERT INTO ez_testcases VALUES("265","TC_WEDNESDAY_0000015","sam.tcl","62","49","67","0","0","3","3","","3","Y","2009-11-30","3","","","N","","0","A","sam.tcl","Y","","");
INSERT INTO ez_testcases VALUES("266","TC_WEDNESDAY_0000016","t10.tcl","62","49","67","0","0","3","3","","3","Y","2009-11-30","3","","","N","","0","A","t10.tcl","Y","","");
INSERT INTO ez_testcases VALUES("267","TC_WEDNESDAY_0000017","t1.tcl","62","49","67","0","0","3","3","","3","Y","2009-11-30","3","","","N","","0","A","t1.tcl","Y","","");
INSERT INTO ez_testcases VALUES("268","TC_WEDNESDAY_0000018","11.tcl","62","49","67","0","0","3","3","","3","Y","2009-11-30","3","","","N","","0","A","11.tcl","Y","","");
INSERT INTO ez_testcases VALUES("269","TC_WEDNESDAY_0000019","t9.tcl","62","49","67","0","0","3","3","","3","Y","2009-11-30","3","","","N","","0","A","t9.tcl","Y","","");
INSERT INTO ez_testcases VALUES("270","TC_WEDNESDAY_0000020","t3.tcl","62","49","67","0","0","3","3","","3","Y","2009-11-30","3","","","N","","0","A","t3.tcl","Y","","");
INSERT INTO ez_testcases VALUES("271","TC_WEDNESDAY_0000021","2.2.5.6.tcl","62","49","67","0","0","3","3","","3","Y","2009-11-30","3","","","N","","0","A","2.2.5.6.tcl","Y","","");
INSERT INTO ez_testcases VALUES("272","TC_WEDNESDAY_0000022","121.tcl","62","49","67","0","0","3","3","","3","Y","2009-11-30","3","","","N","","0","A","121.tcl","Y","","");
INSERT INTO ez_testcases VALUES("273","TC_WEDNESDAY_0000023","211.tcl","62","49","67","0","0","3","3","","3","Y","2009-11-30","3","","","N","","0","A","211.tcl","Y","","");
INSERT INTO ez_testcases VALUES("274","TC_WEDNESDAY_0000024","222.tcl","62","49","67","0","0","3","3","","3","Y","2009-11-30","3","","","N","","0","A","222.tcl","Y","","");
INSERT INTO ez_testcases VALUES("275","TC_WEDNESDAY_0000025","555.tcl","62","49","67","0","0","3","3","","3","Y","2009-11-30","3","","","N","","0","A","555.tcl","Y","","");
INSERT INTO ez_testcases VALUES("276","TC_WEDNESDAY_0000026","t5.tcl","62","49","67","0","0","3","3","","3","Y","2009-11-30","3","","","N","","0","A","t5.tcl","Y","","");
INSERT INTO ez_testcases VALUES("277","TC_WEDNESDAY_0000027","11111.tcl","62","49","67","0","0","3","3","","3","Y","2009-11-30","3","","","N","","0","A","11111.tcl","Y","","");
INSERT INTO ez_testcases VALUES("278","TC_WEDNESDAY_0000028","t8.tcl","62","49","67","0","0","3","3","","3","Y","2009-11-30","3","","","N","","0","A","t8.tcl","Y","","");
INSERT INTO ez_testcases VALUES("279","TC_WEDNESDAY_0000029","dddd.tcl","62","49","67","0","0","3","3","","3","Y","2009-11-30","3","","","N","","0","A","dddd.tcl","Y","","");
INSERT INTO ez_testcases VALUES("280","TC_WEDNESDAY_0000030","111.tcl","62","49","67","0","0","3","3","","3","Y","2009-11-30","3","","","N","","0","A","111.tcl","Y","","");
INSERT INTO ez_testcases VALUES("281","TC_WEDNESDAY_0000031","t4.tcl","62","49","67","0","0","3","3","","3","Y","2009-11-30","3","","","N","","0","A","t4.tcl","Y","","");
INSERT INTO ez_testcases VALUES("282","TC_WEDNESDAY_0000032","1.1.5.6.tcl","63","49","67","0","0","3","3","","3","Y","2009-11-30","3","","","N","","0","A","1.1.5.6.tcl","Y","","");
INSERT INTO ez_testcases VALUES("283","TC_WEDNESDAY_0000033","1.end.tcl","63","49","67","0","0","3","3","","3","Y","2009-11-30","3","","","N","","0","A","1.end.tcl","Y","","");
INSERT INTO ez_testcases VALUES("284","TC_WEDNESDAY_0000034","1.1.5.1-2.tcl","63","49","67","0","0","3","3","","3","Y","2009-11-30","3","","","N","","0","A","1.1.5.1-2.tcl","Y","","");
INSERT INTO ez_testcases VALUES("285","TC_WEDNESDAY_0000035","1.1.3.1-2.tcl","63","49","67","0","0","3","3","","3","Y","2009-11-30","3","","","N","","0","A","1.1.3.1-2.tcl","Y","","");
INSERT INTO ez_testcases VALUES("286","TC_WEDNESDAY_0000036","1.1.1.1-2.tcl","63","49","67","0","0","3","3","","3","Y","2009-11-30","3","","","N","","0","A","1.1.1.1-2.tcl","Y","","");
INSERT INTO ez_testcases VALUES("287","TC_WEDNESDAY_0000037","1.2.1.3.tcl","63","49","67","0","0","3","3","","3","Y","2009-11-30","3","","","N","","0","A","1.2.1.3.tcl","Y","","");
INSERT INTO ez_testcases VALUES("288","TC_WEDNESDAY_0000038","1.1.2.1-2.tcl","63","49","67","0","0","3","3","","3","Y","2009-11-30","3","","","N","","0","A","1.1.2.1-2.tcl","Y","","");
INSERT INTO ez_testcases VALUES("289","TC_WEDNESDAY_0000039","1.2.1.1.tcl","63","49","67","0","0","3","3","","3","Y","2009-11-30","3","","","N","","0","A","1.2.1.1.tcl","Y","","");
INSERT INTO ez_testcases VALUES("290","TC_WEDNESDAY_0000040","1.2.1.2.tcl","63","49","67","0","0","3","3","","3","Y","2009-11-30","3","","","N","","0","A","1.2.1.2.tcl","Y","","");
INSERT INTO ez_testcases VALUES("291","TC_WEDNESDAY_0000041","1.tcl","63","49","67","0","0","3","3","","3","Y","2009-11-30","3","","","N","","0","A","1.tcl","Y","","");
INSERT INTO ez_testcases VALUES("292","TC_WEDNESDAY_0000042","1.init.tcl","63","49","67","0","0","3","3","","3","Y","2009-11-30","3","","","N","","0","A","1.init.tcl","Y","","");
INSERT INTO ez_testcases VALUES("293","TC_WEDNESDAY_0000043","1.1.4.1-2.tcl","63","49","67","0","0","3","3","","3","Y","2009-11-30","3","","","N","","0","A","1.1.4.1-2.tcl","Y","","");
INSERT INTO ez_testcases VALUES("294","TC_WEDNESDAY_0000044","1.2.1.6.tcl","63","49","67","0","0","3","3","","3","Y","2009-11-30","3","","","N","","0","A","1.2.1.6.tcl","Y","","");
INSERT INTO ez_testcases VALUES("295","TC_WEDNESDAY_0000045","secEtypeLib.tcl","63","49","67","0","0","3","3","","3","Y","2009-11-30","3","","","N","","0","A","secEtypeLib.tcl","Y","","");
INSERT INTO ez_testcases VALUES("296","TC_WEDNESDAY_0000046","1.2.1.4.tcl","63","49","67","0","0","3","3","","3","Y","2009-11-30","3","","","N","","0","A","1.2.1.4.tcl","Y","","");
INSERT INTO ez_testcases VALUES("297","TC_WEDNESDAY_0000047","1.2.1.5.tcl","63","49","67","0","0","3","3","","3","Y","2009-11-30","3","","","N","","0","A","1.2.1.5.tcl","Y","","");
INSERT INTO ez_testcases VALUES("298","TC_WEDNESDAY_0000048","test123.tcl","64","50","67","0","0","3","3","","3","Y","2009-11-30","3","","","N","","0","A","test123.tcl","Y","","");
INSERT INTO ez_testcases VALUES("541","TC_EZTEST_0000134","70.tcl","1","1","6","0","0","3","3","","3","Y","2009-12-07","3","","","N","","0","A","70.tcl","Y","","");
INSERT INTO ez_testcases VALUES("540","TC_EZTEST_0000133","71.tcl","1","1","6","0","0","3","3","","3","Y","2009-12-07","3","","","N","","0","A","71.tcl","Y","","");
INSERT INTO ez_testcases VALUES("539","TC_EZTEST_0000132",".tcl","53","42","6","0","0","3","3","","3","Y","2009-12-07","3","","","N","","0","A",".tcl","Y","","");
INSERT INTO ez_testcases VALUES("443","TC_TEST2_0000001","2.0.4.tcl","74","57","72","0","0","3","3","","3","Y","2009-12-04","3","","","N","","0","A","2.0.4.tcl","Y","","");
INSERT INTO ez_testcases VALUES("444","TC_TEST2_0000002","123.tcl","74","57","72","0","0","3","3","","3","Y","2009-12-04","3","","","N","","0","A","123.tcl","Y","","");
INSERT INTO ez_testcases VALUES("445","TC_TEST2_0000003","t2.tcl","74","57","72","0","0","3","3","","3","Y","2009-12-04","3","","","N","","0","A","t2.tcl","Y","","");
INSERT INTO ez_testcases VALUES("446","TC_TEST2_0000004","abc123.tcl","74","57","72","0","0","3","3","","3","Y","2009-12-04","3","","","N","","0","A","abc123.tcl","Y","","");
INSERT INTO ez_testcases VALUES("447","TC_TEST2_0000005","122.tcl","74","57","72","0","0","3","3","","3","Y","2009-12-04","3","","","N","","0","A","122.tcl","Y","","");
INSERT INTO ez_testcases VALUES("448","TC_TEST2_0000006","205.tcl","74","57","72","0","0","3","3","","3","Y","2009-12-04","3","","","N","","0","A","205.tcl","Y","","");
INSERT INTO ez_testcases VALUES("449","TC_TEST2_0000007","t7.tcl","74","57","72","0","0","3","3","","3","Y","2009-12-04","3","","","N","","0","A","t7.tcl","Y","","");
INSERT INTO ez_testcases VALUES("450","TC_TEST2_0000008","111111.tcl","74","57","72","0","0","3","3","","3","Y","2009-12-04","3","","","N","","0","A","111111.tcl","Y","","");
INSERT INTO ez_testcases VALUES("451","TC_TEST2_0000009","t6.tcl","74","57","72","0","0","3","3","","3","Y","2009-12-04","3","","","N","","0","A","t6.tcl","Y","","");
INSERT INTO ez_testcases VALUES("452","TC_TEST2_0000010","73.tcl","74","57","72","0","0","3","3","","3","Y","2009-12-04","3","","","N","","0","A","73.tcl","Y","","");
INSERT INTO ez_testcases VALUES("453","TC_TEST2_0000011","133.tcl","74","57","72","0","0","3","3","","3","Y","2009-12-04","3","","","N","","0","A","133.tcl","Y","","");
INSERT INTO ez_testcases VALUES("454","TC_TEST2_0000012","120.tcl","74","57","72","0","0","3","3","","3","Y","2009-12-04","3","","","N","","0","A","120.tcl","Y","","");
INSERT INTO ez_testcases VALUES("455","TC_TEST2_0000013","t1111.tcl","74","57","72","0","0","3","3","","3","Y","2009-12-04","3","","","N","","0","A","t1111.tcl","Y","","");
INSERT INTO ez_testcases VALUES("456","TC_TEST2_0000014","206.tcl","74","57","72","0","0","3","3","","3","Y","2009-12-04","3","","","N","","0","A","206.tcl","Y","","");
INSERT INTO ez_testcases VALUES("457","TC_TEST2_0000015","sam.tcl","74","57","72","0","0","3","3","","3","Y","2009-12-04","3","","","N","","0","A","sam.tcl","Y","","");
INSERT INTO ez_testcases VALUES("458","TC_TEST2_0000016","t10.tcl","74","57","72","0","0","3","3","","3","Y","2009-12-04","3","","","N","","0","A","t10.tcl","Y","","");
INSERT INTO ez_testcases VALUES("459","TC_TEST2_0000017","t1.tcl","74","57","72","0","0","3","3","","3","Y","2009-12-04","3","","","N","","0","A","t1.tcl","Y","","");
INSERT INTO ez_testcases VALUES("460","TC_TEST2_0000018","11.tcl","74","57","72","0","0","3","3","","3","Y","2009-12-04","3","","","N","","0","A","11.tcl","Y","","");
INSERT INTO ez_testcases VALUES("461","TC_TEST2_0000019","t9.tcl","74","57","72","0","0","3","3","","3","Y","2009-12-04","3","","","N","","0","A","t9.tcl","Y","","");
INSERT INTO ez_testcases VALUES("462","TC_TEST2_0000020","t3.tcl","74","57","72","0","0","3","3","","3","Y","2009-12-04","3","","","N","","0","A","t3.tcl","Y","","");
INSERT INTO ez_testcases VALUES("463","TC_TEST2_0000021","2.2.5.6.tcl","74","57","72","0","0","3","3","","3","Y","2009-12-04","3","","","N","","0","A","2.2.5.6.tcl","Y","","");
INSERT INTO ez_testcases VALUES("464","TC_TEST2_0000022","121.tcl","74","57","72","0","0","3","3","","3","Y","2009-12-04","3","","","N","","0","A","121.tcl","Y","","");
INSERT INTO ez_testcases VALUES("465","TC_TEST2_0000023","211.tcl","74","57","72","0","0","3","3","","3","Y","2009-12-04","3","","","N","","0","A","211.tcl","Y","","");
INSERT INTO ez_testcases VALUES("466","TC_TEST2_0000024","222.tcl","74","57","72","0","0","3","3","","3","Y","2009-12-04","3","","","N","","0","A","222.tcl","Y","","");
INSERT INTO ez_testcases VALUES("467","TC_TEST2_0000025","555.tcl","74","57","72","0","0","3","3","","3","Y","2009-12-04","3","","","N","","0","A","555.tcl","Y","","");
INSERT INTO ez_testcases VALUES("468","TC_TEST2_0000026","t5.tcl","74","57","72","0","0","3","3","","3","Y","2009-12-04","3","","","N","","0","A","t5.tcl","Y","","");
INSERT INTO ez_testcases VALUES("469","TC_TEST2_0000027","11111.tcl","74","57","72","0","0","3","3","","3","Y","2009-12-04","3","","","N","","0","A","11111.tcl","Y","","");
INSERT INTO ez_testcases VALUES("470","TC_TEST2_0000028","t8.tcl","74","57","72","0","0","3","3","","3","Y","2009-12-04","3","","","N","","0","A","t8.tcl","Y","","");
INSERT INTO ez_testcases VALUES("471","TC_TEST2_0000029","dddd.tcl","74","57","72","0","0","3","3","","3","Y","2009-12-04","3","","","N","","0","A","dddd.tcl","Y","","");
INSERT INTO ez_testcases VALUES("472","TC_TEST2_0000030","111.tcl","74","57","72","0","0","3","3","","3","Y","2009-12-04","3","","","N","","0","A","111.tcl","Y","","");
INSERT INTO ez_testcases VALUES("473","TC_TEST2_0000031","t4.tcl","74","57","72","0","0","3","3","","3","Y","2009-12-04","3","","","N","","0","A","t4.tcl","Y","","");
INSERT INTO ez_testcases VALUES("474","TC_TEST2_0000032","1.1.5.6.tcl","75","57","72","0","0","3","3","","3","Y","2009-12-04","3","","","N","","0","A","1.1.5.6.tcl","Y","","");
INSERT INTO ez_testcases VALUES("475","TC_TEST2_0000033","1.end.tcl","75","57","72","0","0","3","3","","3","Y","2009-12-04","3","","","N","","0","A","1.end.tcl","Y","","");
INSERT INTO ez_testcases VALUES("476","TC_TEST2_0000034","1.1.5.1-2.tcl","75","57","72","0","0","3","3","","3","Y","2009-12-04","3","","","N","","0","A","1.1.5.1-2.tcl","Y","","");
INSERT INTO ez_testcases VALUES("477","TC_TEST2_0000035","1.1.3.1-2.tcl","75","57","72","0","0","3","3","","3","Y","2009-12-04","3","","","N","","0","A","1.1.3.1-2.tcl","Y","","");
INSERT INTO ez_testcases VALUES("478","TC_TEST2_0000036","1.1.1.1-2.tcl","75","57","72","0","0","3","3","","3","Y","2009-12-04","3","","","N","","0","A","1.1.1.1-2.tcl","Y","","");
INSERT INTO ez_testcases VALUES("479","TC_TEST2_0000037","1.2.1.3.tcl","75","57","72","0","0","3","3","","3","Y","2009-12-04","3","","","N","","0","A","1.2.1.3.tcl","Y","","");
INSERT INTO ez_testcases VALUES("480","TC_TEST2_0000038","1.1.2.1-2.tcl","75","57","72","0","0","3","3","","3","Y","2009-12-04","3","","","N","","0","A","1.1.2.1-2.tcl","Y","","");
INSERT INTO ez_testcases VALUES("481","TC_TEST2_0000039","1.2.1.1.tcl","75","57","72","0","0","3","3","","3","Y","2009-12-04","3","","","N","","0","A","1.2.1.1.tcl","Y","","");
INSERT INTO ez_testcases VALUES("482","TC_TEST2_0000040","1.2.1.2.tcl","75","57","72","0","0","3","3","","3","Y","2009-12-04","3","","","N","","0","A","1.2.1.2.tcl","Y","","");
INSERT INTO ez_testcases VALUES("483","TC_TEST2_0000041","1.tcl","75","57","72","0","0","3","3","","3","Y","2009-12-04","3","","","N","","0","A","1.tcl","Y","","");
INSERT INTO ez_testcases VALUES("484","TC_TEST2_0000042","1.init.tcl","75","57","72","0","0","3","3","","3","Y","2009-12-04","3","","","N","","0","A","1.init.tcl","Y","","");
INSERT INTO ez_testcases VALUES("485","TC_TEST2_0000043","1.1.4.1-2.tcl","75","57","72","0","0","3","3","","3","Y","2009-12-04","3","","","N","","0","A","1.1.4.1-2.tcl","Y","","");
INSERT INTO ez_testcases VALUES("486","TC_TEST2_0000044","1.2.1.6.tcl","75","57","72","0","0","3","3","","3","Y","2009-12-04","3","","","N","","0","A","1.2.1.6.tcl","Y","","");
INSERT INTO ez_testcases VALUES("487","TC_TEST2_0000045","secEtypeLib.tcl","75","57","72","0","0","3","3","","3","Y","2009-12-04","3","","","N","","0","A","secEtypeLib.tcl","Y","","");
INSERT INTO ez_testcases VALUES("488","TC_TEST2_0000046","1.2.1.4.tcl","75","57","72","0","0","3","3","","3","Y","2009-12-04","3","","","N","","0","A","1.2.1.4.tcl","Y","","");
INSERT INTO ez_testcases VALUES("489","TC_TEST2_0000047","1.2.1.5.tcl","75","57","72","0","0","3","3","","3","Y","2009-12-04","3","","","N","","0","A","1.2.1.5.tcl","Y","","");
INSERT INTO ez_testcases VALUES("490","TC_TEST2_0000048","test123.tcl","76","58","72","0","0","3","3","","3","Y","2009-12-04","3","","","N","","0","A","test123.tcl","Y","","");
INSERT INTO ez_testcases VALUES("491","TC_TEST3_0000001","2.0.4.tcl","77","59","73","0","0","3","3","","3","Y","2009-12-04","3","","","N","","0","A","2.0.4.tcl","Y","","");
INSERT INTO ez_testcases VALUES("492","TC_TEST3_0000002","123.tcl","77","59","73","0","0","3","3","","3","Y","2009-12-04","3","","","N","","0","A","123.tcl","Y","","");
INSERT INTO ez_testcases VALUES("493","TC_TEST3_0000003","t2.tcl","77","59","73","0","0","3","3","","3","Y","2009-12-04","3","","","N","","0","A","t2.tcl","Y","","");
INSERT INTO ez_testcases VALUES("494","TC_TEST3_0000004","abc123.tcl","77","59","73","0","0","3","3","","3","Y","2009-12-04","3","","","N","","0","A","abc123.tcl","Y","","");
INSERT INTO ez_testcases VALUES("495","TC_TEST3_0000005","122.tcl","77","59","73","0","0","3","3","","3","Y","2009-12-04","3","","","N","","0","A","122.tcl","Y","","");
INSERT INTO ez_testcases VALUES("496","TC_TEST3_0000006","205.tcl","77","59","73","0","0","3","3","","3","Y","2009-12-04","3","","","N","","0","A","205.tcl","Y","","");
INSERT INTO ez_testcases VALUES("497","TC_TEST3_0000007","t7.tcl","77","59","73","0","0","3","3","","3","Y","2009-12-04","3","","","N","","0","A","t7.tcl","Y","","");
INSERT INTO ez_testcases VALUES("498","TC_TEST3_0000008","111111.tcl","77","59","73","0","0","3","3","","3","Y","2009-12-04","3","","","N","","0","A","111111.tcl","Y","","");
INSERT INTO ez_testcases VALUES("499","TC_TEST3_0000009","t6.tcl","77","59","73","0","0","3","3","","3","Y","2009-12-04","3","","","N","","0","A","t6.tcl","Y","","");
INSERT INTO ez_testcases VALUES("500","TC_TEST3_0000010","73.tcl","77","59","73","0","0","3","3","","3","Y","2009-12-04","3","","","N","","0","A","73.tcl","Y","","");
INSERT INTO ez_testcases VALUES("501","TC_TEST3_0000011","133.tcl","77","59","73","0","0","3","3","","3","Y","2009-12-04","3","","","N","","0","A","133.tcl","Y","","");
INSERT INTO ez_testcases VALUES("502","TC_TEST3_0000012","120.tcl","77","59","73","0","0","3","3","","3","Y","2009-12-04","3","","","N","","0","A","120.tcl","Y","","");
INSERT INTO ez_testcases VALUES("503","TC_TEST3_0000013","t1111.tcl","77","59","73","0","0","3","3","","3","Y","2009-12-04","3","","","N","","0","A","t1111.tcl","Y","","");
INSERT INTO ez_testcases VALUES("504","TC_TEST3_0000014","206.tcl","77","59","73","0","0","3","3","","3","Y","2009-12-04","3","","","N","","0","A","206.tcl","Y","","");
INSERT INTO ez_testcases VALUES("505","TC_TEST3_0000015","sam.tcl","77","59","73","0","0","3","3","","3","Y","2009-12-04","3","","","N","","0","A","sam.tcl","Y","","");
INSERT INTO ez_testcases VALUES("506","TC_TEST3_0000016","t10.tcl","77","59","73","0","0","3","3","","3","Y","2009-12-04","3","","","N","","0","A","t10.tcl","Y","","");
INSERT INTO ez_testcases VALUES("507","TC_TEST3_0000017","t1.tcl","77","59","73","0","0","3","3","","3","Y","2009-12-04","3","","","N","","0","A","t1.tcl","Y","","");
INSERT INTO ez_testcases VALUES("508","TC_TEST3_0000018","11.tcl","77","59","73","0","0","3","3","","3","Y","2009-12-04","3","","","N","","0","A","11.tcl","Y","","");
INSERT INTO ez_testcases VALUES("509","TC_TEST3_0000019","t9.tcl","77","59","73","0","0","3","3","","3","Y","2009-12-04","3","","","N","","0","A","t9.tcl","Y","","");
INSERT INTO ez_testcases VALUES("510","TC_TEST3_0000020","t3.tcl","77","59","73","0","0","3","3","","3","Y","2009-12-04","3","","","N","","0","A","t3.tcl","Y","","");
INSERT INTO ez_testcases VALUES("511","TC_TEST3_0000021","2.2.5.6.tcl","77","59","73","0","0","3","3","","3","Y","2009-12-04","3","","","N","","0","A","2.2.5.6.tcl","Y","","");
INSERT INTO ez_testcases VALUES("512","TC_TEST3_0000022","121.tcl","77","59","73","0","0","3","3","","3","Y","2009-12-04","3","","","N","","0","A","121.tcl","Y","","");
INSERT INTO ez_testcases VALUES("513","TC_TEST3_0000023","211.tcl","77","59","73","0","0","3","3","","3","Y","2009-12-04","3","","","N","","0","A","211.tcl","Y","","");
INSERT INTO ez_testcases VALUES("514","TC_TEST3_0000024","222.tcl","77","59","73","0","0","3","3","","3","Y","2009-12-04","3","","","N","","0","A","222.tcl","Y","","");
INSERT INTO ez_testcases VALUES("515","TC_TEST3_0000025","555.tcl","77","59","73","0","0","3","3","","3","Y","2009-12-04","3","","","N","","0","A","555.tcl","Y","","");
INSERT INTO ez_testcases VALUES("516","TC_TEST3_0000026","t5.tcl","77","59","73","0","0","3","3","","3","Y","2009-12-04","3","","","N","","0","A","t5.tcl","Y","","");
INSERT INTO ez_testcases VALUES("517","TC_TEST3_0000027","11111.tcl","77","59","73","0","0","3","3","","3","Y","2009-12-04","3","","","N","","0","A","11111.tcl","Y","","");
INSERT INTO ez_testcases VALUES("518","TC_TEST3_0000028","t8.tcl","77","59","73","0","0","3","3","","3","Y","2009-12-04","3","","","N","","0","A","t8.tcl","Y","","");
INSERT INTO ez_testcases VALUES("519","TC_TEST3_0000029","dddd.tcl","77","59","73","0","0","3","3","","3","Y","2009-12-04","3","","","N","","0","A","dddd.tcl","Y","","");
INSERT INTO ez_testcases VALUES("520","TC_TEST3_0000030","111.tcl","77","59","73","0","0","3","3","","3","Y","2009-12-04","3","","","N","","0","A","111.tcl","Y","","");
INSERT INTO ez_testcases VALUES("521","TC_TEST3_0000031","t4.tcl","77","59","73","0","0","3","3","","3","Y","2009-12-04","3","","","N","","0","A","t4.tcl","Y","","");
INSERT INTO ez_testcases VALUES("522","TC_TEST3_0000032","1.1.5.6.tcl","78","59","73","0","0","3","3","","3","Y","2009-12-04","3","","","N","","0","A","1.1.5.6.tcl","Y","","");
INSERT INTO ez_testcases VALUES("523","TC_TEST3_0000033","1.end.tcl","78","59","73","0","0","3","3","","3","Y","2009-12-04","3","","","N","","0","A","1.end.tcl","Y","","");
INSERT INTO ez_testcases VALUES("524","TC_TEST3_0000034","1.1.5.1-2.tcl","78","59","73","0","0","3","3","","3","Y","2009-12-04","3","","","N","","0","A","1.1.5.1-2.tcl","Y","","");
INSERT INTO ez_testcases VALUES("525","TC_TEST3_0000035","1.1.3.1-2.tcl","78","59","73","0","0","3","3","","3","Y","2009-12-04","3","","","N","","0","A","1.1.3.1-2.tcl","Y","","");
INSERT INTO ez_testcases VALUES("526","TC_TEST3_0000036","1.1.1.1-2.tcl","78","59","73","0","0","3","3","","3","Y","2009-12-04","3","","","N","","0","A","1.1.1.1-2.tcl","Y","","");
INSERT INTO ez_testcases VALUES("527","TC_TEST3_0000037","1.2.1.3.tcl","78","59","73","0","0","3","3","","3","Y","2009-12-04","3","","","N","","0","A","1.2.1.3.tcl","Y","","");
INSERT INTO ez_testcases VALUES("528","TC_TEST3_0000038","1.1.2.1-2.tcl","78","59","73","0","0","3","3","","3","Y","2009-12-04","3","","","N","","0","A","1.1.2.1-2.tcl","Y","","");
INSERT INTO ez_testcases VALUES("529","TC_TEST3_0000039","1.2.1.1.tcl","78","59","73","0","0","3","3","","3","Y","2009-12-04","3","","","N","","0","A","1.2.1.1.tcl","Y","","");
INSERT INTO ez_testcases VALUES("530","TC_TEST3_0000040","1.2.1.2.tcl","78","59","73","0","0","3","3","","3","Y","2009-12-04","3","","","N","","0","A","1.2.1.2.tcl","Y","","");
INSERT INTO ez_testcases VALUES("531","TC_TEST3_0000041","1.tcl","78","59","73","0","0","3","3","","3","Y","2009-12-04","3","","","N","","0","A","1.tcl","Y","","");
INSERT INTO ez_testcases VALUES("532","TC_TEST3_0000042","1.init.tcl","78","59","73","0","0","3","3","","3","Y","2009-12-04","3","","","N","","0","A","1.init.tcl","Y","","");
INSERT INTO ez_testcases VALUES("533","TC_TEST3_0000043","1.1.4.1-2.tcl","78","59","73","0","0","3","3","","3","Y","2009-12-04","3","","","N","","0","A","1.1.4.1-2.tcl","Y","","");
INSERT INTO ez_testcases VALUES("534","TC_TEST3_0000044","1.2.1.6.tcl","78","59","73","0","0","3","3","","3","Y","2009-12-04","3","","","N","","0","A","1.2.1.6.tcl","Y","","");
INSERT INTO ez_testcases VALUES("535","TC_TEST3_0000045","secEtypeLib.tcl","78","59","73","0","0","3","3","","3","Y","2009-12-04","3","","","N","","0","A","secEtypeLib.tcl","Y","","");
INSERT INTO ez_testcases VALUES("536","TC_TEST3_0000046","1.2.1.4.tcl","78","59","73","0","0","3","3","","3","Y","2009-12-04","3","","","N","","0","A","1.2.1.4.tcl","Y","","");
INSERT INTO ez_testcases VALUES("537","TC_TEST3_0000047","1.2.1.5.tcl","78","59","73","0","0","3","3","","3","Y","2009-12-04","3","","","N","","0","A","1.2.1.5.tcl","Y","","");
INSERT INTO ez_testcases VALUES("538","TC_TEST3_0000048","test123.tcl","79","60","73","0","0","3","3","","3","Y","2009-12-04","3","","","N","","0","A","test123.tcl","Y","","");



CREATE TABLE `ez_testrun_schedule` (
  `testcaseid` int(11) default NULL,
  `testbedid` int(11) default NULL,
  `elapsedtime` varchar(15) default NULL
) ENGINE=MyISAM DEFAULT CHARSET=latin1;

INSERT INTO ez_testrun_schedule VALUES("20","8","5");
INSERT INTO ez_testrun_schedule VALUES("17","8","13");
INSERT INTO ez_testrun_schedule VALUES("2","8","2");
INSERT INTO ez_testrun_schedule VALUES("15","8","2");
INSERT INTO ez_testrun_schedule VALUES("43","8","4");
INSERT INTO ez_testrun_schedule VALUES("56","8","6");
INSERT INTO ez_testrun_schedule VALUES("2","7","2");
INSERT INTO ez_testrun_schedule VALUES("15","5","2");
INSERT INTO ez_testrun_schedule VALUES("74","12","3");
INSERT INTO ez_testrun_schedule VALUES("26","8","2");
INSERT INTO ez_testrun_schedule VALUES("115","8","3");
INSERT INTO ez_testrun_schedule VALUES("111","8","22");
INSERT INTO ez_testrun_schedule VALUES("116","10","5");
INSERT INTO ez_testrun_schedule VALUES("2","15","2");
INSERT INTO ez_testrun_schedule VALUES("3","15","2");
INSERT INTO ez_testrun_schedule VALUES("15","15","2");
INSERT INTO ez_testrun_schedule VALUES("3","7","2");
INSERT INTO ez_testrun_schedule VALUES("15","7","2");
INSERT INTO ez_testrun_schedule VALUES("3","8","2");
INSERT INTO ez_testrun_schedule VALUES("1","8","2");
INSERT INTO ez_testrun_schedule VALUES("4","6","2");
INSERT INTO ez_testrun_schedule VALUES("5","5","2");
INSERT INTO ez_testrun_schedule VALUES("1","7","2");
INSERT INTO ez_testrun_schedule VALUES("4","7","2");
INSERT INTO ez_testrun_schedule VALUES("5","8","2");
INSERT INTO ez_testrun_schedule VALUES("1","5","2");
INSERT INTO ez_testrun_schedule VALUES("2","5","2");
INSERT INTO ez_testrun_schedule VALUES("4","15","2");
INSERT INTO ez_testrun_schedule VALUES("5","15","2");
INSERT INTO ez_testrun_schedule VALUES("1","15","2");



CREATE TABLE `ez_topology` (
  `topologyid` int(11) NOT NULL auto_increment,
  `topologyname` varchar(45) default NULL,
  `createdon` datetime default NULL,
  `createdby` int(11) default NULL,
  `updatedon` datetime default NULL,
  `updatedby` int(11) default NULL,
  `drawing` longtext,
  `svnfile` enum('Y','N') NOT NULL default 'N' COMMENT 'To know about the this topology added to svn',
  PRIMARY KEY  (`topologyid`)
) ENGINE=MyISAM AUTO_INCREMENT=312 DEFAULT CHARSET=latin1;

INSERT INTO ez_topology VALUES("1","ddddddfddddddd","2009-12-03 12:04:02","57","","","<?xml version=\"1.0\" encoding=\"ISO-8859-1\"?>\n<drawing>\n<objects>\n<object>\n<type>router</type>\n<id>Kd7pO9ugLzWZoMW74dytl9MptyMcLhk7</id>\n<xpos>256</xpos>\n<ypos>111</ypos>\n<devicename><![CDATA[dfsd]]></devicename>\n<devicetype><![CDATA[router]]></devicetype>\n<noofports><![CDATA[1]]></noofports>\n<devclicmds><![CDATA[]]></devclicmds>\n<ports>\n<item>\n<portno><![CDATA[sdf]]></portno>\n<porttype><![CDATA[dfsdf]]></porttype>\n</item>\n</ports>\n</object>\n</objects>\n<connections>\n</connections>\n</drawing>\n","N");
INSERT INTO ez_topology VALUES("2","qqww","2009-12-03 12:04:02","57","","","<?xml version=\"1.0\" encoding=\"ISO-8859-1\"?>\n<drawing>\n<objects>\n<object>\n<type>router</type>\n<id>SwbinCQ2tSZ7POXbNKwMQKpZDmI2q0ah</id>\n<xpos>292</xpos>\n<ypos>172</ypos>\n<devicename><![CDATA[zxcdd11111111111111111118833333333]]></devicename>\n<devicetype><![CDATA[router]]></devicetype>\n<noofports><![CDATA[1]]></noofports>\n<devclicmds><![CDATA[]]></devclicmds>\n<ports>\n<item>\n<portno><![CDATA[dfd]]></portno>\n<porttype><![CDATA[df]]></porttype>\n</item>\n</ports>\n</object>\n</objects>\n<connections>\n</connections>\n</drawing>\n","N");
INSERT INTO ez_topology VALUES("3","ttttttttttt","2009-12-03 12:04:02","57","","","<?xml version=\"1.0\" encoding=\"ISO-8859-1\"?>\n<drawing>\n<objects>\n<object>\n<type>router</type>\n<id>CVulbAJpfH3c5Uk20gBlCt27Ba5ds50S</id>\n<xpos>291</xpos>\n<ypos>134</ypos>\n<devicename><![CDATA[sdfsdf]]></devicename>\n<devicetype><![CDATA[router]]></devicetype>\n<noofports><![CDATA[1]]></noofports>\n<devclicmds><![CDATA[]]></devclicmds>\n<ports>\n<item>\n<portno><![CDATA[sdf]]></portno>\n<porttype><![CDATA[sdf]]></porttype>\n</item>\n</ports>\n</object>\n</objects>\n<connections>\n</connections>\n</drawing>\n","N");
INSERT INTO ez_topology VALUES("4","dtd","2009-12-03 12:04:02","57","","","<?xml version=\"1.0\" encoding=\"ISO-8859-1\"?>\n<drawing>\n<objects>\n<object>\n<type>router</type>\n<id>c3kfco8G29mfMOdePyUIhp7TKZGwALku</id>\n<xpos>249</xpos>\n<ypos>136</ypos>\n<devicename><![CDATA[fgfg]]></devicename>\n<devicetype><![CDATA[router]]></devicetype>\n<noofports><![CDATA[1]]></noofports>\n<devclicmds><![CDATA[]]></devclicmds>\n<ports>\n<item>\n<portno><![CDATA[dfg]]></portno>\n<porttype><![CDATA[fgdfg]]></porttype>\n</item>\n</ports>\n</object>\n</objects>\n<connections>\n</connections>\n</drawing>\n","N");
INSERT INTO ez_topology VALUES("5","f","2009-12-03 12:04:02","57","","","<?xml version=\"1.0\" encoding=\"ISO-8859-1\"?>\n<drawing>\n<objects>\n<object>\n<type>router</type>\n<id>603aQEKp6JBKqyffggu6Il3kmZCCcau3</id>\n<xpos>327</xpos>\n<ypos>145</ypos>\n<devicename><![CDATA[sdf]]></devicename>\n<devicetype><![CDATA[router]]></devicetype>\n<noofports><![CDATA[1]]></noofports>\n<devclicmds><![CDATA[]]></devclicmds>\n<ports>\n<item>\n<portno><![CDATA[dsf]]></portno>\n<porttype><![CDATA[ffd]]></porttype>\n</item>\n</ports>\n</object>\n<object>\n<type>linuxpc</type>\n<id>uouVCe17C0bVLbhrW6ByTGwPNNU9OPNg</id>\n<xpos>450</xpos>\n<ypos>146</ypos>\n<devicename><![CDATA[dsf]]></devicename>\n<devicetype><![CDATA[linuxpc]]></devicetype>\n<noofports><![CDATA[1]]></noofports>\n<devclicmds><![CDATA[]]></devclicmds>\n<ports>\n<item>\n<portno><![CDATA[dsf]]></portno>\n<porttype><![CDATA[df]]></porttype>\n</item>\n</ports>\n</object>\n</objects>\n<connections>\n<connection>\n<sourceId>603aQEKp6JBKqyffggu6Il3kmZCCcau3</sourceId>\n<sourcePortId>outputPort4</sourcePortId>\n<targetId>uouVCe17C0bVLbhrW6ByTGwPNNU9OPNg</targetId>\n<targetPortId>inputPort11</targetPortId>\n</connection>\n</connections>\n<params>\n<theObjects>\nrouter,327,145|linuxpc,450,146</theObjects>\n<theConnections>\n382,200,382,221|382,220,412,220|411,158,411,221|411,158,441,158</theConnections>\n<params>\n</drawing>\n","N");
INSERT INTO ez_topology VALUES("6","test_topo_","2009-12-03 12:04:02","57","","","<?xml version=\"1.0\" encoding=\"ISO-8859-1\"?>\n<drawing>\n<objects>\n<object>\n<type>router</type>\n<id>9HeoCkmyzQdcAUvURDWu24GgGs4mrCdv</id>\n<xpos>341</xpos>\n<ypos>118</ypos>\n<devicename><![CDATA[ff]]></devicename>\n<devicetype><![CDATA[router]]></devicetype>\n<noofports><![CDATA[1]]></noofports>\n<devclicmds><![CDATA[]]></devclicmds>\n<ports>\n<item>\n<portno><![CDATA[f]]></portno>\n<porttype><![CDATA[f]]></porttype>\n</item>\n</ports>\n</object>\n</objects>\n<connections>\n</connections>\n</drawing>\n","N");
INSERT INTO ez_topology VALUES("7","__f","2009-12-03 12:04:02","57","","","<?xml version=\"1.0\" encoding=\"ISO-8859-1\"?>\n<drawing>\n<objects>\n<object>\n<type>router</type>\n<id>EWkGpLBKIHOHhPRT18MUc5AbAeQhp0BX</id>\n<xpos>257</xpos>\n<ypos>132</ypos>\n<devicename><![CDATA[sd]]></devicename>\n<devicetype><![CDATA[router]]></devicetype>\n<noofports><![CDATA[1]]></noofports>\n<devclicmds><![CDATA[]]></devclicmds>\n<ports>\n<item>\n<portno><![CDATA[s]]></portno>\n<porttype><![CDATA[s]]></porttype>\n</item>\n</ports>\n</object>\n<object>\n<type>windowspc</type>\n<id>LucvECMZlESG6uWFNa0TkLXwGJrGiJMw</id>\n<xpos>456</xpos>\n<ypos>121</ypos>\n<devicename><![CDATA[sdww]]></devicename>\n<devicetype><![CDATA[windowspc]]></devicetype>\n<noofports><![CDATA[1]]></noofports>\n<devclicmds><![CDATA[]]></devclicmds>\n<ports>\n<item>\n<portno><![CDATA[s]]></portno>\n<porttype><![CDATA[s]]></porttype>\n</item>\n</ports>\n</object>\n<object>\n<type>router</type>\n<id>puNGu9KWT8gTNamV0Sn1ComHo9OuH11X</id>\n<xpos>392</xpos>\n<ypos>284</ypos>\n<devicename><![CDATA[deawd]]></devicename>\n<devicetype><![CDATA[router]]></devicetype>\n<noofports><![CDATA[1]]></noofports>\n<devclicmds><![CDATA[]]></devclicmds>\n<ports>\n<item>\n<portno><![CDATA[asd]]></portno>\n<porttype><![CDATA[sd]]></porttype>\n</item>\n</ports>\n</object>\n</objects>\n<connections>\n<connection>\n<sourceId>EWkGpLBKIHOHhPRT18MUc5AbAeQhp0BX</sourceId>\n<sourcePortId>outputPort6</sourcePortId>\n<targetId>puNGu9KWT8gTNamV0Sn1ComHo9OuH11X</targetId>\n<targetPortId>outputPort9</targetPortId>\n</connection>\n<connection>\n<sourceId>EWkGpLBKIHOHhPRT18MUc5AbAeQhp0BX</sourceId>\n<sourcePortId>outputPort1</sourcePortId>\n<targetId>LucvECMZlESG6uWFNa0TkLXwGJrGiJMw</targetId>\n<targetPortId>inputPort9</targetPortId>\n</connection>\n<connection>\n<sourceId>puNGu9KWT8gTNamV0Sn1ComHo9OuH11X</sourceId>\n<sourcePortId>outputPort2</sourcePortId>\n<targetId>LucvECMZlESG6uWFNa0TkLXwGJrGiJMw</targetId>\n<targetPortId>inputPort5</targetPortId>\n</connection>\n</connections>\n<params>\n<theObjects>\nrouter,257,132|windowspc,456,121|router,392,284</theObjects>\n<theConnections>\n282,192,282,322|282,321,383,321[*]317,144,382,144|381,144,381,159|381,158,447,158[*]452,309,494,309|493,181,493,310</theConnections>\n<params>\n</drawing>\n","N");
INSERT INTO ez_topology VALUES("8","dfdf","2009-12-03 12:04:02","57","","","<?xml version=\"1.0\" encoding=\"ISO-8859-1\"?>\n<drawing>\n<objects>\n<object>\n<type>router</type>\n<id>dgSoKTGUtZyhkLZFlLnUPMz4BTbLNVco</id>\n<xpos>377</xpos>\n<ypos>200</ypos>\n<devicename><![CDATA[router123]]></devicename>\n<devicetype><![CDATA[router]]></devicetype>\n<noofports><![CDATA[1]]></noofports>\n<devclicmds><![CDATA[]]></devclicmds>\n<ports>\n<item>\n<portno><![CDATA[dd]]></portno>\n<porttype><![CDATA[dd]]></porttype>\n</item>\n</ports>\n</object>\n</objects>\n<connections>\n</connections>\n</drawing>\n","N");
INSERT INTO ez_topology VALUES("9","xcvxc","2009-12-03 12:04:02","57","","","<?xml version=\"1.0\" encoding=\"ISO-8859-1\"?>\n<drawing>\n<objects>\n<object>\n<type>router</type>\n<id>B74Sm4OmX3sUZ9wlifv9pAKIsAydlRqs</id>\n<xpos>363</xpos>\n<ypos>119</ypos>\n<devicename><![CDATA[tgghgfh]]></devicename>\n<devicetype><![CDATA[router]]></devicetype>\n<noofports><![CDATA[1]]></noofports>\n<devclicmds><![CDATA[]]></devclicmds>\n<ports>\n<item>\n<portno><![CDATA[gfh]]></portno>\n<porttype><![CDATA[gfh]]></porttype>\n</item>\n</ports>\n</object>\n</objects>\n<connections>\n</connections>\n</drawing>\n","N");
INSERT INTO ez_topology VALUES("10","dd","2009-12-03 12:04:02","57","","","<?xml version=\"1.0\" encoding=\"ISO-8859-1\"?>\n<drawing>\n<objects>\n<object>\n<type>router</type>\n<id>WpCtWXefJ6sSbTTNqn5MIbFvHw5mlV8E</id>\n<xpos>438</xpos>\n<ypos>134</ypos>\n<devicename><![CDATA[dfg]]></devicename>\n<devicetype><![CDATA[router]]></devicetype>\n<noofports><![CDATA[1]]></noofports>\n<devclicmds><![CDATA[]]></devclicmds>\n<ports>\n<item>\n<portno><![CDATA[d]]></portno>\n<porttype><![CDATA[d]]></porttype>\n</item>\n</ports>\n</object>\n</objects>\n<connections>\n</connections>\n</drawing>\n","N");
INSERT INTO ez_topology VALUES("11","test_topo_ngin","2009-12-03 12:04:02","57","","","<?xml version=\"1.0\" encoding=\"ISO-8859-1\"?>\n<drawing>\n<objects>\n<object>\n<type>router</type>\n<id>ciA5JeyJF908HFaw2tATPCwL82khrOsW</id>\n<xpos>227</xpos>\n<ypos>122</ypos>\n<devicename><![CDATA[rout1]]></devicename>\n<devicetype><![CDATA[router]]></devicetype>\n<noofports><![CDATA[2]]></noofports>\n<devclicmds><![CDATA[]]></devclicmds>\n<ports>\n<item>\n<portno><![CDATA[rout1pname1]]></portno>\n<porttype><![CDATA[rout1ptype1]]></porttype>\n</item>\n<item>\n<portno><![CDATA[rout1pname2]]></portno>\n<porttype><![CDATA[rout1ptype2]]></porttype>\n</item>\n</ports>\n</object>\n<object>\n<type>router</type>\n<id>GuFsLTyTBtN0sCMqbH7BQpBARzwVnbMb</id>\n<xpos>552</xpos>\n<ypos>127</ypos>\n<devicename><![CDATA[rout2]]></devicename>\n<devicetype><![CDATA[router]]></devicetype>\n<noofports><![CDATA[2]]></noofports>\n<devclicmds><![CDATA[]]></devclicmds>\n<ports>\n<item>\n<portno><![CDATA[rout2pname1]]></portno>\n<porttype><![CDATA[rout2ptype1]]></porttype>\n</item>\n<item>\n<portno><![CDATA[rout2pname2]]></portno>\n<porttype><![CDATA[rout2ptype2]]></porttype>\n</item>\n</ports>\n</object>\n<object>\n<type>router</type>\n<id>3ZTCg3TWIpxTXlGVGExy9BpoLqXgCEnW</id>\n<xpos>388</xpos>\n<ypos>281</ypos>\n<devicename><![CDATA[rout3]]></devicename>\n<devicetype><![CDATA[router]]></devicetype>\n<noofports><![CDATA[2]]></noofports>\n<devclicmds><![CDATA[]]></devclicmds>\n<ports>\n<item>\n<portno><![CDATA[rout3pname1]]></portno>\n<porttype><![CDATA[rout3ptype1]]></porttype>\n</item>\n<item>\n<portno><![CDATA[rout3pname2]]></portno>\n<porttype><![CDATA[rout3ptype2]]></porttype>\n</item>\n</ports>\n</object>\n</objects>\n<connections>\n<connection>\n<sourceId>ciA5JeyJF908HFaw2tATPCwL82khrOsW</sourceId>\n<sourcePortId>outputPort2</sourcePortId>\n<targetId>GuFsLTyTBtN0sCMqbH7BQpBARzwVnbMb</targetId>\n<targetPortId>outputPort9</targetPortId>\n</connection>\n<connection>\n<sourceId>ciA5JeyJF908HFaw2tATPCwL82khrOsW</sourceId>\n<sourcePortId>outputPort6</sourcePortId>\n<targetId>3ZTCg3TWIpxTXlGVGExy9BpoLqXgCEnW</targetId>\n<targetPortId>outputPort9</targetPortId>\n</connection>\n<connection>\n<sourceId>GuFsLTyTBtN0sCMqbH7BQpBARzwVnbMb</sourceId>\n<sourcePortId>outputPort5</sourcePortId>\n<targetId>3ZTCg3TWIpxTXlGVGExy9BpoLqXgCEnW</targetId>\n<targetPortId>outputPort1</targetPortId>\n</connection>\n</connections>\n</drawing>\n","N");
INSERT INTO ez_topology VALUES("12","ssaz","2009-12-03 12:04:02","57","","","<?xml version=\"1.0\" encoding=\"ISO-8859-1\"?>\n<drawing>\n<objects>\n<object>\n<type>router</type>\n<id>SwbinCQ2tSZ7POXbNKwMQKpZDmI2q0ah</id>\n<xpos>415</xpos>\n<ypos>179</ypos>\n<devicename><![CDATA[zxcdd111111111ccc1]]></devicename>\n<devicetype><![CDATA[router]]></devicetype>\n<noofports><![CDATA[1]]></noofports>\n<devclicmds><![CDATA[]]></devclicmds>\n<ports>\n<item>\n<portno><![CDATA[dfd]]></portno>\n<porttype><![CDATA[df]]></porttype>\n</item>\n</ports>\n</object>\n</objects>\n<connections>\n</connections>\n</drawing>\n","N");
INSERT INTO ez_topology VALUES("13","ngin_topology1","2009-12-03 12:04:02","57","2009-12-03 12:15:02","57","<?xml version=\"1.0\" encoding=\"ISO-8859-1\"?>\n<drawing>\n<objects>\n<object>\n<type>router</type>\n<id>iAGHHZPRAu8xqQLeTITWPGbWnQXbXmgF</id>\n<xpos>677</xpos>\n<ypos>309</ypos>\n<devicename><![CDATA[sdsdd]]></devicename>\n<devicetype><![CDATA[router]]></devicetype>\n<noofports><![CDATA[1]]></noofports>\n<devclicmds><![CDATA[]]></devclicmds>\n<ports>\n<item>\n<portno><![CDATA[d]]></portno>\n<porttype><![CDATA[d]]></porttype>\n</item>\n</ports>\n</object>\n<object>\n<type>linuxpc</type>\n<id>oUmznx1AUPZEP8fBXMy9qTDLPiQHvTZc</id>\n<xpos>209</xpos>\n<ypos>209</ypos>\n<devicename><![CDATA[sdfss]]></devicename>\n<devicetype><![CDATA[linuxpc]]></devicetype>\n<noofports><![CDATA[2]]></noofports>\n<devclicmds><![CDATA[]]></devclicmds>\n<ports>\n<item>\n<portno><![CDATA[sdf]]></portno>\n<porttype><![CDATA[df]]></porttype>\n</item>\n<item>\n<portno><![CDATA[sdfe]]></portno>\n<porttype><![CDATA[ffe]]></porttype>\n</item>\n</ports>\n</object>\n<object>\n<type>router</type>\n<id>sVhyo0WiubLFZ2CaxU2Jq3es3JXSsBtO</id>\n<xpos>526</xpos>\n<ypos>139</ypos>\n<devicename><![CDATA[rout]]></devicename>\n<devicetype><![CDATA[router]]></devicetype>\n<noofports><![CDATA[1]]></noofports>\n<devclicmds><![CDATA[]]></devclicmds>\n<ports>\n<item>\n<portno><![CDATA[ss]]></portno>\n<porttype><![CDATA[sss]]></porttype>\n</item>\n</ports>\n</object>\n</objects>\n<connections>\n<connection>\n<sourceId>sVhyo0WiubLFZ2CaxU2Jq3es3JXSsBtO</sourceId>\n<sourcePortId>outputPort4</sourcePortId>\n<targetId>iAGHHZPRAu8xqQLeTITWPGbWnQXbXmgF</targetId>\n<targetPortId>outputPort11</targetPortId>\n</connection>\n<connection>\n<sourceId>sVhyo0WiubLFZ2CaxU2Jq3es3JXSsBtO</sourceId>\n<sourcePortId>outputPort9</sourcePortId>\n<targetId>oUmznx1AUPZEP8fBXMy9qTDLPiQHvTZc</targetId>\n<targetPortId>inputPort3</targetPortId>\n</connection>\n</connections>\n<params>\n<theObjects>\n<![CDATA[router,677,309|linuxpc,209,209|router,526,139]]></theObjects>\n<theConnections>\n<![CDATA[581,194,581,322|581,321,668,321[*]392,176,517,176|392,176,392,247|269,246,393,246]]></theConnections>\n</params>\n</drawing>\n","N");
INSERT INTO ez_topology VALUES("14","ax","2009-12-03 12:04:02","57","","","<?xml version=\"1.0\" encoding=\"ISO-8859-1\"?>\n<drawing>\n<objects>\n<object>\n<type>router</type>\n<id>EktovpkP1XVuyyUzvOtu3mcEyWFbzMgg</id>\n<xpos>313</xpos>\n<ypos>108</ypos>\n<devicename><![CDATA[aa]]></devicename>\n<devicetype><![CDATA[router]]></devicetype>\n<noofports><![CDATA[1]]></noofports>\n<devclicmds><![CDATA[]]></devclicmds>\n<ports>\n<item>\n<portno><![CDATA[a]]></portno>\n<porttype><![CDATA[a]]></porttype>\n</item>\n</ports>\n</object>\n</objects>\n<connections>\n</connections>\n</drawing>\n","N");
INSERT INTO ez_topology VALUES("15","sasasaasasasas","2009-12-03 12:04:02","57","","","<?xml version=\"1.0\" encoding=\"ISO-8859-1\"?>\n<drawing>\n<objects>\n<object>\n<type>router</type>\n<id>ZENl8cQSN3gzsbJLu2Fk0q34dcmwfOB4</id>\n<xpos>234</xpos>\n<ypos>149</ypos>\n<devicename><![CDATA[dfdfsdf]]></devicename>\n<devicetype><![CDATA[router]]></devicetype>\n<noofports><![CDATA[1]]></noofports>\n<devclicmds><![CDATA[]]></devclicmds>\n<ports>\n<item>\n<portno><![CDATA[dfsdfd]]></portno>\n<porttype><![CDATA[fsdfsdfsdf]]></porttype>\n</item>\n</ports>\n</object>\n</objects>\n<connections>\n</connections>\n</drawing>\n","N");
INSERT INTO ez_topology VALUES("16","ggg","2009-12-03 12:04:02","57","","","<?xml version=\"1.0\" encoding=\"ISO-8859-1\"?>\n<drawing>\n<objects>\n<object>\n<type>router</type>\n<id>sOknOElAxQIMPwsAEZnmZTP4dzyUdADd</id>\n<xpos>266</xpos>\n<ypos>116</ypos>\n<devicename><![CDATA[asd]]></devicename>\n<devicetype><![CDATA[router]]></devicetype>\n<noofports><![CDATA[1]]></noofports>\n<devclicmds><![CDATA[]]></devclicmds>\n<ports>\n<item>\n<portno><![CDATA[asdas]]></portno>\n<porttype><![CDATA[d]]></porttype>\n</item>\n</ports>\n</object>\n</objects>\n<connections>\n</connections>\n</drawing>\n","N");
INSERT INTO ez_topology VALUES("17","testtopology2006","2009-12-03 12:04:02","57","","","<?xml version=\"1.0\" encoding=\"ISO-8859-1\"?>\n<drawing>\n<objects>\n<object>\n<type>router</type>\n<id>Po41TLSyhsId5zTEEQmtP9OyGhSUDTaV</id>\n<xpos>325</xpos>\n<ypos>132</ypos>\n<devicename><![CDATA[dfdf]]></devicename>\n<devicetype><![CDATA[router]]></devicetype>\n<noofports><![CDATA[1]]></noofports>\n<devclicmds><![CDATA[]]></devclicmds>\n<ports>\n<item>\n<portno><![CDATA[sdf]]></portno>\n<porttype><![CDATA[sdf]]></porttype>\n</item>\n</ports>\n</object>\n</objects>\n<connections>\n</connections>\n</drawing>\n","N");
INSERT INTO ez_topology VALUES("18","dxxxx","2009-12-03 12:04:02","57","","","<?xml version=\"1.0\" encoding=\"ISO-8859-1\"?>\n<drawing>\n<objects>\n<object>\n<type>router</type>\n<id>S7ycmvGrdyFszVrIqNQCXlTUtJC1wNGI</id>\n<xpos>237</xpos>\n<ypos>127</ypos>\n<devicename><![CDATA[dddf]]></devicename>\n<devicetype><![CDATA[router]]></devicetype>\n<noofports><![CDATA[1]]></noofports>\n<devclicmds><![CDATA[]]></devclicmds>\n<ports>\n<item>\n<portno><![CDATA[dfg]]></portno>\n<porttype><![CDATA[gf]]></porttype>\n</item>\n</ports>\n</object>\n</objects>\n<connections>\n</connections>\n</drawing>\n","N");
INSERT INTO ez_topology VALUES("19","zzff","2009-12-03 12:04:02","57","","","<?xml version=\"1.0\" encoding=\"ISO-8859-1\"?>\n<drawing>\n<objects>\n<object>\n<type>router</type>\n<id>SwbinCQ2tSZ7POXbNKwMQKpZDmI2q0ah</id>\n<xpos>291</xpos>\n<ypos>171</ypos>\n<devicename><![CDATA[zxcdd]]></devicename>\n<devicetype><![CDATA[router]]></devicetype>\n<noofports><![CDATA[1]]></noofports>\n<devclicmds><![CDATA[]]></devclicmds>\n<ports>\n<item>\n<portno><![CDATA[dfd]]></portno>\n<porttype><![CDATA[df]]></porttype>\n</item>\n</ports>\n</object>\n</objects>\n<connections>\n</connections>\n</drawing>\n","N");
INSERT INTO ez_topology VALUES("20","zzzzzzzzzzz","2009-12-03 12:04:02","57","","","<?xml version=\"1.0\" encoding=\"ISO-8859-1\"?>\n<drawing>\n<objects>\n<object>\n<type>router</type>\n<id>CVulbAJpfH3c5Uk20gBlCt27Ba5ds50S</id>\n<xpos>291</xpos>\n<ypos>134</ypos>\n<devicename><![CDATA[sdfsdf]]></devicename>\n<devicetype><![CDATA[router]]></devicetype>\n<noofports><![CDATA[1]]></noofports>\n<devclicmds><![CDATA[]]></devclicmds>\n<ports>\n<item>\n<portno><![CDATA[sdf]]></portno>\n<porttype><![CDATA[sdf]]></porttype>\n</item>\n</ports>\n</object>\n</objects>\n<connections>\n</connections>\n</drawing>\n","N");
INSERT INTO ez_topology VALUES("21","_f","2009-12-03 12:04:02","57","","","<?xml version=\"1.0\" encoding=\"ISO-8859-1\"?>\n<drawing>\n<objects>\n<object>\n<type>router</type>\n<id>EktovpkP1XVuyyUzvOtu3mcEyWFbzMgg</id>\n<xpos>315</xpos>\n<ypos>110</ypos>\n<devicename><![CDATA[aa]]></devicename>\n<devicetype><![CDATA[router]]></devicetype>\n<noofports><![CDATA[1]]></noofports>\n<devclicmds><![CDATA[]]></devclicmds>\n<ports>\n<item>\n<portno><![CDATA[a]]></portno>\n<porttype><![CDATA[a]]></porttype>\n</item>\n</ports>\n</object>\n</objects>\n<connections>\n</connections>\n<params>\n<theObjects>\nrouter,315,110</theObjects>\n<theConnections>\n\n</theConnections>\n<params>\n</drawing>\n","N");
INSERT INTO ez_topology VALUES("22","nginTopo","2009-12-03 12:04:02","57","","","<?xml version=\"1.0\" encoding=\"ISO-8859-1\"?>\n<drawing>\n<objects>\n<object>\n<type>router</type>\n<id>sVhyo0WiubLFZ2CaxU2Jq3es3JXSsBtO</id>\n<xpos>235</xpos>\n<ypos>380</ypos>\n<devicename><![CDATA[routdfsdf]]></devicename>\n<devicetype><![CDATA[router]]></devicetype>\n<noofports><![CDATA[1]]></noofports>\n<devclicmds><![CDATA[]]></devclicmds>\n<ports>\n<item>\n<portno><![CDATA[sdf]]></portno>\n<porttype><![CDATA[sdf]]></porttype>\n</item>\n</ports>\n</object>\n<object>\n<type>router</type>\n<id>iAGHHZPRAu8xqQLeTITWPGbWnQXbXmgF</id>\n<xpos>152</xpos>\n<ypos>203</ypos>\n<devicename><![CDATA[sdsdd]]></devicename>\n<devicetype><![CDATA[router]]></devicetype>\n<noofports><![CDATA[1]]></noofports>\n<devclicmds><![CDATA[]]></devclicmds>\n<ports>\n<item>\n<portno><![CDATA[d]]></portno>\n<porttype><![CDATA[d]]></porttype>\n</item>\n</ports>\n</object>\n<object>\n<type>linuxpc</type>\n<id>lwOZHm3ydHLxX1ddEXARnPPmGepchaXC</id>\n<xpos>187</xpos>\n<ypos>279</ypos>\n<devicename><![CDATA[kjk]]></devicename>\n<devicetype><![CDATA[linuxpc]]></devicetype>\n<noofports><![CDATA[1]]></noofports>\n<devclicmds><![CDATA[]]></devclicmds>\n<ports>\n<item>\n<portno><![CDATA[gjh]]></portno>\n<porttype><![CDATA[gj]]></porttype>\n</item>\n</ports>\n</object>\n</objects>\n<connections>\n<connection>\n<sourceId>sVhyo0WiubLFZ2CaxU2Jq3es3JXSsBtO</sourceId>\n<sourcePortId>outputPort4</sourcePortId>\n<targetId>iAGHHZPRAu8xqQLeTITWPGbWnQXbXmgF</targetId>\n<targetPortId>outputPort11</targetPortId>\n</connection>\n<connection>\n<sourceId>sVhyo0WiubLFZ2CaxU2Jq3es3JXSsBtO</sourceId>\n<sourcePortId>outputPort6</sourcePortId>\n<targetId>lwOZHm3ydHLxX1ddEXARnPPmGepchaXC</targetId>\n<targetPortId>inputPort</targetPortId>\n</connection>\n</connections>\n<params>\n<theObjects>\n<![CDATA[router,235,380|router,152,203|linuxpc,187,279]]></theObjects>\n<theConnections>\n<![CDATA[290,435,290,456|122,455,291,455|122,215,122,456|122,215,143,215[*]260,440,260,461|251,460,261,460|251,254,251,461|242,254,252,254|242,254,242,275]]></theConnections>\n</params>\n</drawing>\n","N");
INSERT INTO ez_topology VALUES("23","ngin_topo2009","2009-12-03 12:04:02","57","","","<?xml version=\"1.0\" encoding=\"ISO-8859-1\"?>\n<drawing>\n<objects>\n<object>\n<type>router</type>\n<id>e26Wt8a72JAw8bNB4UyOtlFUJ64vevko</id>\n<xpos>68</xpos>\n<ypos>198</ypos>\n<devicename><![CDATA[ab ]]></devicename>\n<devicetype><![CDATA[router]]></devicetype>\n<noofports><![CDATA[1]]></noofports>\n<devclicmds><![CDATA[]]></devclicmds>\n<ports>\n<item>\n<portno><![CDATA[sd]]></portno>\n<porttype><![CDATA[d]]></porttype>\n</item>\n</ports>\n</object>\n<object>\n<type>linuxpc</type>\n<id>fx0Oyrw02DLH2NGTA0mBD3gD2TpMfTdQ</id>\n<xpos>202</xpos>\n<ypos>204</ypos>\n<devicename><![CDATA[aa]]></devicename>\n<devicetype><![CDATA[linuxpc]]></devicetype>\n<noofports><![CDATA[1]]></noofports>\n<devclicmds><![CDATA[]]></devclicmds>\n<ports>\n<item>\n<portno><![CDATA[ss]]></portno>\n<porttype><![CDATA[ss]]></porttype>\n</item>\n</ports>\n</object>\n<object>\n<type>windowspc</type>\n<id>tbtklvJ2Io6X1Tb4DIfaHvVQ22u4I9O5</id>\n<xpos>342</xpos>\n<ypos>205</ypos>\n<devicename><![CDATA[abcd]]></devicename>\n<devicetype><![CDATA[windowspc]]></devicetype>\n<noofports><![CDATA[1]]></noofports>\n<devclicmds><![CDATA[]]></devclicmds>\n<ports>\n<item>\n<portno><![CDATA[sd]]></portno>\n<porttype><![CDATA[fd]]></porttype>\n</item>\n</ports>\n</object>\n<object>\n<type>server</type>\n<id>zVQcuS7Ft2daTBlOCGz4OgRR3QJzkVQD</id>\n<xpos>486</xpos>\n<ypos>218</ypos>\n<devicename><![CDATA[aacc]]></devicename>\n<devicetype><![CDATA[server]]></devicetype>\n<noofports><![CDATA[1]]></noofports>\n<devclicmds><![CDATA[]]></devclicmds>\n<ports>\n<item>\n<portno><![CDATA[fc]]></portno>\n<porttype><![CDATA[fc]]></porttype>\n</item>\n</ports>\n</object>\n<object>\n<type>hub</type>\n<id>14UAZF5eGUTd5BcCfNpPze1TtbyoFW4P</id>\n<xpos>621</xpos>\n<ypos>215</ypos>\n<devicename><![CDATA[ss]]></devicename>\n<devicetype><![CDATA[hub]]></devicetype>\n<noofports><![CDATA[1]]></noofports>\n<devclicmds><![CDATA[]]></devclicmds>\n<ports>\n<item>\n<portno><![CDATA[ss]]></portno>\n<porttype><![CDATA[s]]></porttype>\n</item>\n</ports>\n</object>\n<object>\n<type>wireless</type>\n<id>2Fa5qWBSnHvFHePd80HsoUwyR2UW5Glc</id>\n<xpos>756</xpos>\n<ypos>213</ypos>\n<devicename><![CDATA[ee]]></devicename>\n<devicetype><![CDATA[wireless]]></devicetype>\n<noofports><![CDATA[1]]></noofports>\n<devclicmds><![CDATA[]]></devclicmds>\n<ports>\n<item>\n<portno><![CDATA[ee]]></portno>\n<porttype><![CDATA[eee]]></porttype>\n</item>\n</ports>\n</object>\n<object>\n<type>ixia</type>\n<id>0MXdZvhXKGuKlbSBQxfeJwsr7ZQDntdT</id>\n<xpos>891</xpos>\n<ypos>211</ypos>\n<devicename><![CDATA[aac]]></devicename>\n<devicetype><![CDATA[ixia]]></devicetype>\n<noofports><![CDATA[1]]></noofports>\n<devclicmds><![CDATA[]]></devclicmds>\n<ports>\n<item>\n<portno><![CDATA[sdf]]></portno>\n<porttype><![CDATA[dfd]]></porttype>\n</item>\n</ports>\n</object>\n</objects>\n<connections>\n<connection>\n<sourceId>e26Wt8a72JAw8bNB4UyOtlFUJ64vevko</sourceId>\n<sourcePortId>outputPort2</sourcePortId>\n<targetId>fx0Oyrw02DLH2NGTA0mBD3gD2TpMfTdQ</targetId>\n<targetPortId>inputPort10</targetPortId>\n</connection>\n<connection>\n<sourceId>tbtklvJ2Io6X1Tb4DIfaHvVQ22u4I9O5</sourceId>\n<sourcePortId>inputPort10</sourcePortId>\n<targetId>fx0Oyrw02DLH2NGTA0mBD3gD2TpMfTdQ</targetId>\n<targetPortId>inputPort2</targetPortId>\n</connection>\n<connection>\n<sourceId>zVQcuS7Ft2daTBlOCGz4OgRR3QJzkVQD</sourceId>\n<sourcePortId>inputPort10</sourcePortId>\n<targetId>tbtklvJ2Io6X1Tb4DIfaHvVQ22u4I9O5</targetId>\n<targetPortId>inputPort2</targetPortId>\n</connection>\n<connection>\n<sourceId>14UAZF5eGUTd5BcCfNpPze1TtbyoFW4P</sourceId>\n<sourcePortId>inputPort9</sourcePortId>\n<targetId>zVQcuS7Ft2daTBlOCGz4OgRR3QJzkVQD</targetId>\n<targetPortId>inputPort2</targetPortId>\n</connection>\n<connection>\n<sourceId>2Fa5qWBSnHvFHePd80HsoUwyR2UW5Glc</sourceId>\n<sourcePortId>inputPort9</sourcePortId>\n<targetId>14UAZF5eGUTd5BcCfNpPze1TtbyoFW4P</targetId>\n<targetPortId>inputPort2</targetPortId>\n</connection>\n<connection>\n<sourceId>0MXdZvhXKGuKlbSBQxfeJwsr7ZQDntdT</sourceId>\n<sourcePortId>inputPort9</sourcePortId>\n<targetId>2Fa5qWBSnHvFHePd80HsoUwyR2UW5Glc</targetId>\n<targetPortId>inputPort2</targetPortId>\n</connection>\n</connections>\n<params>\n<theObjects>\n<![CDATA[router,68,198|linuxpc,202,204|windowspc,342,205|server,486,218|hub,621,215|wireless,756,213|ixia,891,211]]></theObjects>\n<theConnections>\n<![CDATA[128,223,161,223|160,223,160,230|160,229,193,229[*]297,230,333,230|297,229,297,231|262,229,298,229[*]439,243,477,243|439,230,439,244|402,230,440,230[*]578,252,612,252|578,243,578,253|546,243,579,243[*]713,250,747,250|713,240,713,251|681,240,714,240[*]848,248,882,248|848,238,848,249|816,238,849,238]]></theConnections>\n</params>\n</drawing>\n","N");
INSERT INTO ez_topology VALUES("24","test__topology","2009-12-03 12:04:03","57","","","<?xml version=\"1.0\" encoding=\"ISO-8859-1\"?>\n<drawing>\n<objects>\n<object>\n<type>router</type>\n<id>8vATVUlrbDASMXCo9WhLKNcgvtksv1hH</id>\n<xpos>366</xpos>\n<ypos>91</ypos>\n<devicename><![CDATA[sdfs]]></devicename>\n<devicetype><![CDATA[router]]></devicetype>\n<noofports><![CDATA[1]]></noofports>\n<devclicmds><![CDATA[]]></devclicmds>\n<ports>\n<item>\n<portno><![CDATA[sdf]]></portno>\n<porttype><![CDATA[sdf]]></porttype>\n</item>\n</ports>\n</object>\n</objects>\n<connections>\n</connections>\n</drawing>\n","N");
INSERT INTO ez_topology VALUES("25","eztest_topo","2009-12-03 12:04:03","57","","","<?xml version=\"1.0\" encoding=\"ISO-8859-1\"?>\n<drawing>\n<objects>\n<object>\n<type>router</type>\n<id>Kd7pO9ugLzWZoMW74dytl9MptyMcLhk7</id>\n<xpos>256</xpos>\n<ypos>111</ypos>\n<devicename><![CDATA[dfsd]]></devicename>\n<devicetype><![CDATA[router]]></devicetype>\n<noofports><![CDATA[1]]></noofports>\n<devclicmds><![CDATA[]]></devclicmds>\n<ports>\n<item>\n<portno><![CDATA[sdf]]></portno>\n<porttype><![CDATA[dfsdf]]></porttype>\n</item>\n</ports>\n</object>\n</objects>\n<connections>\n</connections>\n</drawing>\n","N");
INSERT INTO ez_topology VALUES("26","zzfff","2009-12-03 12:04:03","57","","","<?xml version=\"1.0\" encoding=\"ISO-8859-1\"?>\n<drawing>\n<objects>\n<object>\n<type>router</type>\n<id>H8hJOl87wG8xNI2PhTaenlLqGTUGyQGa</id>\n<xpos>195</xpos>\n<ypos>125</ypos>\n<devicename><![CDATA[sdfsdf]]></devicename>\n<devicetype><![CDATA[router]]></devicetype>\n<noofports><![CDATA[1]]></noofports>\n<devclicmds><![CDATA[]]></devclicmds>\n<ports>\n<item>\n<portno><![CDATA[sdf]]></portno>\n<porttype><![CDATA[dsfsdf]]></porttype>\n</item>\n</ports>\n</object>\n</objects>\n<connections>\n</connections>\n</drawing>\n","N");
INSERT INTO ez_topology VALUES("27","ngin_topo2","2009-12-03 12:04:03","57","","","<?xml version=\"1.0\" encoding=\"ISO-8859-1\"?>\n<drawing>\n<objects>\n<object>\n<type>router</type>\n<id>sVhyo0WiubLFZ2CaxU2Jq3es3JXSsBtO</id>\n<xpos>677</xpos>\n<ypos>61</ypos>\n<devicename><![CDATA[rout]]></devicename>\n<devicetype><![CDATA[router]]></devicetype>\n<noofports><![CDATA[1]]></noofports>\n<devclicmds><![CDATA[]]></devclicmds>\n<ports>\n<item>\n<portno><![CDATA[sdf]]></portno>\n<porttype><![CDATA[sdf]]></porttype>\n</item>\n</ports>\n</object>\n<object>\n<type>router</type>\n<id>iAGHHZPRAu8xqQLeTITWPGbWnQXbXmgF</id>\n<xpos>660</xpos>\n<ypos>369</ypos>\n<devicename><![CDATA[sdsdd]]></devicename>\n<devicetype><![CDATA[router]]></devicetype>\n<noofports><![CDATA[1]]></noofports>\n<devclicmds><![CDATA[]]></devclicmds>\n<ports>\n<item>\n<portno><![CDATA[d]]></portno>\n<porttype><![CDATA[d]]></porttype>\n</item>\n</ports>\n</object>\n</objects>\n<connections>\n<connection>\n<sourceId>sVhyo0WiubLFZ2CaxU2Jq3es3JXSsBtO</sourceId>\n<sourcePortId>outputPort4</sourcePortId>\n<targetId>iAGHHZPRAu8xqQLeTITWPGbWnQXbXmgF</targetId>\n<targetPortId>outputPort11</targetPortId>\n</connection>\n</connections>\n<params>\n<theObjects>\n<![CDATA[router,677,61|router,660,369]]></theObjects>\n<theConnections>\n<![CDATA[732,116,732,249|630,248,733,248|630,248,630,382|630,381,651,381]]></theConnections>\n</params>\n</drawing>\n","N");
INSERT INTO ez_topology VALUES("28","a","2009-12-03 12:04:03","57","","","<?xml version=\"1.0\" encoding=\"ISO-8859-1\"?>\n<drawing>\n<objects>\n<object>\n<type>router</type>\n<id>ZE1CJ59HkfgqEEexzSairOTCPyrZlAJg</id>\n<xpos>181</xpos>\n<ypos>111</ypos>\n<devicename><![CDATA[a]]></devicename>\n<devicetype><![CDATA[router]]></devicetype>\n<noofports><![CDATA[1]]></noofports>\n<devclicmds><![CDATA[]]></devclicmds>\n<ports>\n<item>\n<portno><![CDATA[a]]></portno>\n<porttype><![CDATA[a]]></porttype>\n</item>\n</ports>\n</object>\n</objects>\n<connections>\n</connections>\n</drawing>\n","N");
INSERT INTO ez_topology VALUES("29","test25996633","2009-12-03 12:04:03","57","","","<?xml version=\"1.0\" encoding=\"ISO-8859-1\"?>\n<drawing>\n<objects>\n<object>\n<type>router</type>\n<id>pNtk1XT2Tdgs05xo1We2Vu4FtrhiNmDt</id>\n<xpos>436</xpos>\n<ypos>98</ypos>\n<devicename><![CDATA[sdfsdfsdf]]></devicename>\n<devicetype><![CDATA[router]]></devicetype>\n<noofports><![CDATA[1]]></noofports>\n<devclicmds><![CDATA[]]></devclicmds>\n<ports>\n<item>\n<portno><![CDATA[sdf]]></portno>\n<porttype><![CDATA[dsf]]></porttype>\n</item>\n</ports>\n</object>\n</objects>\n<connections>\n</connections>\n</drawing>\n","N");
INSERT INTO ez_topology VALUES("30","topology","2009-12-03 12:04:03","57","","","helow","N");
INSERT INTO ez_topology VALUES("31","test20000000009","2009-12-03 12:04:03","57","2009-12-03 12:11:55","57","<?xml version=\"1.0\" encoding=\"ISO-8859-1\"?>\n<drawing>\n<objects>\n<object>\n<type>router</type>\n<id>RUdAcpkr1xigXrxQdmEOKO5Qt3M2UD1l</id>\n<xpos>296</xpos>\n<ypos>127</ypos>\n<devicename><![CDATA[sdsd]]></devicename>\n<devicetype><![CDATA[router]]></devicetype>\n<noofports><![CDATA[1]]></noofports>\n<devclicmds><![CDATA[]]></devclicmds>\n<ports>\n<item>\n<portno><![CDATA[sd]]></portno>\n<porttype><![CDATA[sdsd]]></porttype>\n</item>\n</ports>\n</object>\n<object>\n<type>ixia</type>\n<id>lTDM63xeLm73iJGe8A9phtHBy70vE0Q6</id>\n<xpos>310</xpos>\n<ypos>244</ypos>\n<devicename><![CDATA[sdasda]]></devicename>\n<devicetype><![CDATA[ixia]]></devicetype>\n<noofports><![CDATA[1]]></noofports>\n<devclicmds><![CDATA[]]></devclicmds>\n<ports>\n<item>\n<portno><![CDATA[asdfasdf]]></portno>\n<porttype><![CDATA[sdfsdf]]></porttype>\n</item>\n</ports>\n</object>\n<object>\n<type>wavesat</type>\n<id>V2sdnn4hMX8uRO1QTwCHqZTtwNtRos6n</id>\n<xpos>135</xpos>\n<ypos>176</ypos>\n<devicename><![CDATA[ss]]></devicename>\n<devicetype><![CDATA[wavesat]]></devicetype>\n<noofports><![CDATA[1]]></noofports>\n<devclicmds><![CDATA[]]></devclicmds>\n<ports>\n<item>\n<portno><![CDATA[ss]]></portno>\n<porttype><![CDATA[ss]]></porttype>\n</item>\n</ports>\n</object>\n<object>\n<type>extreme</type>\n<id>so6hzDv6WLyPvZDJ8KZ7zazEAd6JIprZ</id>\n<xpos>448</xpos>\n<ypos>178</ypos>\n<devicename><![CDATA[sdfdsaa]]></devicename>\n<devicetype><![CDATA[extreme]]></devicetype>\n<noofports><![CDATA[1]]></noofports>\n<devclicmds><![CDATA[]]></devclicmds>\n<ports>\n<item>\n<portno><![CDATA[ss]]></portno>\n<porttype><![CDATA[dfdf]]></porttype>\n</item>\n</ports>\n</object>\n</objects>\n<connections>\n<connection>\n<sourceId>RUdAcpkr1xigXrxQdmEOKO5Qt3M2UD1l</sourceId>\n<sourcePortId>outputPort9</sourcePortId>\n<targetId>V2sdnn4hMX8uRO1QTwCHqZTtwNtRos6n</targetId>\n<targetPortId>inputPort1</targetPortId>\n</connection>\n<connection>\n<sourceId>lTDM63xeLm73iJGe8A9phtHBy70vE0Q6</sourceId>\n<sourcePortId>inputPort9</sourcePortId>\n<targetId>V2sdnn4hMX8uRO1QTwCHqZTtwNtRos6n</targetId>\n<targetPortId>inputPort6</targetPortId>\n</connection>\n<connection>\n<sourceId>so6hzDv6WLyPvZDJ8KZ7zazEAd6JIprZ</sourceId>\n<sourcePortId>outputPort5</sourcePortId>\n<targetId>lTDM63xeLm73iJGe8A9phtHBy70vE0Q6</targetId>\n<targetPortId>inputPort3</targetPortId>\n</connection>\n<connection>\n<sourceId>RUdAcpkr1xigXrxQdmEOKO5Qt3M2UD1l</sourceId>\n<sourcePortId>outputPort2</sourcePortId>\n<targetId>so6hzDv6WLyPvZDJ8KZ7zazEAd6JIprZ</targetId>\n<targetPortId>outputPort13</targetPortId>\n</connection>\n</connections>\n<params>\n<theObjects>\n<![CDATA[router,296,127|ixia,310,244|wavesat,135,176|extreme,448,178]]></theObjects>\n<theConnections>\n<![CDATA[240,164,287,164|240,164,240,189|195,188,241,188[*]160,281,301,281|160,236,160,282[*]485,238,485,282|370,281,486,281[*]356,152,461,152|460,152,460,169]]></theConnections>\n</params>\n</drawing>\n","N");
INSERT INTO ez_topology VALUES("32","sszs","2009-12-03 12:04:03","57","","","<?xml version=\"1.0\" encoding=\"ISO-8859-1\"?>\n<drawing>\n<objects>\n<object>\n<type>router</type>\n<id>DMQh5EhDpURoeWINcM2e83DPrmhAnTxZ</id>\n<xpos>351</xpos>\n<ypos>140</ypos>\n<devicename><![CDATA[ddd]]></devicename>\n<devicetype><![CDATA[router]]></devicetype>\n<noofports><![CDATA[1]]></noofports>\n<devclicmds><![CDATA[]]></devclicmds>\n<ports>\n<item>\n<portno><![CDATA[ddd]]></portno>\n<porttype><![CDATA[dddddd]]></porttype>\n</item>\n</ports>\n</object>\n<object>\n<type>router</type>\n<id>1y8F6ycHSiTvSG6yFV3FaVxTKX5W3T1k</id>\n<xpos>252</xpos>\n<ypos>123</ypos>\n<devicename><![CDATA[sss]]></devicename>\n<devicetype><![CDATA[router]]></devicetype>\n<noofports><![CDATA[1]]></noofports>\n<devclicmds><![CDATA[]]></devclicmds>\n<ports>\n<item>\n<portno><![CDATA[ss]]></portno>\n<porttype><![CDATA[ss]]></porttype>\n</item>\n</ports>\n</object>\n</objects>\n<connections>\n</connections>\n</drawing>\n","N");
INSERT INTO ez_topology VALUES("33","axx","2009-12-03 12:04:03","57","","","<?xml version=\"1.0\" encoding=\"ISO-8859-1\"?>\n<drawing>\n<objects>\n<object>\n<type>router</type>\n<id>Z35sN7hG9pa06MTy3MSan7deq195gdRq</id>\n<xpos>462</xpos>\n<ypos>182</ypos>\n<devicename><![CDATA[testr]]></devicename>\n<devicetype><![CDATA[router]]></devicetype>\n<noofports><![CDATA[1]]></noofports>\n<devclicmds><![CDATA[]]></devclicmds>\n<ports>\n<item>\n<portno><![CDATA[fdg]]></portno>\n<porttype><![CDATA[fdfg]]></porttype>\n</item>\n</ports>\n</object>\n<object>\n<type>extreme</type>\n<id>hdu1HxW1r6fpJkM1hm0aFJhIZVeUW0oS</id>\n<xpos>324</xpos>\n<ypos>271</ypos>\n<ports>\n</ports>\n</object>\n</objects>\n<connections>\n</connections>\n</drawing>\n","N");
INSERT INTO ez_topology VALUES("34","ddddddfddddddd","2009-12-04 15:29:04","53","","","<?xml version=\"1.0\" encoding=\"ISO-8859-1\"?>\n<drawing>\n<objects>\n<object>\n<type>router</type>\n<id>Kd7pO9ugLzWZoMW74dytl9MptyMcLhk7</id>\n<xpos>256</xpos>\n<ypos>111</ypos>\n<devicename><![CDATA[dfsd]]></devicename>\n<devicetype><![CDATA[router]]></devicetype>\n<noofports><![CDATA[1]]></noofports>\n<devclicmds><![CDATA[]]></devclicmds>\n<ports>\n<item>\n<portno><![CDATA[sdf]]></portno>\n<porttype><![CDATA[dfsdf]]></porttype>\n</item>\n</ports>\n</object>\n</objects>\n<connections>\n</connections>\n</drawing>\n","N");
INSERT INTO ez_topology VALUES("35","qqww","2009-12-04 15:29:04","53","","","<?xml version=\"1.0\" encoding=\"ISO-8859-1\"?>\n<drawing>\n<objects>\n<object>\n<type>router</type>\n<id>SwbinCQ2tSZ7POXbNKwMQKpZDmI2q0ah</id>\n<xpos>292</xpos>\n<ypos>172</ypos>\n<devicename><![CDATA[zxcdd11111111111111111118833333333]]></devicename>\n<devicetype><![CDATA[router]]></devicetype>\n<noofports><![CDATA[1]]></noofports>\n<devclicmds><![CDATA[]]></devclicmds>\n<ports>\n<item>\n<portno><![CDATA[dfd]]></portno>\n<porttype><![CDATA[df]]></porttype>\n</item>\n</ports>\n</object>\n</objects>\n<connections>\n</connections>\n</drawing>\n","N");
INSERT INTO ez_topology VALUES("36","ttttttttttt","2009-12-04 15:29:04","53","","","<?xml version=\"1.0\" encoding=\"ISO-8859-1\"?>\n<drawing>\n<objects>\n<object>\n<type>router</type>\n<id>CVulbAJpfH3c5Uk20gBlCt27Ba5ds50S</id>\n<xpos>291</xpos>\n<ypos>134</ypos>\n<devicename><![CDATA[sdfsdf]]></devicename>\n<devicetype><![CDATA[router]]></devicetype>\n<noofports><![CDATA[1]]></noofports>\n<devclicmds><![CDATA[]]></devclicmds>\n<ports>\n<item>\n<portno><![CDATA[sdf]]></portno>\n<porttype><![CDATA[sdf]]></porttype>\n</item>\n</ports>\n</object>\n</objects>\n<connections>\n</connections>\n</drawing>\n","N");
INSERT INTO ez_topology VALUES("37","dtd","2009-12-04 15:29:04","53","","","<?xml version=\"1.0\" encoding=\"ISO-8859-1\"?>\n<drawing>\n<objects>\n<object>\n<type>router</type>\n<id>c3kfco8G29mfMOdePyUIhp7TKZGwALku</id>\n<xpos>249</xpos>\n<ypos>136</ypos>\n<devicename><![CDATA[fgfg]]></devicename>\n<devicetype><![CDATA[router]]></devicetype>\n<noofports><![CDATA[1]]></noofports>\n<devclicmds><![CDATA[]]></devclicmds>\n<ports>\n<item>\n<portno><![CDATA[dfg]]></portno>\n<porttype><![CDATA[fgdfg]]></porttype>\n</item>\n</ports>\n</object>\n</objects>\n<connections>\n</connections>\n</drawing>\n","N");
INSERT INTO ez_topology VALUES("38","f","2009-12-04 15:29:04","53","","","<?xml version=\"1.0\" encoding=\"ISO-8859-1\"?>\n<drawing>\n<objects>\n<object>\n<type>router</type>\n<id>603aQEKp6JBKqyffggu6Il3kmZCCcau3</id>\n<xpos>327</xpos>\n<ypos>145</ypos>\n<devicename><![CDATA[sdf]]></devicename>\n<devicetype><![CDATA[router]]></devicetype>\n<noofports><![CDATA[1]]></noofports>\n<devclicmds><![CDATA[]]></devclicmds>\n<ports>\n<item>\n<portno><![CDATA[dsf]]></portno>\n<porttype><![CDATA[ffd]]></porttype>\n</item>\n</ports>\n</object>\n<object>\n<type>linuxpc</type>\n<id>uouVCe17C0bVLbhrW6ByTGwPNNU9OPNg</id>\n<xpos>450</xpos>\n<ypos>146</ypos>\n<devicename><![CDATA[dsf]]></devicename>\n<devicetype><![CDATA[linuxpc]]></devicetype>\n<noofports><![CDATA[1]]></noofports>\n<devclicmds><![CDATA[]]></devclicmds>\n<ports>\n<item>\n<portno><![CDATA[dsf]]></portno>\n<porttype><![CDATA[df]]></porttype>\n</item>\n</ports>\n</object>\n</objects>\n<connections>\n<connection>\n<sourceId>603aQEKp6JBKqyffggu6Il3kmZCCcau3</sourceId>\n<sourcePortId>outputPort4</sourcePortId>\n<targetId>uouVCe17C0bVLbhrW6ByTGwPNNU9OPNg</targetId>\n<targetPortId>inputPort11</targetPortId>\n</connection>\n</connections>\n<params>\n<theObjects>\nrouter,327,145|linuxpc,450,146</theObjects>\n<theConnections>\n382,200,382,221|382,220,412,220|411,158,411,221|411,158,441,158</theConnections>\n<params>\n</drawing>\n","N");
INSERT INTO ez_topology VALUES("39","test_topo_","2009-12-04 15:29:04","53","","","<?xml version=\"1.0\" encoding=\"ISO-8859-1\"?>\n<drawing>\n<objects>\n<object>\n<type>router</type>\n<id>9HeoCkmyzQdcAUvURDWu24GgGs4mrCdv</id>\n<xpos>341</xpos>\n<ypos>118</ypos>\n<devicename><![CDATA[ff]]></devicename>\n<devicetype><![CDATA[router]]></devicetype>\n<noofports><![CDATA[1]]></noofports>\n<devclicmds><![CDATA[]]></devclicmds>\n<ports>\n<item>\n<portno><![CDATA[f]]></portno>\n<porttype><![CDATA[f]]></porttype>\n</item>\n</ports>\n</object>\n</objects>\n<connections>\n</connections>\n</drawing>\n","N");
INSERT INTO ez_topology VALUES("40","__f","2009-12-04 15:29:04","53","","","<?xml version=\"1.0\" encoding=\"ISO-8859-1\"?>\n<drawing>\n<objects>\n<object>\n<type>router</type>\n<id>EWkGpLBKIHOHhPRT18MUc5AbAeQhp0BX</id>\n<xpos>257</xpos>\n<ypos>132</ypos>\n<devicename><![CDATA[sd]]></devicename>\n<devicetype><![CDATA[router]]></devicetype>\n<noofports><![CDATA[1]]></noofports>\n<devclicmds><![CDATA[]]></devclicmds>\n<ports>\n<item>\n<portno><![CDATA[s]]></portno>\n<porttype><![CDATA[s]]></porttype>\n</item>\n</ports>\n</object>\n<object>\n<type>windowspc</type>\n<id>LucvECMZlESG6uWFNa0TkLXwGJrGiJMw</id>\n<xpos>456</xpos>\n<ypos>121</ypos>\n<devicename><![CDATA[sdww]]></devicename>\n<devicetype><![CDATA[windowspc]]></devicetype>\n<noofports><![CDATA[1]]></noofports>\n<devclicmds><![CDATA[]]></devclicmds>\n<ports>\n<item>\n<portno><![CDATA[s]]></portno>\n<porttype><![CDATA[s]]></porttype>\n</item>\n</ports>\n</object>\n<object>\n<type>router</type>\n<id>puNGu9KWT8gTNamV0Sn1ComHo9OuH11X</id>\n<xpos>392</xpos>\n<ypos>284</ypos>\n<devicename><![CDATA[deawd]]></devicename>\n<devicetype><![CDATA[router]]></devicetype>\n<noofports><![CDATA[1]]></noofports>\n<devclicmds><![CDATA[]]></devclicmds>\n<ports>\n<item>\n<portno><![CDATA[asd]]></portno>\n<porttype><![CDATA[sd]]></porttype>\n</item>\n</ports>\n</object>\n</objects>\n<connections>\n<connection>\n<sourceId>EWkGpLBKIHOHhPRT18MUc5AbAeQhp0BX</sourceId>\n<sourcePortId>outputPort6</sourcePortId>\n<targetId>puNGu9KWT8gTNamV0Sn1ComHo9OuH11X</targetId>\n<targetPortId>outputPort9</targetPortId>\n</connection>\n<connection>\n<sourceId>EWkGpLBKIHOHhPRT18MUc5AbAeQhp0BX</sourceId>\n<sourcePortId>outputPort1</sourcePortId>\n<targetId>LucvECMZlESG6uWFNa0TkLXwGJrGiJMw</targetId>\n<targetPortId>inputPort9</targetPortId>\n</connection>\n<connection>\n<sourceId>puNGu9KWT8gTNamV0Sn1ComHo9OuH11X</sourceId>\n<sourcePortId>outputPort2</sourcePortId>\n<targetId>LucvECMZlESG6uWFNa0TkLXwGJrGiJMw</targetId>\n<targetPortId>inputPort5</targetPortId>\n</connection>\n</connections>\n<params>\n<theObjects>\nrouter,257,132|windowspc,456,121|router,392,284</theObjects>\n<theConnections>\n282,192,282,322|282,321,383,321[*]317,144,382,144|381,144,381,159|381,158,447,158[*]452,309,494,309|493,181,493,310</theConnections>\n<params>\n</drawing>\n","N");
INSERT INTO ez_topology VALUES("41","dfdf","2009-12-04 15:29:04","53","","","<?xml version=\"1.0\" encoding=\"ISO-8859-1\"?>\n<drawing>\n<objects>\n<object>\n<type>router</type>\n<id>dgSoKTGUtZyhkLZFlLnUPMz4BTbLNVco</id>\n<xpos>377</xpos>\n<ypos>200</ypos>\n<devicename><![CDATA[router123]]></devicename>\n<devicetype><![CDATA[router]]></devicetype>\n<noofports><![CDATA[1]]></noofports>\n<devclicmds><![CDATA[]]></devclicmds>\n<ports>\n<item>\n<portno><![CDATA[dd]]></portno>\n<porttype><![CDATA[dd]]></porttype>\n</item>\n</ports>\n</object>\n</objects>\n<connections>\n</connections>\n</drawing>\n","N");
INSERT INTO ez_topology VALUES("42","xcvxc","2009-12-04 15:29:04","53","","","<?xml version=\"1.0\" encoding=\"ISO-8859-1\"?>\n<drawing>\n<objects>\n<object>\n<type>router</type>\n<id>B74Sm4OmX3sUZ9wlifv9pAKIsAydlRqs</id>\n<xpos>363</xpos>\n<ypos>119</ypos>\n<devicename><![CDATA[tgghgfh]]></devicename>\n<devicetype><![CDATA[router]]></devicetype>\n<noofports><![CDATA[1]]></noofports>\n<devclicmds><![CDATA[]]></devclicmds>\n<ports>\n<item>\n<portno><![CDATA[gfh]]></portno>\n<porttype><![CDATA[gfh]]></porttype>\n</item>\n</ports>\n</object>\n</objects>\n<connections>\n</connections>\n</drawing>\n","N");
INSERT INTO ez_topology VALUES("43","dd","2009-12-04 15:29:04","53","","","<?xml version=\"1.0\" encoding=\"ISO-8859-1\"?>\n<drawing>\n<objects>\n<object>\n<type>router</type>\n<id>WpCtWXefJ6sSbTTNqn5MIbFvHw5mlV8E</id>\n<xpos>438</xpos>\n<ypos>134</ypos>\n<devicename><![CDATA[dfg]]></devicename>\n<devicetype><![CDATA[router]]></devicetype>\n<noofports><![CDATA[1]]></noofports>\n<devclicmds><![CDATA[]]></devclicmds>\n<ports>\n<item>\n<portno><![CDATA[d]]></portno>\n<porttype><![CDATA[d]]></porttype>\n</item>\n</ports>\n</object>\n</objects>\n<connections>\n</connections>\n</drawing>\n","N");
INSERT INTO ez_topology VALUES("44","test_topo_ngin","2009-12-04 15:29:04","53","","","<?xml version=\"1.0\" encoding=\"ISO-8859-1\"?>\n<drawing>\n<objects>\n<object>\n<type>router</type>\n<id>ciA5JeyJF908HFaw2tATPCwL82khrOsW</id>\n<xpos>227</xpos>\n<ypos>122</ypos>\n<devicename><![CDATA[rout1]]></devicename>\n<devicetype><![CDATA[router]]></devicetype>\n<noofports><![CDATA[2]]></noofports>\n<devclicmds><![CDATA[]]></devclicmds>\n<ports>\n<item>\n<portno><![CDATA[rout1pname1]]></portno>\n<porttype><![CDATA[rout1ptype1]]></porttype>\n</item>\n<item>\n<portno><![CDATA[rout1pname2]]></portno>\n<porttype><![CDATA[rout1ptype2]]></porttype>\n</item>\n</ports>\n</object>\n<object>\n<type>router</type>\n<id>GuFsLTyTBtN0sCMqbH7BQpBARzwVnbMb</id>\n<xpos>552</xpos>\n<ypos>127</ypos>\n<devicename><![CDATA[rout2]]></devicename>\n<devicetype><![CDATA[router]]></devicetype>\n<noofports><![CDATA[2]]></noofports>\n<devclicmds><![CDATA[]]></devclicmds>\n<ports>\n<item>\n<portno><![CDATA[rout2pname1]]></portno>\n<porttype><![CDATA[rout2ptype1]]></porttype>\n</item>\n<item>\n<portno><![CDATA[rout2pname2]]></portno>\n<porttype><![CDATA[rout2ptype2]]></porttype>\n</item>\n</ports>\n</object>\n<object>\n<type>router</type>\n<id>3ZTCg3TWIpxTXlGVGExy9BpoLqXgCEnW</id>\n<xpos>388</xpos>\n<ypos>281</ypos>\n<devicename><![CDATA[rout3]]></devicename>\n<devicetype><![CDATA[router]]></devicetype>\n<noofports><![CDATA[2]]></noofports>\n<devclicmds><![CDATA[]]></devclicmds>\n<ports>\n<item>\n<portno><![CDATA[rout3pname1]]></portno>\n<porttype><![CDATA[rout3ptype1]]></porttype>\n</item>\n<item>\n<portno><![CDATA[rout3pname2]]></portno>\n<porttype><![CDATA[rout3ptype2]]></porttype>\n</item>\n</ports>\n</object>\n</objects>\n<connections>\n<connection>\n<sourceId>ciA5JeyJF908HFaw2tATPCwL82khrOsW</sourceId>\n<sourcePortId>outputPort2</sourcePortId>\n<targetId>GuFsLTyTBtN0sCMqbH7BQpBARzwVnbMb</targetId>\n<targetPortId>outputPort9</targetPortId>\n</connection>\n<connection>\n<sourceId>ciA5JeyJF908HFaw2tATPCwL82khrOsW</sourceId>\n<sourcePortId>outputPort6</sourcePortId>\n<targetId>3ZTCg3TWIpxTXlGVGExy9BpoLqXgCEnW</targetId>\n<targetPortId>outputPort9</targetPortId>\n</connection>\n<connection>\n<sourceId>GuFsLTyTBtN0sCMqbH7BQpBARzwVnbMb</sourceId>\n<sourcePortId>outputPort5</sourcePortId>\n<targetId>3ZTCg3TWIpxTXlGVGExy9BpoLqXgCEnW</targetId>\n<targetPortId>outputPort1</targetPortId>\n</connection>\n</connections>\n</drawing>\n","N");
INSERT INTO ez_topology VALUES("45","ssaz","2009-12-04 15:29:04","53","","","<?xml version=\"1.0\" encoding=\"ISO-8859-1\"?>\n<drawing>\n<objects>\n<object>\n<type>router</type>\n<id>SwbinCQ2tSZ7POXbNKwMQKpZDmI2q0ah</id>\n<xpos>415</xpos>\n<ypos>179</ypos>\n<devicename><![CDATA[zxcdd111111111ccc1]]></devicename>\n<devicetype><![CDATA[router]]></devicetype>\n<noofports><![CDATA[1]]></noofports>\n<devclicmds><![CDATA[]]></devclicmds>\n<ports>\n<item>\n<portno><![CDATA[dfd]]></portno>\n<porttype><![CDATA[df]]></porttype>\n</item>\n</ports>\n</object>\n</objects>\n<connections>\n</connections>\n</drawing>\n","N");
INSERT INTO ez_topology VALUES("46","ngin_topology1","2009-12-04 15:29:04","53","","","<?xml version=\"1.0\" encoding=\"ISO-8859-1\"?>\n<drawing>\n<objects>\n<object>\n<type>router</type>\n<id>iAGHHZPRAu8xqQLeTITWPGbWnQXbXmgF</id>\n<xpos>677</xpos>\n<ypos>309</ypos>\n<devicename><![CDATA[sdsdd]]></devicename>\n<devicetype><![CDATA[router]]></devicetype>\n<noofports><![CDATA[1]]></noofports>\n<devclicmds><![CDATA[]]></devclicmds>\n<ports>\n<item>\n<portno><![CDATA[d]]></portno>\n<porttype><![CDATA[d]]></porttype>\n</item>\n</ports>\n</object>\n<object>\n<type>linuxpc</type>\n<id>oUmznx1AUPZEP8fBXMy9qTDLPiQHvTZc</id>\n<xpos>209</xpos>\n<ypos>209</ypos>\n<devicename><![CDATA[sdfss]]></devicename>\n<devicetype><![CDATA[linuxpc]]></devicetype>\n<noofports><![CDATA[2]]></noofports>\n<devclicmds><![CDATA[]]></devclicmds>\n<ports>\n<item>\n<portno><![CDATA[sdf]]></portno>\n<porttype><![CDATA[df]]></porttype>\n</item>\n<item>\n<portno><![CDATA[sdfe]]></portno>\n<porttype><![CDATA[ffe]]></porttype>\n</item>\n</ports>\n</object>\n<object>\n<type>router</type>\n<id>sVhyo0WiubLFZ2CaxU2Jq3es3JXSsBtO</id>\n<xpos>526</xpos>\n<ypos>139</ypos>\n<devicename><![CDATA[rout]]></devicename>\n<devicetype><![CDATA[router]]></devicetype>\n<noofports><![CDATA[1]]></noofports>\n<devclicmds><![CDATA[]]></devclicmds>\n<ports>\n<item>\n<portno><![CDATA[ss]]></portno>\n<porttype><![CDATA[sss]]></porttype>\n</item>\n</ports>\n</object>\n</objects>\n<connections>\n<connection>\n<sourceId>sVhyo0WiubLFZ2CaxU2Jq3es3JXSsBtO</sourceId>\n<sourcePortId>outputPort4</sourcePortId>\n<targetId>iAGHHZPRAu8xqQLeTITWPGbWnQXbXmgF</targetId>\n<targetPortId>outputPort11</targetPortId>\n</connection>\n<connection>\n<sourceId>sVhyo0WiubLFZ2CaxU2Jq3es3JXSsBtO</sourceId>\n<sourcePortId>outputPort9</sourcePortId>\n<targetId>oUmznx1AUPZEP8fBXMy9qTDLPiQHvTZc</targetId>\n<targetPortId>inputPort3</targetPortId>\n</connection>\n</connections>\n<params>\n<theObjects>\n<![CDATA[router,677,309|linuxpc,209,209|router,526,139]]></theObjects>\n<theConnections>\n<![CDATA[581,194,581,322|581,321,668,321[*]392,176,517,176|392,176,392,247|269,246,393,246]]></theConnections>\n</params>\n</drawing>\n","N");
INSERT INTO ez_topology VALUES("47","ax","2009-12-04 15:29:04","53","","","<?xml version=\"1.0\" encoding=\"ISO-8859-1\"?>\n<drawing>\n<objects>\n<object>\n<type>router</type>\n<id>EktovpkP1XVuyyUzvOtu3mcEyWFbzMgg</id>\n<xpos>313</xpos>\n<ypos>108</ypos>\n<devicename><![CDATA[aa]]></devicename>\n<devicetype><![CDATA[router]]></devicetype>\n<noofports><![CDATA[1]]></noofports>\n<devclicmds><![CDATA[]]></devclicmds>\n<ports>\n<item>\n<portno><![CDATA[a]]></portno>\n<porttype><![CDATA[a]]></porttype>\n</item>\n</ports>\n</object>\n</objects>\n<connections>\n</connections>\n</drawing>\n","N");
INSERT INTO ez_topology VALUES("48","sasasaasasasas","2009-12-04 15:29:04","53","","","<?xml version=\"1.0\" encoding=\"ISO-8859-1\"?>\n<drawing>\n<objects>\n<object>\n<type>router</type>\n<id>ZENl8cQSN3gzsbJLu2Fk0q34dcmwfOB4</id>\n<xpos>234</xpos>\n<ypos>149</ypos>\n<devicename><![CDATA[dfdfsdf]]></devicename>\n<devicetype><![CDATA[router]]></devicetype>\n<noofports><![CDATA[1]]></noofports>\n<devclicmds><![CDATA[]]></devclicmds>\n<ports>\n<item>\n<portno><![CDATA[dfsdfd]]></portno>\n<porttype><![CDATA[fsdfsdfsdf]]></porttype>\n</item>\n</ports>\n</object>\n</objects>\n<connections>\n</connections>\n</drawing>\n","N");
INSERT INTO ez_topology VALUES("49","ggg","2009-12-04 15:29:04","53","","","<?xml version=\"1.0\" encoding=\"ISO-8859-1\"?>\n<drawing>\n<objects>\n<object>\n<type>router</type>\n<id>sOknOElAxQIMPwsAEZnmZTP4dzyUdADd</id>\n<xpos>266</xpos>\n<ypos>116</ypos>\n<devicename><![CDATA[asd]]></devicename>\n<devicetype><![CDATA[router]]></devicetype>\n<noofports><![CDATA[1]]></noofports>\n<devclicmds><![CDATA[]]></devclicmds>\n<ports>\n<item>\n<portno><![CDATA[asdas]]></portno>\n<porttype><![CDATA[d]]></porttype>\n</item>\n</ports>\n</object>\n</objects>\n<connections>\n</connections>\n</drawing>\n","N");
INSERT INTO ez_topology VALUES("50","testtopology2006","2009-12-04 15:29:04","53","","","<?xml version=\"1.0\" encoding=\"ISO-8859-1\"?>\n<drawing>\n<objects>\n<object>\n<type>router</type>\n<id>Po41TLSyhsId5zTEEQmtP9OyGhSUDTaV</id>\n<xpos>325</xpos>\n<ypos>132</ypos>\n<devicename><![CDATA[dfdf]]></devicename>\n<devicetype><![CDATA[router]]></devicetype>\n<noofports><![CDATA[1]]></noofports>\n<devclicmds><![CDATA[]]></devclicmds>\n<ports>\n<item>\n<portno><![CDATA[sdf]]></portno>\n<porttype><![CDATA[sdf]]></porttype>\n</item>\n</ports>\n</object>\n</objects>\n<connections>\n</connections>\n</drawing>\n","N");
INSERT INTO ez_topology VALUES("51","dxxxx","2009-12-04 15:29:04","53","","","<?xml version=\"1.0\" encoding=\"ISO-8859-1\"?>\n<drawing>\n<objects>\n<object>\n<type>router</type>\n<id>S7ycmvGrdyFszVrIqNQCXlTUtJC1wNGI</id>\n<xpos>237</xpos>\n<ypos>127</ypos>\n<devicename><![CDATA[dddf]]></devicename>\n<devicetype><![CDATA[router]]></devicetype>\n<noofports><![CDATA[1]]></noofports>\n<devclicmds><![CDATA[]]></devclicmds>\n<ports>\n<item>\n<portno><![CDATA[dfg]]></portno>\n<porttype><![CDATA[gf]]></porttype>\n</item>\n</ports>\n</object>\n</objects>\n<connections>\n</connections>\n</drawing>\n","N");
INSERT INTO ez_topology VALUES("52","zzff","2009-12-04 15:29:04","53","","","<?xml version=\"1.0\" encoding=\"ISO-8859-1\"?>\n<drawing>\n<objects>\n<object>\n<type>router</type>\n<id>SwbinCQ2tSZ7POXbNKwMQKpZDmI2q0ah</id>\n<xpos>291</xpos>\n<ypos>171</ypos>\n<devicename><![CDATA[zxcdd]]></devicename>\n<devicetype><![CDATA[router]]></devicetype>\n<noofports><![CDATA[1]]></noofports>\n<devclicmds><![CDATA[]]></devclicmds>\n<ports>\n<item>\n<portno><![CDATA[dfd]]></portno>\n<porttype><![CDATA[df]]></porttype>\n</item>\n</ports>\n</object>\n</objects>\n<connections>\n</connections>\n</drawing>\n","N");
INSERT INTO ez_topology VALUES("53","zzzzzzzzzzz","2009-12-04 15:29:04","53","","","<?xml version=\"1.0\" encoding=\"ISO-8859-1\"?>\n<drawing>\n<objects>\n<object>\n<type>router</type>\n<id>CVulbAJpfH3c5Uk20gBlCt27Ba5ds50S</id>\n<xpos>291</xpos>\n<ypos>134</ypos>\n<devicename><![CDATA[sdfsdf]]></devicename>\n<devicetype><![CDATA[router]]></devicetype>\n<noofports><![CDATA[1]]></noofports>\n<devclicmds><![CDATA[]]></devclicmds>\n<ports>\n<item>\n<portno><![CDATA[sdf]]></portno>\n<porttype><![CDATA[sdf]]></porttype>\n</item>\n</ports>\n</object>\n</objects>\n<connections>\n</connections>\n</drawing>\n","N");
INSERT INTO ez_topology VALUES("54","_f","2009-12-04 15:29:04","53","","","<?xml version=\"1.0\" encoding=\"ISO-8859-1\"?>\n<drawing>\n<objects>\n<object>\n<type>router</type>\n<id>EktovpkP1XVuyyUzvOtu3mcEyWFbzMgg</id>\n<xpos>315</xpos>\n<ypos>110</ypos>\n<devicename><![CDATA[aa]]></devicename>\n<devicetype><![CDATA[router]]></devicetype>\n<noofports><![CDATA[1]]></noofports>\n<devclicmds><![CDATA[]]></devclicmds>\n<ports>\n<item>\n<portno><![CDATA[a]]></portno>\n<porttype><![CDATA[a]]></porttype>\n</item>\n</ports>\n</object>\n</objects>\n<connections>\n</connections>\n<params>\n<theObjects>\nrouter,315,110</theObjects>\n<theConnections>\n\n</theConnections>\n<params>\n</drawing>\n","N");
INSERT INTO ez_topology VALUES("55","nginTopo","2009-12-04 15:29:04","53","","","<?xml version=\"1.0\" encoding=\"ISO-8859-1\"?>\n<drawing>\n<objects>\n<object>\n<type>router</type>\n<id>sVhyo0WiubLFZ2CaxU2Jq3es3JXSsBtO</id>\n<xpos>235</xpos>\n<ypos>380</ypos>\n<devicename><![CDATA[routdfsdf]]></devicename>\n<devicetype><![CDATA[router]]></devicetype>\n<noofports><![CDATA[1]]></noofports>\n<devclicmds><![CDATA[]]></devclicmds>\n<ports>\n<item>\n<portno><![CDATA[sdf]]></portno>\n<porttype><![CDATA[sdf]]></porttype>\n</item>\n</ports>\n</object>\n<object>\n<type>router</type>\n<id>iAGHHZPRAu8xqQLeTITWPGbWnQXbXmgF</id>\n<xpos>152</xpos>\n<ypos>203</ypos>\n<devicename><![CDATA[sdsdd]]></devicename>\n<devicetype><![CDATA[router]]></devicetype>\n<noofports><![CDATA[1]]></noofports>\n<devclicmds><![CDATA[]]></devclicmds>\n<ports>\n<item>\n<portno><![CDATA[d]]></portno>\n<porttype><![CDATA[d]]></porttype>\n</item>\n</ports>\n</object>\n<object>\n<type>linuxpc</type>\n<id>lwOZHm3ydHLxX1ddEXARnPPmGepchaXC</id>\n<xpos>187</xpos>\n<ypos>279</ypos>\n<devicename><![CDATA[kjk]]></devicename>\n<devicetype><![CDATA[linuxpc]]></devicetype>\n<noofports><![CDATA[1]]></noofports>\n<devclicmds><![CDATA[]]></devclicmds>\n<ports>\n<item>\n<portno><![CDATA[gjh]]></portno>\n<porttype><![CDATA[gj]]></porttype>\n</item>\n</ports>\n</object>\n</objects>\n<connections>\n<connection>\n<sourceId>sVhyo0WiubLFZ2CaxU2Jq3es3JXSsBtO</sourceId>\n<sourcePortId>outputPort4</sourcePortId>\n<targetId>iAGHHZPRAu8xqQLeTITWPGbWnQXbXmgF</targetId>\n<targetPortId>outputPort11</targetPortId>\n</connection>\n<connection>\n<sourceId>sVhyo0WiubLFZ2CaxU2Jq3es3JXSsBtO</sourceId>\n<sourcePortId>outputPort6</sourcePortId>\n<targetId>lwOZHm3ydHLxX1ddEXARnPPmGepchaXC</targetId>\n<targetPortId>inputPort</targetPortId>\n</connection>\n</connections>\n<params>\n<theObjects>\n<![CDATA[router,235,380|router,152,203|linuxpc,187,279]]></theObjects>\n<theConnections>\n<![CDATA[290,435,290,456|122,455,291,455|122,215,122,456|122,215,143,215[*]260,440,260,461|251,460,261,460|251,254,251,461|242,254,252,254|242,254,242,275]]></theConnections>\n</params>\n</drawing>\n","N");
INSERT INTO ez_topology VALUES("56","ngin_topo2009","2009-12-04 15:29:04","53","","","<?xml version=\"1.0\" encoding=\"ISO-8859-1\"?>\n<drawing>\n<objects>\n<object>\n<type>router</type>\n<id>e26Wt8a72JAw8bNB4UyOtlFUJ64vevko</id>\n<xpos>68</xpos>\n<ypos>198</ypos>\n<devicename><![CDATA[ab ]]></devicename>\n<devicetype><![CDATA[router]]></devicetype>\n<noofports><![CDATA[1]]></noofports>\n<devclicmds><![CDATA[]]></devclicmds>\n<ports>\n<item>\n<portno><![CDATA[sd]]></portno>\n<porttype><![CDATA[d]]></porttype>\n</item>\n</ports>\n</object>\n<object>\n<type>linuxpc</type>\n<id>fx0Oyrw02DLH2NGTA0mBD3gD2TpMfTdQ</id>\n<xpos>202</xpos>\n<ypos>204</ypos>\n<devicename><![CDATA[aa]]></devicename>\n<devicetype><![CDATA[linuxpc]]></devicetype>\n<noofports><![CDATA[1]]></noofports>\n<devclicmds><![CDATA[]]></devclicmds>\n<ports>\n<item>\n<portno><![CDATA[ss]]></portno>\n<porttype><![CDATA[ss]]></porttype>\n</item>\n</ports>\n</object>\n<object>\n<type>windowspc</type>\n<id>tbtklvJ2Io6X1Tb4DIfaHvVQ22u4I9O5</id>\n<xpos>342</xpos>\n<ypos>205</ypos>\n<devicename><![CDATA[abcd]]></devicename>\n<devicetype><![CDATA[windowspc]]></devicetype>\n<noofports><![CDATA[1]]></noofports>\n<devclicmds><![CDATA[]]></devclicmds>\n<ports>\n<item>\n<portno><![CDATA[sd]]></portno>\n<porttype><![CDATA[fd]]></porttype>\n</item>\n</ports>\n</object>\n<object>\n<type>server</type>\n<id>zVQcuS7Ft2daTBlOCGz4OgRR3QJzkVQD</id>\n<xpos>486</xpos>\n<ypos>218</ypos>\n<devicename><![CDATA[aacc]]></devicename>\n<devicetype><![CDATA[server]]></devicetype>\n<noofports><![CDATA[1]]></noofports>\n<devclicmds><![CDATA[]]></devclicmds>\n<ports>\n<item>\n<portno><![CDATA[fc]]></portno>\n<porttype><![CDATA[fc]]></porttype>\n</item>\n</ports>\n</object>\n<object>\n<type>hub</type>\n<id>14UAZF5eGUTd5BcCfNpPze1TtbyoFW4P</id>\n<xpos>621</xpos>\n<ypos>215</ypos>\n<devicename><![CDATA[ss]]></devicename>\n<devicetype><![CDATA[hub]]></devicetype>\n<noofports><![CDATA[1]]></noofports>\n<devclicmds><![CDATA[]]></devclicmds>\n<ports>\n<item>\n<portno><![CDATA[ss]]></portno>\n<porttype><![CDATA[s]]></porttype>\n</item>\n</ports>\n</object>\n<object>\n<type>wireless</type>\n<id>2Fa5qWBSnHvFHePd80HsoUwyR2UW5Glc</id>\n<xpos>756</xpos>\n<ypos>213</ypos>\n<devicename><![CDATA[ee]]></devicename>\n<devicetype><![CDATA[wireless]]></devicetype>\n<noofports><![CDATA[1]]></noofports>\n<devclicmds><![CDATA[]]></devclicmds>\n<ports>\n<item>\n<portno><![CDATA[ee]]></portno>\n<porttype><![CDATA[eee]]></porttype>\n</item>\n</ports>\n</object>\n<object>\n<type>ixia</type>\n<id>0MXdZvhXKGuKlbSBQxfeJwsr7ZQDntdT</id>\n<xpos>891</xpos>\n<ypos>211</ypos>\n<devicename><![CDATA[aac]]></devicename>\n<devicetype><![CDATA[ixia]]></devicetype>\n<noofports><![CDATA[1]]></noofports>\n<devclicmds><![CDATA[]]></devclicmds>\n<ports>\n<item>\n<portno><![CDATA[sdf]]></portno>\n<porttype><![CDATA[dfd]]></porttype>\n</item>\n</ports>\n</object>\n</objects>\n<connections>\n<connection>\n<sourceId>e26Wt8a72JAw8bNB4UyOtlFUJ64vevko</sourceId>\n<sourcePortId>outputPort2</sourcePortId>\n<targetId>fx0Oyrw02DLH2NGTA0mBD3gD2TpMfTdQ</targetId>\n<targetPortId>inputPort10</targetPortId>\n</connection>\n<connection>\n<sourceId>tbtklvJ2Io6X1Tb4DIfaHvVQ22u4I9O5</sourceId>\n<sourcePortId>inputPort10</sourcePortId>\n<targetId>fx0Oyrw02DLH2NGTA0mBD3gD2TpMfTdQ</targetId>\n<targetPortId>inputPort2</targetPortId>\n</connection>\n<connection>\n<sourceId>zVQcuS7Ft2daTBlOCGz4OgRR3QJzkVQD</sourceId>\n<sourcePortId>inputPort10</sourcePortId>\n<targetId>tbtklvJ2Io6X1Tb4DIfaHvVQ22u4I9O5</targetId>\n<targetPortId>inputPort2</targetPortId>\n</connection>\n<connection>\n<sourceId>14UAZF5eGUTd5BcCfNpPze1TtbyoFW4P</sourceId>\n<sourcePortId>inputPort9</sourcePortId>\n<targetId>zVQcuS7Ft2daTBlOCGz4OgRR3QJzkVQD</targetId>\n<targetPortId>inputPort2</targetPortId>\n</connection>\n<connection>\n<sourceId>2Fa5qWBSnHvFHePd80HsoUwyR2UW5Glc</sourceId>\n<sourcePortId>inputPort9</sourcePortId>\n<targetId>14UAZF5eGUTd5BcCfNpPze1TtbyoFW4P</targetId>\n<targetPortId>inputPort2</targetPortId>\n</connection>\n<connection>\n<sourceId>0MXdZvhXKGuKlbSBQxfeJwsr7ZQDntdT</sourceId>\n<sourcePortId>inputPort9</sourcePortId>\n<targetId>2Fa5qWBSnHvFHePd80HsoUwyR2UW5Glc</targetId>\n<targetPortId>inputPort2</targetPortId>\n</connection>\n</connections>\n<params>\n<theObjects>\n<![CDATA[router,68,198|linuxpc,202,204|windowspc,342,205|server,486,218|hub,621,215|wireless,756,213|ixia,891,211]]></theObjects>\n<theConnections>\n<![CDATA[128,223,161,223|160,223,160,230|160,229,193,229[*]297,230,333,230|297,229,297,231|262,229,298,229[*]439,243,477,243|439,230,439,244|402,230,440,230[*]578,252,612,252|578,243,578,253|546,243,579,243[*]713,250,747,250|713,240,713,251|681,240,714,240[*]848,248,882,248|848,238,848,249|816,238,849,238]]></theConnections>\n</params>\n</drawing>\n","N");
INSERT INTO ez_topology VALUES("57","test__topology","2009-12-04 15:29:04","53","","","<?xml version=\"1.0\" encoding=\"ISO-8859-1\"?>\n<drawing>\n<objects>\n<object>\n<type>router</type>\n<id>8vATVUlrbDASMXCo9WhLKNcgvtksv1hH</id>\n<xpos>366</xpos>\n<ypos>91</ypos>\n<devicename><![CDATA[sdfs]]></devicename>\n<devicetype><![CDATA[router]]></devicetype>\n<noofports><![CDATA[1]]></noofports>\n<devclicmds><![CDATA[]]></devclicmds>\n<ports>\n<item>\n<portno><![CDATA[sdf]]></portno>\n<porttype><![CDATA[sdf]]></porttype>\n</item>\n</ports>\n</object>\n</objects>\n<connections>\n</connections>\n</drawing>\n","N");
INSERT INTO ez_topology VALUES("58","eztest_topo","2009-12-04 15:29:04","53","","","<?xml version=\"1.0\" encoding=\"ISO-8859-1\"?>\n<drawing>\n<objects>\n<object>\n<type>router</type>\n<id>Kd7pO9ugLzWZoMW74dytl9MptyMcLhk7</id>\n<xpos>256</xpos>\n<ypos>111</ypos>\n<devicename><![CDATA[dfsd]]></devicename>\n<devicetype><![CDATA[router]]></devicetype>\n<noofports><![CDATA[1]]></noofports>\n<devclicmds><![CDATA[]]></devclicmds>\n<ports>\n<item>\n<portno><![CDATA[sdf]]></portno>\n<porttype><![CDATA[dfsdf]]></porttype>\n</item>\n</ports>\n</object>\n</objects>\n<connections>\n</connections>\n</drawing>\n","N");
INSERT INTO ez_topology VALUES("59","zzfff","2009-12-04 15:29:04","53","","","<?xml version=\"1.0\" encoding=\"ISO-8859-1\"?>\n<drawing>\n<objects>\n<object>\n<type>router</type>\n<id>H8hJOl87wG8xNI2PhTaenlLqGTUGyQGa</id>\n<xpos>195</xpos>\n<ypos>125</ypos>\n<devicename><![CDATA[sdfsdf]]></devicename>\n<devicetype><![CDATA[router]]></devicetype>\n<noofports><![CDATA[1]]></noofports>\n<devclicmds><![CDATA[]]></devclicmds>\n<ports>\n<item>\n<portno><![CDATA[sdf]]></portno>\n<porttype><![CDATA[dsfsdf]]></porttype>\n</item>\n</ports>\n</object>\n</objects>\n<connections>\n</connections>\n</drawing>\n","N");
INSERT INTO ez_topology VALUES("60","ngin_topo2","2009-12-04 15:29:04","53","","","<?xml version=\"1.0\" encoding=\"ISO-8859-1\"?>\n<drawing>\n<objects>\n<object>\n<type>router</type>\n<id>sVhyo0WiubLFZ2CaxU2Jq3es3JXSsBtO</id>\n<xpos>677</xpos>\n<ypos>61</ypos>\n<devicename><![CDATA[rout]]></devicename>\n<devicetype><![CDATA[router]]></devicetype>\n<noofports><![CDATA[1]]></noofports>\n<devclicmds><![CDATA[]]></devclicmds>\n<ports>\n<item>\n<portno><![CDATA[sdf]]></portno>\n<porttype><![CDATA[sdf]]></porttype>\n</item>\n</ports>\n</object>\n<object>\n<type>router</type>\n<id>iAGHHZPRAu8xqQLeTITWPGbWnQXbXmgF</id>\n<xpos>660</xpos>\n<ypos>369</ypos>\n<devicename><![CDATA[sdsdd]]></devicename>\n<devicetype><![CDATA[router]]></devicetype>\n<noofports><![CDATA[1]]></noofports>\n<devclicmds><![CDATA[]]></devclicmds>\n<ports>\n<item>\n<portno><![CDATA[d]]></portno>\n<porttype><![CDATA[d]]></porttype>\n</item>\n</ports>\n</object>\n</objects>\n<connections>\n<connection>\n<sourceId>sVhyo0WiubLFZ2CaxU2Jq3es3JXSsBtO</sourceId>\n<sourcePortId>outputPort4</sourcePortId>\n<targetId>iAGHHZPRAu8xqQLeTITWPGbWnQXbXmgF</targetId>\n<targetPortId>outputPort11</targetPortId>\n</connection>\n</connections>\n<params>\n<theObjects>\n<![CDATA[router,677,61|router,660,369]]></theObjects>\n<theConnections>\n<![CDATA[732,116,732,249|630,248,733,248|630,248,630,382|630,381,651,381]]></theConnections>\n</params>\n</drawing>\n","N");
INSERT INTO ez_topology VALUES("61","a","2009-12-04 15:29:04","53","","","<?xml version=\"1.0\" encoding=\"ISO-8859-1\"?>\n<drawing>\n<objects>\n<object>\n<type>router</type>\n<id>ZE1CJ59HkfgqEEexzSairOTCPyrZlAJg</id>\n<xpos>181</xpos>\n<ypos>111</ypos>\n<devicename><![CDATA[a]]></devicename>\n<devicetype><![CDATA[router]]></devicetype>\n<noofports><![CDATA[1]]></noofports>\n<devclicmds><![CDATA[]]></devclicmds>\n<ports>\n<item>\n<portno><![CDATA[a]]></portno>\n<porttype><![CDATA[a]]></porttype>\n</item>\n</ports>\n</object>\n</objects>\n<connections>\n</connections>\n</drawing>\n","N");
INSERT INTO ez_topology VALUES("62","test25996633","2009-12-04 15:29:04","53","","","<?xml version=\"1.0\" encoding=\"ISO-8859-1\"?>\n<drawing>\n<objects>\n<object>\n<type>router</type>\n<id>pNtk1XT2Tdgs05xo1We2Vu4FtrhiNmDt</id>\n<xpos>436</xpos>\n<ypos>98</ypos>\n<devicename><![CDATA[sdfsdfsdf]]></devicename>\n<devicetype><![CDATA[router]]></devicetype>\n<noofports><![CDATA[1]]></noofports>\n<devclicmds><![CDATA[]]></devclicmds>\n<ports>\n<item>\n<portno><![CDATA[sdf]]></portno>\n<porttype><![CDATA[dsf]]></porttype>\n</item>\n</ports>\n</object>\n</objects>\n<connections>\n</connections>\n</drawing>\n","N");
INSERT INTO ez_topology VALUES("63","topology","2009-12-04 15:29:04","53","","","helow","N");
INSERT INTO ez_topology VALUES("64","test20000000009","2009-12-04 15:29:04","53","","","<?xml version=\"1.0\" encoding=\"ISO-8859-1\"?>\n<drawing>\n<objects>\n<object>\n<type>router</type>\n<id>RUdAcpkr1xigXrxQdmEOKO5Qt3M2UD1l</id>\n<xpos>296</xpos>\n<ypos>127</ypos>\n<devicename><![CDATA[sdsd]]></devicename>\n<devicetype><![CDATA[router]]></devicetype>\n<noofports><![CDATA[1]]></noofports>\n<devclicmds><![CDATA[]]></devclicmds>\n<ports>\n<item>\n<portno><![CDATA[sd]]></portno>\n<porttype><![CDATA[sdsd]]></porttype>\n</item>\n</ports>\n</object>\n<object>\n<type>ixia</type>\n<id>lTDM63xeLm73iJGe8A9phtHBy70vE0Q6</id>\n<xpos>310</xpos>\n<ypos>244</ypos>\n<devicename><![CDATA[sdasda]]></devicename>\n<devicetype><![CDATA[ixia]]></devicetype>\n<noofports><![CDATA[1]]></noofports>\n<devclicmds><![CDATA[]]></devclicmds>\n<ports>\n<item>\n<portno><![CDATA[asdfasdf]]></portno>\n<porttype><![CDATA[sdfsdf]]></porttype>\n</item>\n</ports>\n</object>\n<object>\n<type>wavesat</type>\n<id>V2sdnn4hMX8uRO1QTwCHqZTtwNtRos6n</id>\n<xpos>135</xpos>\n<ypos>176</ypos>\n<devicename><![CDATA[ss]]></devicename>\n<devicetype><![CDATA[wavesat]]></devicetype>\n<noofports><![CDATA[1]]></noofports>\n<devclicmds><![CDATA[]]></devclicmds>\n<ports>\n<item>\n<portno><![CDATA[ss]]></portno>\n<porttype><![CDATA[ss]]></porttype>\n</item>\n</ports>\n</object>\n<object>\n<type>extreme</type>\n<id>so6hzDv6WLyPvZDJ8KZ7zazEAd6JIprZ</id>\n<xpos>448</xpos>\n<ypos>178</ypos>\n<devicename><![CDATA[sdfdsaa]]></devicename>\n<devicetype><![CDATA[extreme]]></devicetype>\n<noofports><![CDATA[1]]></noofports>\n<devclicmds><![CDATA[]]></devclicmds>\n<ports>\n<item>\n<portno><![CDATA[ss]]></portno>\n<porttype><![CDATA[dfdf]]></porttype>\n</item>\n</ports>\n</object>\n</objects>\n<connections>\n<connection>\n<sourceId>RUdAcpkr1xigXrxQdmEOKO5Qt3M2UD1l</sourceId>\n<sourcePortId>outputPort9</sourcePortId>\n<targetId>V2sdnn4hMX8uRO1QTwCHqZTtwNtRos6n</targetId>\n<targetPortId>inputPort1</targetPortId>\n</connection>\n<connection>\n<sourceId>lTDM63xeLm73iJGe8A9phtHBy70vE0Q6</sourceId>\n<sourcePortId>inputPort9</sourcePortId>\n<targetId>V2sdnn4hMX8uRO1QTwCHqZTtwNtRos6n</targetId>\n<targetPortId>inputPort6</targetPortId>\n</connection>\n<connection>\n<sourceId>so6hzDv6WLyPvZDJ8KZ7zazEAd6JIprZ</sourceId>\n<sourcePortId>outputPort5</sourcePortId>\n<targetId>lTDM63xeLm73iJGe8A9phtHBy70vE0Q6</targetId>\n<targetPortId>inputPort3</targetPortId>\n</connection>\n<connection>\n<sourceId>RUdAcpkr1xigXrxQdmEOKO5Qt3M2UD1l</sourceId>\n<sourcePortId>outputPort2</sourcePortId>\n<targetId>so6hzDv6WLyPvZDJ8KZ7zazEAd6JIprZ</targetId>\n<targetPortId>outputPort13</targetPortId>\n</connection>\n</connections>\n<params>\n<theObjects>\n<![CDATA[router,296,127|ixia,310,244|wavesat,135,176|extreme,448,178]]></theObjects>\n<theConnections>\n<![CDATA[240,164,287,164|240,164,240,189|195,188,241,188[*]160,281,301,281|160,236,160,282[*]485,238,485,282|370,281,486,281[*]356,152,461,152|460,152,460,169]]></theConnections>\n</params>\n</drawing>\n","N");
INSERT INTO ez_topology VALUES("65","sszs","2009-12-04 15:29:04","53","","","<?xml version=\"1.0\" encoding=\"ISO-8859-1\"?>\n<drawing>\n<objects>\n<object>\n<type>router</type>\n<id>DMQh5EhDpURoeWINcM2e83DPrmhAnTxZ</id>\n<xpos>351</xpos>\n<ypos>140</ypos>\n<devicename><![CDATA[ddd]]></devicename>\n<devicetype><![CDATA[router]]></devicetype>\n<noofports><![CDATA[1]]></noofports>\n<devclicmds><![CDATA[]]></devclicmds>\n<ports>\n<item>\n<portno><![CDATA[ddd]]></portno>\n<porttype><![CDATA[dddddd]]></porttype>\n</item>\n</ports>\n</object>\n<object>\n<type>router</type>\n<id>1y8F6ycHSiTvSG6yFV3FaVxTKX5W3T1k</id>\n<xpos>252</xpos>\n<ypos>123</ypos>\n<devicename><![CDATA[sss]]></devicename>\n<devicetype><![CDATA[router]]></devicetype>\n<noofports><![CDATA[1]]></noofports>\n<devclicmds><![CDATA[]]></devclicmds>\n<ports>\n<item>\n<portno><![CDATA[ss]]></portno>\n<porttype><![CDATA[ss]]></porttype>\n</item>\n</ports>\n</object>\n</objects>\n<connections>\n</connections>\n</drawing>\n","N");
INSERT INTO ez_topology VALUES("66","axx","2009-12-04 15:29:04","53","","","<?xml version=\"1.0\" encoding=\"ISO-8859-1\"?>\n<drawing>\n<objects>\n<object>\n<type>router</type>\n<id>Z35sN7hG9pa06MTy3MSan7deq195gdRq</id>\n<xpos>462</xpos>\n<ypos>182</ypos>\n<devicename><![CDATA[testr]]></devicename>\n<devicetype><![CDATA[router]]></devicetype>\n<noofports><![CDATA[1]]></noofports>\n<devclicmds><![CDATA[]]></devclicmds>\n<ports>\n<item>\n<portno><![CDATA[fdg]]></portno>\n<porttype><![CDATA[fdfg]]></porttype>\n</item>\n</ports>\n</object>\n<object>\n<type>extreme</type>\n<id>hdu1HxW1r6fpJkM1hm0aFJhIZVeUW0oS</id>\n<xpos>324</xpos>\n<ypos>271</ypos>\n<ports>\n</ports>\n</object>\n</objects>\n<connections>\n</connections>\n</drawing>\n","N");
INSERT INTO ez_topology VALUES("67","ddddddfddddddd","2009-12-04 18:08:57","53","","","<?xml version=\"1.0\" encoding=\"ISO-8859-1\"?>\n<drawing>\n<objects>\n<object>\n<type>router</type>\n<id>Kd7pO9ugLzWZoMW74dytl9MptyMcLhk7</id>\n<xpos>256</xpos>\n<ypos>111</ypos>\n<devicename><![CDATA[dfsd]]></devicename>\n<devicetype><![CDATA[router]]></devicetype>\n<noofports><![CDATA[1]]></noofports>\n<devclicmds><![CDATA[]]></devclicmds>\n<ports>\n<item>\n<portno><![CDATA[sdf]]></portno>\n<porttype><![CDATA[dfsdf]]></porttype>\n</item>\n</ports>\n</object>\n</objects>\n<connections>\n</connections>\n</drawing>\n","N");
INSERT INTO ez_topology VALUES("68","qqww","2009-12-04 18:08:57","53","","","<?xml version=\"1.0\" encoding=\"ISO-8859-1\"?>\n<drawing>\n<objects>\n<object>\n<type>router</type>\n<id>SwbinCQ2tSZ7POXbNKwMQKpZDmI2q0ah</id>\n<xpos>292</xpos>\n<ypos>172</ypos>\n<devicename><![CDATA[zxcdd11111111111111111118833333333]]></devicename>\n<devicetype><![CDATA[router]]></devicetype>\n<noofports><![CDATA[1]]></noofports>\n<devclicmds><![CDATA[]]></devclicmds>\n<ports>\n<item>\n<portno><![CDATA[dfd]]></portno>\n<porttype><![CDATA[df]]></porttype>\n</item>\n</ports>\n</object>\n</objects>\n<connections>\n</connections>\n</drawing>\n","N");
INSERT INTO ez_topology VALUES("69","ttttttttttt","2009-12-04 18:08:57","53","","","<?xml version=\"1.0\" encoding=\"ISO-8859-1\"?>\n<drawing>\n<objects>\n<object>\n<type>router</type>\n<id>CVulbAJpfH3c5Uk20gBlCt27Ba5ds50S</id>\n<xpos>291</xpos>\n<ypos>134</ypos>\n<devicename><![CDATA[sdfsdf]]></devicename>\n<devicetype><![CDATA[router]]></devicetype>\n<noofports><![CDATA[1]]></noofports>\n<devclicmds><![CDATA[]]></devclicmds>\n<ports>\n<item>\n<portno><![CDATA[sdf]]></portno>\n<porttype><![CDATA[sdf]]></porttype>\n</item>\n</ports>\n</object>\n</objects>\n<connections>\n</connections>\n</drawing>\n","N");
INSERT INTO ez_topology VALUES("70","dtd","2009-12-04 18:08:57","53","","","<?xml version=\"1.0\" encoding=\"ISO-8859-1\"?>\n<drawing>\n<objects>\n<object>\n<type>router</type>\n<id>c3kfco8G29mfMOdePyUIhp7TKZGwALku</id>\n<xpos>249</xpos>\n<ypos>136</ypos>\n<devicename><![CDATA[fgfg]]></devicename>\n<devicetype><![CDATA[router]]></devicetype>\n<noofports><![CDATA[1]]></noofports>\n<devclicmds><![CDATA[]]></devclicmds>\n<ports>\n<item>\n<portno><![CDATA[dfg]]></portno>\n<porttype><![CDATA[fgdfg]]></porttype>\n</item>\n</ports>\n</object>\n</objects>\n<connections>\n</connections>\n</drawing>\n","N");
INSERT INTO ez_topology VALUES("71","f","2009-12-04 18:08:57","53","","","<?xml version=\"1.0\" encoding=\"ISO-8859-1\"?>\n<drawing>\n<objects>\n<object>\n<type>router</type>\n<id>603aQEKp6JBKqyffggu6Il3kmZCCcau3</id>\n<xpos>327</xpos>\n<ypos>145</ypos>\n<devicename><![CDATA[sdf]]></devicename>\n<devicetype><![CDATA[router]]></devicetype>\n<noofports><![CDATA[1]]></noofports>\n<devclicmds><![CDATA[]]></devclicmds>\n<ports>\n<item>\n<portno><![CDATA[dsf]]></portno>\n<porttype><![CDATA[ffd]]></porttype>\n</item>\n</ports>\n</object>\n<object>\n<type>linuxpc</type>\n<id>uouVCe17C0bVLbhrW6ByTGwPNNU9OPNg</id>\n<xpos>450</xpos>\n<ypos>146</ypos>\n<devicename><![CDATA[dsf]]></devicename>\n<devicetype><![CDATA[linuxpc]]></devicetype>\n<noofports><![CDATA[1]]></noofports>\n<devclicmds><![CDATA[]]></devclicmds>\n<ports>\n<item>\n<portno><![CDATA[dsf]]></portno>\n<porttype><![CDATA[df]]></porttype>\n</item>\n</ports>\n</object>\n</objects>\n<connections>\n<connection>\n<sourceId>603aQEKp6JBKqyffggu6Il3kmZCCcau3</sourceId>\n<sourcePortId>outputPort4</sourcePortId>\n<targetId>uouVCe17C0bVLbhrW6ByTGwPNNU9OPNg</targetId>\n<targetPortId>inputPort11</targetPortId>\n</connection>\n</connections>\n<params>\n<theObjects>\nrouter,327,145|linuxpc,450,146</theObjects>\n<theConnections>\n382,200,382,221|382,220,412,220|411,158,411,221|411,158,441,158</theConnections>\n<params>\n</drawing>\n","N");
INSERT INTO ez_topology VALUES("72","test_topo_","2009-12-04 18:08:57","53","","","<?xml version=\"1.0\" encoding=\"ISO-8859-1\"?>\n<drawing>\n<objects>\n<object>\n<type>router</type>\n<id>9HeoCkmyzQdcAUvURDWu24GgGs4mrCdv</id>\n<xpos>341</xpos>\n<ypos>118</ypos>\n<devicename><![CDATA[ff]]></devicename>\n<devicetype><![CDATA[router]]></devicetype>\n<noofports><![CDATA[1]]></noofports>\n<devclicmds><![CDATA[]]></devclicmds>\n<ports>\n<item>\n<portno><![CDATA[f]]></portno>\n<porttype><![CDATA[f]]></porttype>\n</item>\n</ports>\n</object>\n</objects>\n<connections>\n</connections>\n</drawing>\n","N");
INSERT INTO ez_topology VALUES("73","__f","2009-12-04 18:08:57","53","","","<?xml version=\"1.0\" encoding=\"ISO-8859-1\"?>\n<drawing>\n<objects>\n<object>\n<type>router</type>\n<id>EWkGpLBKIHOHhPRT18MUc5AbAeQhp0BX</id>\n<xpos>257</xpos>\n<ypos>132</ypos>\n<devicename><![CDATA[sd]]></devicename>\n<devicetype><![CDATA[router]]></devicetype>\n<noofports><![CDATA[1]]></noofports>\n<devclicmds><![CDATA[]]></devclicmds>\n<ports>\n<item>\n<portno><![CDATA[s]]></portno>\n<porttype><![CDATA[s]]></porttype>\n</item>\n</ports>\n</object>\n<object>\n<type>windowspc</type>\n<id>LucvECMZlESG6uWFNa0TkLXwGJrGiJMw</id>\n<xpos>456</xpos>\n<ypos>121</ypos>\n<devicename><![CDATA[sdww]]></devicename>\n<devicetype><![CDATA[windowspc]]></devicetype>\n<noofports><![CDATA[1]]></noofports>\n<devclicmds><![CDATA[]]></devclicmds>\n<ports>\n<item>\n<portno><![CDATA[s]]></portno>\n<porttype><![CDATA[s]]></porttype>\n</item>\n</ports>\n</object>\n<object>\n<type>router</type>\n<id>puNGu9KWT8gTNamV0Sn1ComHo9OuH11X</id>\n<xpos>392</xpos>\n<ypos>284</ypos>\n<devicename><![CDATA[deawd]]></devicename>\n<devicetype><![CDATA[router]]></devicetype>\n<noofports><![CDATA[1]]></noofports>\n<devclicmds><![CDATA[]]></devclicmds>\n<ports>\n<item>\n<portno><![CDATA[asd]]></portno>\n<porttype><![CDATA[sd]]></porttype>\n</item>\n</ports>\n</object>\n</objects>\n<connections>\n<connection>\n<sourceId>EWkGpLBKIHOHhPRT18MUc5AbAeQhp0BX</sourceId>\n<sourcePortId>outputPort6</sourcePortId>\n<targetId>puNGu9KWT8gTNamV0Sn1ComHo9OuH11X</targetId>\n<targetPortId>outputPort9</targetPortId>\n</connection>\n<connection>\n<sourceId>EWkGpLBKIHOHhPRT18MUc5AbAeQhp0BX</sourceId>\n<sourcePortId>outputPort1</sourcePortId>\n<targetId>LucvECMZlESG6uWFNa0TkLXwGJrGiJMw</targetId>\n<targetPortId>inputPort9</targetPortId>\n</connection>\n<connection>\n<sourceId>puNGu9KWT8gTNamV0Sn1ComHo9OuH11X</sourceId>\n<sourcePortId>outputPort2</sourcePortId>\n<targetId>LucvECMZlESG6uWFNa0TkLXwGJrGiJMw</targetId>\n<targetPortId>inputPort5</targetPortId>\n</connection>\n</connections>\n<params>\n<theObjects>\nrouter,257,132|windowspc,456,121|router,392,284</theObjects>\n<theConnections>\n282,192,282,322|282,321,383,321[*]317,144,382,144|381,144,381,159|381,158,447,158[*]452,309,494,309|493,181,493,310</theConnections>\n<params>\n</drawing>\n","N");
INSERT INTO ez_topology VALUES("74","dfdf","2009-12-04 18:08:57","53","","","<?xml version=\"1.0\" encoding=\"ISO-8859-1\"?>\n<drawing>\n<objects>\n<object>\n<type>router</type>\n<id>dgSoKTGUtZyhkLZFlLnUPMz4BTbLNVco</id>\n<xpos>377</xpos>\n<ypos>200</ypos>\n<devicename><![CDATA[router123]]></devicename>\n<devicetype><![CDATA[router]]></devicetype>\n<noofports><![CDATA[1]]></noofports>\n<devclicmds><![CDATA[]]></devclicmds>\n<ports>\n<item>\n<portno><![CDATA[dd]]></portno>\n<porttype><![CDATA[dd]]></porttype>\n</item>\n</ports>\n</object>\n</objects>\n<connections>\n</connections>\n</drawing>\n","N");
INSERT INTO ez_topology VALUES("75","xcvxc","2009-12-04 18:08:57","53","","","<?xml version=\"1.0\" encoding=\"ISO-8859-1\"?>\n<drawing>\n<objects>\n<object>\n<type>router</type>\n<id>B74Sm4OmX3sUZ9wlifv9pAKIsAydlRqs</id>\n<xpos>363</xpos>\n<ypos>119</ypos>\n<devicename><![CDATA[tgghgfh]]></devicename>\n<devicetype><![CDATA[router]]></devicetype>\n<noofports><![CDATA[1]]></noofports>\n<devclicmds><![CDATA[]]></devclicmds>\n<ports>\n<item>\n<portno><![CDATA[gfh]]></portno>\n<porttype><![CDATA[gfh]]></porttype>\n</item>\n</ports>\n</object>\n</objects>\n<connections>\n</connections>\n</drawing>\n","N");
INSERT INTO ez_topology VALUES("76","dd","2009-12-04 18:08:57","53","","","<?xml version=\"1.0\" encoding=\"ISO-8859-1\"?>\n<drawing>\n<objects>\n<object>\n<type>router</type>\n<id>WpCtWXefJ6sSbTTNqn5MIbFvHw5mlV8E</id>\n<xpos>438</xpos>\n<ypos>134</ypos>\n<devicename><![CDATA[dfg]]></devicename>\n<devicetype><![CDATA[router]]></devicetype>\n<noofports><![CDATA[1]]></noofports>\n<devclicmds><![CDATA[]]></devclicmds>\n<ports>\n<item>\n<portno><![CDATA[d]]></portno>\n<porttype><![CDATA[d]]></porttype>\n</item>\n</ports>\n</object>\n</objects>\n<connections>\n</connections>\n</drawing>\n","N");
INSERT INTO ez_topology VALUES("77","test_topo_ngin","2009-12-04 18:08:57","53","","","<?xml version=\"1.0\" encoding=\"ISO-8859-1\"?>\n<drawing>\n<objects>\n<object>\n<type>router</type>\n<id>ciA5JeyJF908HFaw2tATPCwL82khrOsW</id>\n<xpos>227</xpos>\n<ypos>122</ypos>\n<devicename><![CDATA[rout1]]></devicename>\n<devicetype><![CDATA[router]]></devicetype>\n<noofports><![CDATA[2]]></noofports>\n<devclicmds><![CDATA[]]></devclicmds>\n<ports>\n<item>\n<portno><![CDATA[rout1pname1]]></portno>\n<porttype><![CDATA[rout1ptype1]]></porttype>\n</item>\n<item>\n<portno><![CDATA[rout1pname2]]></portno>\n<porttype><![CDATA[rout1ptype2]]></porttype>\n</item>\n</ports>\n</object>\n<object>\n<type>router</type>\n<id>GuFsLTyTBtN0sCMqbH7BQpBARzwVnbMb</id>\n<xpos>552</xpos>\n<ypos>127</ypos>\n<devicename><![CDATA[rout2]]></devicename>\n<devicetype><![CDATA[router]]></devicetype>\n<noofports><![CDATA[2]]></noofports>\n<devclicmds><![CDATA[]]></devclicmds>\n<ports>\n<item>\n<portno><![CDATA[rout2pname1]]></portno>\n<porttype><![CDATA[rout2ptype1]]></porttype>\n</item>\n<item>\n<portno><![CDATA[rout2pname2]]></portno>\n<porttype><![CDATA[rout2ptype2]]></porttype>\n</item>\n</ports>\n</object>\n<object>\n<type>router</type>\n<id>3ZTCg3TWIpxTXlGVGExy9BpoLqXgCEnW</id>\n<xpos>388</xpos>\n<ypos>281</ypos>\n<devicename><![CDATA[rout3]]></devicename>\n<devicetype><![CDATA[router]]></devicetype>\n<noofports><![CDATA[2]]></noofports>\n<devclicmds><![CDATA[]]></devclicmds>\n<ports>\n<item>\n<portno><![CDATA[rout3pname1]]></portno>\n<porttype><![CDATA[rout3ptype1]]></porttype>\n</item>\n<item>\n<portno><![CDATA[rout3pname2]]></portno>\n<porttype><![CDATA[rout3ptype2]]></porttype>\n</item>\n</ports>\n</object>\n</objects>\n<connections>\n<connection>\n<sourceId>ciA5JeyJF908HFaw2tATPCwL82khrOsW</sourceId>\n<sourcePortId>outputPort2</sourcePortId>\n<targetId>GuFsLTyTBtN0sCMqbH7BQpBARzwVnbMb</targetId>\n<targetPortId>outputPort9</targetPortId>\n</connection>\n<connection>\n<sourceId>ciA5JeyJF908HFaw2tATPCwL82khrOsW</sourceId>\n<sourcePortId>outputPort6</sourcePortId>\n<targetId>3ZTCg3TWIpxTXlGVGExy9BpoLqXgCEnW</targetId>\n<targetPortId>outputPort9</targetPortId>\n</connection>\n<connection>\n<sourceId>GuFsLTyTBtN0sCMqbH7BQpBARzwVnbMb</sourceId>\n<sourcePortId>outputPort5</sourcePortId>\n<targetId>3ZTCg3TWIpxTXlGVGExy9BpoLqXgCEnW</targetId>\n<targetPortId>outputPort1</targetPortId>\n</connection>\n</connections>\n</drawing>\n","N");
INSERT INTO ez_topology VALUES("78","ssaz","2009-12-04 18:08:57","53","","","<?xml version=\"1.0\" encoding=\"ISO-8859-1\"?>\n<drawing>\n<objects>\n<object>\n<type>router</type>\n<id>SwbinCQ2tSZ7POXbNKwMQKpZDmI2q0ah</id>\n<xpos>415</xpos>\n<ypos>179</ypos>\n<devicename><![CDATA[zxcdd111111111ccc1]]></devicename>\n<devicetype><![CDATA[router]]></devicetype>\n<noofports><![CDATA[1]]></noofports>\n<devclicmds><![CDATA[]]></devclicmds>\n<ports>\n<item>\n<portno><![CDATA[dfd]]></portno>\n<porttype><![CDATA[df]]></porttype>\n</item>\n</ports>\n</object>\n</objects>\n<connections>\n</connections>\n</drawing>\n","N");
INSERT INTO ez_topology VALUES("79","ngin_topology1","2009-12-04 18:08:57","53","","","<?xml version=\"1.0\" encoding=\"ISO-8859-1\"?>\n<drawing>\n<objects>\n<object>\n<type>router</type>\n<id>iAGHHZPRAu8xqQLeTITWPGbWnQXbXmgF</id>\n<xpos>677</xpos>\n<ypos>309</ypos>\n<devicename><![CDATA[sdsdd]]></devicename>\n<devicetype><![CDATA[router]]></devicetype>\n<noofports><![CDATA[1]]></noofports>\n<devclicmds><![CDATA[]]></devclicmds>\n<ports>\n<item>\n<portno><![CDATA[d]]></portno>\n<porttype><![CDATA[d]]></porttype>\n</item>\n</ports>\n</object>\n<object>\n<type>linuxpc</type>\n<id>oUmznx1AUPZEP8fBXMy9qTDLPiQHvTZc</id>\n<xpos>209</xpos>\n<ypos>209</ypos>\n<devicename><![CDATA[sdfss]]></devicename>\n<devicetype><![CDATA[linuxpc]]></devicetype>\n<noofports><![CDATA[2]]></noofports>\n<devclicmds><![CDATA[]]></devclicmds>\n<ports>\n<item>\n<portno><![CDATA[sdf]]></portno>\n<porttype><![CDATA[df]]></porttype>\n</item>\n<item>\n<portno><![CDATA[sdfe]]></portno>\n<porttype><![CDATA[ffe]]></porttype>\n</item>\n</ports>\n</object>\n<object>\n<type>router</type>\n<id>sVhyo0WiubLFZ2CaxU2Jq3es3JXSsBtO</id>\n<xpos>526</xpos>\n<ypos>139</ypos>\n<devicename><![CDATA[rout]]></devicename>\n<devicetype><![CDATA[router]]></devicetype>\n<noofports><![CDATA[1]]></noofports>\n<devclicmds><![CDATA[]]></devclicmds>\n<ports>\n<item>\n<portno><![CDATA[ss]]></portno>\n<porttype><![CDATA[sss]]></porttype>\n</item>\n</ports>\n</object>\n</objects>\n<connections>\n<connection>\n<sourceId>sVhyo0WiubLFZ2CaxU2Jq3es3JXSsBtO</sourceId>\n<sourcePortId>outputPort4</sourcePortId>\n<targetId>iAGHHZPRAu8xqQLeTITWPGbWnQXbXmgF</targetId>\n<targetPortId>outputPort11</targetPortId>\n</connection>\n<connection>\n<sourceId>sVhyo0WiubLFZ2CaxU2Jq3es3JXSsBtO</sourceId>\n<sourcePortId>outputPort9</sourcePortId>\n<targetId>oUmznx1AUPZEP8fBXMy9qTDLPiQHvTZc</targetId>\n<targetPortId>inputPort3</targetPortId>\n</connection>\n</connections>\n<params>\n<theObjects>\n<![CDATA[router,677,309|linuxpc,209,209|router,526,139]]></theObjects>\n<theConnections>\n<![CDATA[581,194,581,322|581,321,668,321[*]392,176,517,176|392,176,392,247|269,246,393,246]]></theConnections>\n</params>\n</drawing>\n","N");
INSERT INTO ez_topology VALUES("80","ax","2009-12-04 18:08:57","53","","","<?xml version=\"1.0\" encoding=\"ISO-8859-1\"?>\n<drawing>\n<objects>\n<object>\n<type>router</type>\n<id>EktovpkP1XVuyyUzvOtu3mcEyWFbzMgg</id>\n<xpos>313</xpos>\n<ypos>108</ypos>\n<devicename><![CDATA[aa]]></devicename>\n<devicetype><![CDATA[router]]></devicetype>\n<noofports><![CDATA[1]]></noofports>\n<devclicmds><![CDATA[]]></devclicmds>\n<ports>\n<item>\n<portno><![CDATA[a]]></portno>\n<porttype><![CDATA[a]]></porttype>\n</item>\n</ports>\n</object>\n</objects>\n<connections>\n</connections>\n</drawing>\n","N");
INSERT INTO ez_topology VALUES("81","sasasaasasasas","2009-12-04 18:08:57","53","","","<?xml version=\"1.0\" encoding=\"ISO-8859-1\"?>\n<drawing>\n<objects>\n<object>\n<type>router</type>\n<id>ZENl8cQSN3gzsbJLu2Fk0q34dcmwfOB4</id>\n<xpos>234</xpos>\n<ypos>149</ypos>\n<devicename><![CDATA[dfdfsdf]]></devicename>\n<devicetype><![CDATA[router]]></devicetype>\n<noofports><![CDATA[1]]></noofports>\n<devclicmds><![CDATA[]]></devclicmds>\n<ports>\n<item>\n<portno><![CDATA[dfsdfd]]></portno>\n<porttype><![CDATA[fsdfsdfsdf]]></porttype>\n</item>\n</ports>\n</object>\n</objects>\n<connections>\n</connections>\n</drawing>\n","N");
INSERT INTO ez_topology VALUES("82","ggg","2009-12-04 18:08:57","53","","","<?xml version=\"1.0\" encoding=\"ISO-8859-1\"?>\n<drawing>\n<objects>\n<object>\n<type>router</type>\n<id>sOknOElAxQIMPwsAEZnmZTP4dzyUdADd</id>\n<xpos>266</xpos>\n<ypos>116</ypos>\n<devicename><![CDATA[asd]]></devicename>\n<devicetype><![CDATA[router]]></devicetype>\n<noofports><![CDATA[1]]></noofports>\n<devclicmds><![CDATA[]]></devclicmds>\n<ports>\n<item>\n<portno><![CDATA[asdas]]></portno>\n<porttype><![CDATA[d]]></porttype>\n</item>\n</ports>\n</object>\n</objects>\n<connections>\n</connections>\n</drawing>\n","N");
INSERT INTO ez_topology VALUES("83","testtopology2006","2009-12-04 18:08:57","53","","","<?xml version=\"1.0\" encoding=\"ISO-8859-1\"?>\n<drawing>\n<objects>\n<object>\n<type>router</type>\n<id>Po41TLSyhsId5zTEEQmtP9OyGhSUDTaV</id>\n<xpos>325</xpos>\n<ypos>132</ypos>\n<devicename><![CDATA[dfdf]]></devicename>\n<devicetype><![CDATA[router]]></devicetype>\n<noofports><![CDATA[1]]></noofports>\n<devclicmds><![CDATA[]]></devclicmds>\n<ports>\n<item>\n<portno><![CDATA[sdf]]></portno>\n<porttype><![CDATA[sdf]]></porttype>\n</item>\n</ports>\n</object>\n</objects>\n<connections>\n</connections>\n</drawing>\n","N");
INSERT INTO ez_topology VALUES("84","dxxxx","2009-12-04 18:08:57","53","","","<?xml version=\"1.0\" encoding=\"ISO-8859-1\"?>\n<drawing>\n<objects>\n<object>\n<type>router</type>\n<id>S7ycmvGrdyFszVrIqNQCXlTUtJC1wNGI</id>\n<xpos>237</xpos>\n<ypos>127</ypos>\n<devicename><![CDATA[dddf]]></devicename>\n<devicetype><![CDATA[router]]></devicetype>\n<noofports><![CDATA[1]]></noofports>\n<devclicmds><![CDATA[]]></devclicmds>\n<ports>\n<item>\n<portno><![CDATA[dfg]]></portno>\n<porttype><![CDATA[gf]]></porttype>\n</item>\n</ports>\n</object>\n</objects>\n<connections>\n</connections>\n</drawing>\n","N");
INSERT INTO ez_topology VALUES("85","zzff","2009-12-04 18:08:57","53","","","<?xml version=\"1.0\" encoding=\"ISO-8859-1\"?>\n<drawing>\n<objects>\n<object>\n<type>router</type>\n<id>SwbinCQ2tSZ7POXbNKwMQKpZDmI2q0ah</id>\n<xpos>291</xpos>\n<ypos>171</ypos>\n<devicename><![CDATA[zxcdd]]></devicename>\n<devicetype><![CDATA[router]]></devicetype>\n<noofports><![CDATA[1]]></noofports>\n<devclicmds><![CDATA[]]></devclicmds>\n<ports>\n<item>\n<portno><![CDATA[dfd]]></portno>\n<porttype><![CDATA[df]]></porttype>\n</item>\n</ports>\n</object>\n</objects>\n<connections>\n</connections>\n</drawing>\n","N");
INSERT INTO ez_topology VALUES("86","zzzzzzzzzzz","2009-12-04 18:08:57","53","","","<?xml version=\"1.0\" encoding=\"ISO-8859-1\"?>\n<drawing>\n<objects>\n<object>\n<type>router</type>\n<id>CVulbAJpfH3c5Uk20gBlCt27Ba5ds50S</id>\n<xpos>291</xpos>\n<ypos>134</ypos>\n<devicename><![CDATA[sdfsdf]]></devicename>\n<devicetype><![CDATA[router]]></devicetype>\n<noofports><![CDATA[1]]></noofports>\n<devclicmds><![CDATA[]]></devclicmds>\n<ports>\n<item>\n<portno><![CDATA[sdf]]></portno>\n<porttype><![CDATA[sdf]]></porttype>\n</item>\n</ports>\n</object>\n</objects>\n<connections>\n</connections>\n</drawing>\n","N");
INSERT INTO ez_topology VALUES("87","_f","2009-12-04 18:08:57","53","","","<?xml version=\"1.0\" encoding=\"ISO-8859-1\"?>\n<drawing>\n<objects>\n<object>\n<type>router</type>\n<id>EktovpkP1XVuyyUzvOtu3mcEyWFbzMgg</id>\n<xpos>315</xpos>\n<ypos>110</ypos>\n<devicename><![CDATA[aa]]></devicename>\n<devicetype><![CDATA[router]]></devicetype>\n<noofports><![CDATA[1]]></noofports>\n<devclicmds><![CDATA[]]></devclicmds>\n<ports>\n<item>\n<portno><![CDATA[a]]></portno>\n<porttype><![CDATA[a]]></porttype>\n</item>\n</ports>\n</object>\n</objects>\n<connections>\n</connections>\n<params>\n<theObjects>\nrouter,315,110</theObjects>\n<theConnections>\n\n</theConnections>\n<params>\n</drawing>\n","N");
INSERT INTO ez_topology VALUES("88","nginTopo","2009-12-04 18:08:57","53","","","<?xml version=\"1.0\" encoding=\"ISO-8859-1\"?>\n<drawing>\n<objects>\n<object>\n<type>router</type>\n<id>sVhyo0WiubLFZ2CaxU2Jq3es3JXSsBtO</id>\n<xpos>235</xpos>\n<ypos>380</ypos>\n<devicename><![CDATA[routdfsdf]]></devicename>\n<devicetype><![CDATA[router]]></devicetype>\n<noofports><![CDATA[1]]></noofports>\n<devclicmds><![CDATA[]]></devclicmds>\n<ports>\n<item>\n<portno><![CDATA[sdf]]></portno>\n<porttype><![CDATA[sdf]]></porttype>\n</item>\n</ports>\n</object>\n<object>\n<type>router</type>\n<id>iAGHHZPRAu8xqQLeTITWPGbWnQXbXmgF</id>\n<xpos>152</xpos>\n<ypos>203</ypos>\n<devicename><![CDATA[sdsdd]]></devicename>\n<devicetype><![CDATA[router]]></devicetype>\n<noofports><![CDATA[1]]></noofports>\n<devclicmds><![CDATA[]]></devclicmds>\n<ports>\n<item>\n<portno><![CDATA[d]]></portno>\n<porttype><![CDATA[d]]></porttype>\n</item>\n</ports>\n</object>\n<object>\n<type>linuxpc</type>\n<id>lwOZHm3ydHLxX1ddEXARnPPmGepchaXC</id>\n<xpos>187</xpos>\n<ypos>279</ypos>\n<devicename><![CDATA[kjk]]></devicename>\n<devicetype><![CDATA[linuxpc]]></devicetype>\n<noofports><![CDATA[1]]></noofports>\n<devclicmds><![CDATA[]]></devclicmds>\n<ports>\n<item>\n<portno><![CDATA[gjh]]></portno>\n<porttype><![CDATA[gj]]></porttype>\n</item>\n</ports>\n</object>\n</objects>\n<connections>\n<connection>\n<sourceId>sVhyo0WiubLFZ2CaxU2Jq3es3JXSsBtO</sourceId>\n<sourcePortId>outputPort4</sourcePortId>\n<targetId>iAGHHZPRAu8xqQLeTITWPGbWnQXbXmgF</targetId>\n<targetPortId>outputPort11</targetPortId>\n</connection>\n<connection>\n<sourceId>sVhyo0WiubLFZ2CaxU2Jq3es3JXSsBtO</sourceId>\n<sourcePortId>outputPort6</sourcePortId>\n<targetId>lwOZHm3ydHLxX1ddEXARnPPmGepchaXC</targetId>\n<targetPortId>inputPort</targetPortId>\n</connection>\n</connections>\n<params>\n<theObjects>\n<![CDATA[router,235,380|router,152,203|linuxpc,187,279]]></theObjects>\n<theConnections>\n<![CDATA[290,435,290,456|122,455,291,455|122,215,122,456|122,215,143,215[*]260,440,260,461|251,460,261,460|251,254,251,461|242,254,252,254|242,254,242,275]]></theConnections>\n</params>\n</drawing>\n","N");
INSERT INTO ez_topology VALUES("89","ngin_topo2009","2009-12-04 18:08:57","53","","","<?xml version=\"1.0\" encoding=\"ISO-8859-1\"?>\n<drawing>\n<objects>\n<object>\n<type>router</type>\n<id>e26Wt8a72JAw8bNB4UyOtlFUJ64vevko</id>\n<xpos>68</xpos>\n<ypos>198</ypos>\n<devicename><![CDATA[ab ]]></devicename>\n<devicetype><![CDATA[router]]></devicetype>\n<noofports><![CDATA[1]]></noofports>\n<devclicmds><![CDATA[]]></devclicmds>\n<ports>\n<item>\n<portno><![CDATA[sd]]></portno>\n<porttype><![CDATA[d]]></porttype>\n</item>\n</ports>\n</object>\n<object>\n<type>linuxpc</type>\n<id>fx0Oyrw02DLH2NGTA0mBD3gD2TpMfTdQ</id>\n<xpos>202</xpos>\n<ypos>204</ypos>\n<devicename><![CDATA[aa]]></devicename>\n<devicetype><![CDATA[linuxpc]]></devicetype>\n<noofports><![CDATA[1]]></noofports>\n<devclicmds><![CDATA[]]></devclicmds>\n<ports>\n<item>\n<portno><![CDATA[ss]]></portno>\n<porttype><![CDATA[ss]]></porttype>\n</item>\n</ports>\n</object>\n<object>\n<type>windowspc</type>\n<id>tbtklvJ2Io6X1Tb4DIfaHvVQ22u4I9O5</id>\n<xpos>342</xpos>\n<ypos>205</ypos>\n<devicename><![CDATA[abcd]]></devicename>\n<devicetype><![CDATA[windowspc]]></devicetype>\n<noofports><![CDATA[1]]></noofports>\n<devclicmds><![CDATA[]]></devclicmds>\n<ports>\n<item>\n<portno><![CDATA[sd]]></portno>\n<porttype><![CDATA[fd]]></porttype>\n</item>\n</ports>\n</object>\n<object>\n<type>server</type>\n<id>zVQcuS7Ft2daTBlOCGz4OgRR3QJzkVQD</id>\n<xpos>486</xpos>\n<ypos>218</ypos>\n<devicename><![CDATA[aacc]]></devicename>\n<devicetype><![CDATA[server]]></devicetype>\n<noofports><![CDATA[1]]></noofports>\n<devclicmds><![CDATA[]]></devclicmds>\n<ports>\n<item>\n<portno><![CDATA[fc]]></portno>\n<porttype><![CDATA[fc]]></porttype>\n</item>\n</ports>\n</object>\n<object>\n<type>hub</type>\n<id>14UAZF5eGUTd5BcCfNpPze1TtbyoFW4P</id>\n<xpos>621</xpos>\n<ypos>215</ypos>\n<devicename><![CDATA[ss]]></devicename>\n<devicetype><![CDATA[hub]]></devicetype>\n<noofports><![CDATA[1]]></noofports>\n<devclicmds><![CDATA[]]></devclicmds>\n<ports>\n<item>\n<portno><![CDATA[ss]]></portno>\n<porttype><![CDATA[s]]></porttype>\n</item>\n</ports>\n</object>\n<object>\n<type>wireless</type>\n<id>2Fa5qWBSnHvFHePd80HsoUwyR2UW5Glc</id>\n<xpos>756</xpos>\n<ypos>213</ypos>\n<devicename><![CDATA[ee]]></devicename>\n<devicetype><![CDATA[wireless]]></devicetype>\n<noofports><![CDATA[1]]></noofports>\n<devclicmds><![CDATA[]]></devclicmds>\n<ports>\n<item>\n<portno><![CDATA[ee]]></portno>\n<porttype><![CDATA[eee]]></porttype>\n</item>\n</ports>\n</object>\n<object>\n<type>ixia</type>\n<id>0MXdZvhXKGuKlbSBQxfeJwsr7ZQDntdT</id>\n<xpos>891</xpos>\n<ypos>211</ypos>\n<devicename><![CDATA[aac]]></devicename>\n<devicetype><![CDATA[ixia]]></devicetype>\n<noofports><![CDATA[1]]></noofports>\n<devclicmds><![CDATA[]]></devclicmds>\n<ports>\n<item>\n<portno><![CDATA[sdf]]></portno>\n<porttype><![CDATA[dfd]]></porttype>\n</item>\n</ports>\n</object>\n</objects>\n<connections>\n<connection>\n<sourceId>e26Wt8a72JAw8bNB4UyOtlFUJ64vevko</sourceId>\n<sourcePortId>outputPort2</sourcePortId>\n<targetId>fx0Oyrw02DLH2NGTA0mBD3gD2TpMfTdQ</targetId>\n<targetPortId>inputPort10</targetPortId>\n</connection>\n<connection>\n<sourceId>tbtklvJ2Io6X1Tb4DIfaHvVQ22u4I9O5</sourceId>\n<sourcePortId>inputPort10</sourcePortId>\n<targetId>fx0Oyrw02DLH2NGTA0mBD3gD2TpMfTdQ</targetId>\n<targetPortId>inputPort2</targetPortId>\n</connection>\n<connection>\n<sourceId>zVQcuS7Ft2daTBlOCGz4OgRR3QJzkVQD</sourceId>\n<sourcePortId>inputPort10</sourcePortId>\n<targetId>tbtklvJ2Io6X1Tb4DIfaHvVQ22u4I9O5</targetId>\n<targetPortId>inputPort2</targetPortId>\n</connection>\n<connection>\n<sourceId>14UAZF5eGUTd5BcCfNpPze1TtbyoFW4P</sourceId>\n<sourcePortId>inputPort9</sourcePortId>\n<targetId>zVQcuS7Ft2daTBlOCGz4OgRR3QJzkVQD</targetId>\n<targetPortId>inputPort2</targetPortId>\n</connection>\n<connection>\n<sourceId>2Fa5qWBSnHvFHePd80HsoUwyR2UW5Glc</sourceId>\n<sourcePortId>inputPort9</sourcePortId>\n<targetId>14UAZF5eGUTd5BcCfNpPze1TtbyoFW4P</targetId>\n<targetPortId>inputPort2</targetPortId>\n</connection>\n<connection>\n<sourceId>0MXdZvhXKGuKlbSBQxfeJwsr7ZQDntdT</sourceId>\n<sourcePortId>inputPort9</sourcePortId>\n<targetId>2Fa5qWBSnHvFHePd80HsoUwyR2UW5Glc</targetId>\n<targetPortId>inputPort2</targetPortId>\n</connection>\n</connections>\n<params>\n<theObjects>\n<![CDATA[router,68,198|linuxpc,202,204|windowspc,342,205|server,486,218|hub,621,215|wireless,756,213|ixia,891,211]]></theObjects>\n<theConnections>\n<![CDATA[128,223,161,223|160,223,160,230|160,229,193,229[*]297,230,333,230|297,229,297,231|262,229,298,229[*]439,243,477,243|439,230,439,244|402,230,440,230[*]578,252,612,252|578,243,578,253|546,243,579,243[*]713,250,747,250|713,240,713,251|681,240,714,240[*]848,248,882,248|848,238,848,249|816,238,849,238]]></theConnections>\n</params>\n</drawing>\n","N");
INSERT INTO ez_topology VALUES("90","test__topology","2009-12-04 18:08:57","53","","","<?xml version=\"1.0\" encoding=\"ISO-8859-1\"?>\n<drawing>\n<objects>\n<object>\n<type>router</type>\n<id>8vATVUlrbDASMXCo9WhLKNcgvtksv1hH</id>\n<xpos>366</xpos>\n<ypos>91</ypos>\n<devicename><![CDATA[sdfs]]></devicename>\n<devicetype><![CDATA[router]]></devicetype>\n<noofports><![CDATA[1]]></noofports>\n<devclicmds><![CDATA[]]></devclicmds>\n<ports>\n<item>\n<portno><![CDATA[sdf]]></portno>\n<porttype><![CDATA[sdf]]></porttype>\n</item>\n</ports>\n</object>\n</objects>\n<connections>\n</connections>\n</drawing>\n","N");
INSERT INTO ez_topology VALUES("91","eztest_topo","2009-12-04 18:08:57","53","","","<?xml version=\"1.0\" encoding=\"ISO-8859-1\"?>\n<drawing>\n<objects>\n<object>\n<type>router</type>\n<id>Kd7pO9ugLzWZoMW74dytl9MptyMcLhk7</id>\n<xpos>256</xpos>\n<ypos>111</ypos>\n<devicename><![CDATA[dfsd]]></devicename>\n<devicetype><![CDATA[router]]></devicetype>\n<noofports><![CDATA[1]]></noofports>\n<devclicmds><![CDATA[]]></devclicmds>\n<ports>\n<item>\n<portno><![CDATA[sdf]]></portno>\n<porttype><![CDATA[dfsdf]]></porttype>\n</item>\n</ports>\n</object>\n</objects>\n<connections>\n</connections>\n</drawing>\n","N");
INSERT INTO ez_topology VALUES("92","zzfff","2009-12-04 18:08:57","53","","","<?xml version=\"1.0\" encoding=\"ISO-8859-1\"?>\n<drawing>\n<objects>\n<object>\n<type>router</type>\n<id>H8hJOl87wG8xNI2PhTaenlLqGTUGyQGa</id>\n<xpos>195</xpos>\n<ypos>125</ypos>\n<devicename><![CDATA[sdfsdf]]></devicename>\n<devicetype><![CDATA[router]]></devicetype>\n<noofports><![CDATA[1]]></noofports>\n<devclicmds><![CDATA[]]></devclicmds>\n<ports>\n<item>\n<portno><![CDATA[sdf]]></portno>\n<porttype><![CDATA[dsfsdf]]></porttype>\n</item>\n</ports>\n</object>\n</objects>\n<connections>\n</connections>\n</drawing>\n","N");
INSERT INTO ez_topology VALUES("93","ngin_topo2","2009-12-04 18:08:57","53","","","<?xml version=\"1.0\" encoding=\"ISO-8859-1\"?>\n<drawing>\n<objects>\n<object>\n<type>router</type>\n<id>sVhyo0WiubLFZ2CaxU2Jq3es3JXSsBtO</id>\n<xpos>677</xpos>\n<ypos>61</ypos>\n<devicename><![CDATA[rout]]></devicename>\n<devicetype><![CDATA[router]]></devicetype>\n<noofports><![CDATA[1]]></noofports>\n<devclicmds><![CDATA[]]></devclicmds>\n<ports>\n<item>\n<portno><![CDATA[sdf]]></portno>\n<porttype><![CDATA[sdf]]></porttype>\n</item>\n</ports>\n</object>\n<object>\n<type>router</type>\n<id>iAGHHZPRAu8xqQLeTITWPGbWnQXbXmgF</id>\n<xpos>660</xpos>\n<ypos>369</ypos>\n<devicename><![CDATA[sdsdd]]></devicename>\n<devicetype><![CDATA[router]]></devicetype>\n<noofports><![CDATA[1]]></noofports>\n<devclicmds><![CDATA[]]></devclicmds>\n<ports>\n<item>\n<portno><![CDATA[d]]></portno>\n<porttype><![CDATA[d]]></porttype>\n</item>\n</ports>\n</object>\n</objects>\n<connections>\n<connection>\n<sourceId>sVhyo0WiubLFZ2CaxU2Jq3es3JXSsBtO</sourceId>\n<sourcePortId>outputPort4</sourcePortId>\n<targetId>iAGHHZPRAu8xqQLeTITWPGbWnQXbXmgF</targetId>\n<targetPortId>outputPort11</targetPortId>\n</connection>\n</connections>\n<params>\n<theObjects>\n<![CDATA[router,677,61|router,660,369]]></theObjects>\n<theConnections>\n<![CDATA[732,116,732,249|630,248,733,248|630,248,630,382|630,381,651,381]]></theConnections>\n</params>\n</drawing>\n","N");
INSERT INTO ez_topology VALUES("94","a","2009-12-04 18:08:57","53","","","<?xml version=\"1.0\" encoding=\"ISO-8859-1\"?>\n<drawing>\n<objects>\n<object>\n<type>router</type>\n<id>ZE1CJ59HkfgqEEexzSairOTCPyrZlAJg</id>\n<xpos>181</xpos>\n<ypos>111</ypos>\n<devicename><![CDATA[a]]></devicename>\n<devicetype><![CDATA[router]]></devicetype>\n<noofports><![CDATA[1]]></noofports>\n<devclicmds><![CDATA[]]></devclicmds>\n<ports>\n<item>\n<portno><![CDATA[a]]></portno>\n<porttype><![CDATA[a]]></porttype>\n</item>\n</ports>\n</object>\n</objects>\n<connections>\n</connections>\n</drawing>\n","N");
INSERT INTO ez_topology VALUES("95","test25996633","2009-12-04 18:08:57","53","","","<?xml version=\"1.0\" encoding=\"ISO-8859-1\"?>\n<drawing>\n<objects>\n<object>\n<type>router</type>\n<id>pNtk1XT2Tdgs05xo1We2Vu4FtrhiNmDt</id>\n<xpos>436</xpos>\n<ypos>98</ypos>\n<devicename><![CDATA[sdfsdfsdf]]></devicename>\n<devicetype><![CDATA[router]]></devicetype>\n<noofports><![CDATA[1]]></noofports>\n<devclicmds><![CDATA[]]></devclicmds>\n<ports>\n<item>\n<portno><![CDATA[sdf]]></portno>\n<porttype><![CDATA[dsf]]></porttype>\n</item>\n</ports>\n</object>\n</objects>\n<connections>\n</connections>\n</drawing>\n","N");
INSERT INTO ez_topology VALUES("96","topology","2009-12-04 18:08:57","53","","","helow","N");
INSERT INTO ez_topology VALUES("97","test20000000009","2009-12-04 18:08:57","53","","","<?xml version=\"1.0\" encoding=\"ISO-8859-1\"?>\n<drawing>\n<objects>\n<object>\n<type>router</type>\n<id>RUdAcpkr1xigXrxQdmEOKO5Qt3M2UD1l</id>\n<xpos>296</xpos>\n<ypos>127</ypos>\n<devicename><![CDATA[sdsd]]></devicename>\n<devicetype><![CDATA[router]]></devicetype>\n<noofports><![CDATA[1]]></noofports>\n<devclicmds><![CDATA[]]></devclicmds>\n<ports>\n<item>\n<portno><![CDATA[sd]]></portno>\n<porttype><![CDATA[sdsd]]></porttype>\n</item>\n</ports>\n</object>\n<object>\n<type>ixia</type>\n<id>lTDM63xeLm73iJGe8A9phtHBy70vE0Q6</id>\n<xpos>310</xpos>\n<ypos>244</ypos>\n<devicename><![CDATA[sdasda]]></devicename>\n<devicetype><![CDATA[ixia]]></devicetype>\n<noofports><![CDATA[1]]></noofports>\n<devclicmds><![CDATA[]]></devclicmds>\n<ports>\n<item>\n<portno><![CDATA[asdfasdf]]></portno>\n<porttype><![CDATA[sdfsdf]]></porttype>\n</item>\n</ports>\n</object>\n<object>\n<type>wavesat</type>\n<id>V2sdnn4hMX8uRO1QTwCHqZTtwNtRos6n</id>\n<xpos>135</xpos>\n<ypos>176</ypos>\n<devicename><![CDATA[ss]]></devicename>\n<devicetype><![CDATA[wavesat]]></devicetype>\n<noofports><![CDATA[1]]></noofports>\n<devclicmds><![CDATA[]]></devclicmds>\n<ports>\n<item>\n<portno><![CDATA[ss]]></portno>\n<porttype><![CDATA[ss]]></porttype>\n</item>\n</ports>\n</object>\n<object>\n<type>extreme</type>\n<id>so6hzDv6WLyPvZDJ8KZ7zazEAd6JIprZ</id>\n<xpos>448</xpos>\n<ypos>178</ypos>\n<devicename><![CDATA[sdfdsaa]]></devicename>\n<devicetype><![CDATA[extreme]]></devicetype>\n<noofports><![CDATA[1]]></noofports>\n<devclicmds><![CDATA[]]></devclicmds>\n<ports>\n<item>\n<portno><![CDATA[ss]]></portno>\n<porttype><![CDATA[dfdf]]></porttype>\n</item>\n</ports>\n</object>\n</objects>\n<connections>\n<connection>\n<sourceId>RUdAcpkr1xigXrxQdmEOKO5Qt3M2UD1l</sourceId>\n<sourcePortId>outputPort9</sourcePortId>\n<targetId>V2sdnn4hMX8uRO1QTwCHqZTtwNtRos6n</targetId>\n<targetPortId>inputPort1</targetPortId>\n</connection>\n<connection>\n<sourceId>lTDM63xeLm73iJGe8A9phtHBy70vE0Q6</sourceId>\n<sourcePortId>inputPort9</sourcePortId>\n<targetId>V2sdnn4hMX8uRO1QTwCHqZTtwNtRos6n</targetId>\n<targetPortId>inputPort6</targetPortId>\n</connection>\n<connection>\n<sourceId>so6hzDv6WLyPvZDJ8KZ7zazEAd6JIprZ</sourceId>\n<sourcePortId>outputPort5</sourcePortId>\n<targetId>lTDM63xeLm73iJGe8A9phtHBy70vE0Q6</targetId>\n<targetPortId>inputPort3</targetPortId>\n</connection>\n<connection>\n<sourceId>RUdAcpkr1xigXrxQdmEOKO5Qt3M2UD1l</sourceId>\n<sourcePortId>outputPort2</sourcePortId>\n<targetId>so6hzDv6WLyPvZDJ8KZ7zazEAd6JIprZ</targetId>\n<targetPortId>outputPort13</targetPortId>\n</connection>\n</connections>\n<params>\n<theObjects>\n<![CDATA[router,296,127|ixia,310,244|wavesat,135,176|extreme,448,178]]></theObjects>\n<theConnections>\n<![CDATA[240,164,287,164|240,164,240,189|195,188,241,188[*]160,281,301,281|160,236,160,282[*]485,238,485,282|370,281,486,281[*]356,152,461,152|460,152,460,169]]></theConnections>\n</params>\n</drawing>\n","N");
INSERT INTO ez_topology VALUES("98","sszs","2009-12-04 18:08:57","53","","","<?xml version=\"1.0\" encoding=\"ISO-8859-1\"?>\n<drawing>\n<objects>\n<object>\n<type>router</type>\n<id>DMQh5EhDpURoeWINcM2e83DPrmhAnTxZ</id>\n<xpos>351</xpos>\n<ypos>140</ypos>\n<devicename><![CDATA[ddd]]></devicename>\n<devicetype><![CDATA[router]]></devicetype>\n<noofports><![CDATA[1]]></noofports>\n<devclicmds><![CDATA[]]></devclicmds>\n<ports>\n<item>\n<portno><![CDATA[ddd]]></portno>\n<porttype><![CDATA[dddddd]]></porttype>\n</item>\n</ports>\n</object>\n<object>\n<type>router</type>\n<id>1y8F6ycHSiTvSG6yFV3FaVxTKX5W3T1k</id>\n<xpos>252</xpos>\n<ypos>123</ypos>\n<devicename><![CDATA[sss]]></devicename>\n<devicetype><![CDATA[router]]></devicetype>\n<noofports><![CDATA[1]]></noofports>\n<devclicmds><![CDATA[]]></devclicmds>\n<ports>\n<item>\n<portno><![CDATA[ss]]></portno>\n<porttype><![CDATA[ss]]></porttype>\n</item>\n</ports>\n</object>\n</objects>\n<connections>\n</connections>\n</drawing>\n","N");
INSERT INTO ez_topology VALUES("99","axx","2009-12-04 18:08:57","53","","","<?xml version=\"1.0\" encoding=\"ISO-8859-1\"?>\n<drawing>\n<objects>\n<object>\n<type>router</type>\n<id>Z35sN7hG9pa06MTy3MSan7deq195gdRq</id>\n<xpos>462</xpos>\n<ypos>182</ypos>\n<devicename><![CDATA[testr]]></devicename>\n<devicetype><![CDATA[router]]></devicetype>\n<noofports><![CDATA[1]]></noofports>\n<devclicmds><![CDATA[]]></devclicmds>\n<ports>\n<item>\n<portno><![CDATA[fdg]]></portno>\n<porttype><![CDATA[fdfg]]></porttype>\n</item>\n</ports>\n</object>\n<object>\n<type>extreme</type>\n<id>hdu1HxW1r6fpJkM1hm0aFJhIZVeUW0oS</id>\n<xpos>324</xpos>\n<ypos>271</ypos>\n<ports>\n</ports>\n</object>\n</objects>\n<connections>\n</connections>\n</drawing>\n","N");
INSERT INTO ez_topology VALUES("100","ddddddfddddddd","2009-12-04 18:42:59","53","","","<?xml version=\"1.0\" encoding=\"ISO-8859-1\"?>\n<drawing>\n<objects>\n<object>\n<type>router</type>\n<id>Kd7pO9ugLzWZoMW74dytl9MptyMcLhk7</id>\n<xpos>256</xpos>\n<ypos>111</ypos>\n<devicename><![CDATA[dfsd]]></devicename>\n<devicetype><![CDATA[router]]></devicetype>\n<noofports><![CDATA[1]]></noofports>\n<devclicmds><![CDATA[]]></devclicmds>\n<ports>\n<item>\n<portno><![CDATA[sdf]]></portno>\n<porttype><![CDATA[dfsdf]]></porttype>\n</item>\n</ports>\n</object>\n</objects>\n<connections>\n</connections>\n</drawing>\n","N");
INSERT INTO ez_topology VALUES("101","qqww","2009-12-04 18:42:59","53","","","<?xml version=\"1.0\" encoding=\"ISO-8859-1\"?>\n<drawing>\n<objects>\n<object>\n<type>router</type>\n<id>SwbinCQ2tSZ7POXbNKwMQKpZDmI2q0ah</id>\n<xpos>292</xpos>\n<ypos>172</ypos>\n<devicename><![CDATA[zxcdd11111111111111111118833333333]]></devicename>\n<devicetype><![CDATA[router]]></devicetype>\n<noofports><![CDATA[1]]></noofports>\n<devclicmds><![CDATA[]]></devclicmds>\n<ports>\n<item>\n<portno><![CDATA[dfd]]></portno>\n<porttype><![CDATA[df]]></porttype>\n</item>\n</ports>\n</object>\n</objects>\n<connections>\n</connections>\n</drawing>\n","N");
INSERT INTO ez_topology VALUES("102","ttttttttttt","2009-12-04 18:42:59","53","","","<?xml version=\"1.0\" encoding=\"ISO-8859-1\"?>\n<drawing>\n<objects>\n<object>\n<type>router</type>\n<id>CVulbAJpfH3c5Uk20gBlCt27Ba5ds50S</id>\n<xpos>291</xpos>\n<ypos>134</ypos>\n<devicename><![CDATA[sdfsdf]]></devicename>\n<devicetype><![CDATA[router]]></devicetype>\n<noofports><![CDATA[1]]></noofports>\n<devclicmds><![CDATA[]]></devclicmds>\n<ports>\n<item>\n<portno><![CDATA[sdf]]></portno>\n<porttype><![CDATA[sdf]]></porttype>\n</item>\n</ports>\n</object>\n</objects>\n<connections>\n</connections>\n</drawing>\n","N");
INSERT INTO ez_topology VALUES("103","dtd","2009-12-04 18:42:59","53","","","<?xml version=\"1.0\" encoding=\"ISO-8859-1\"?>\n<drawing>\n<objects>\n<object>\n<type>router</type>\n<id>c3kfco8G29mfMOdePyUIhp7TKZGwALku</id>\n<xpos>249</xpos>\n<ypos>136</ypos>\n<devicename><![CDATA[fgfg]]></devicename>\n<devicetype><![CDATA[router]]></devicetype>\n<noofports><![CDATA[1]]></noofports>\n<devclicmds><![CDATA[]]></devclicmds>\n<ports>\n<item>\n<portno><![CDATA[dfg]]></portno>\n<porttype><![CDATA[fgdfg]]></porttype>\n</item>\n</ports>\n</object>\n</objects>\n<connections>\n</connections>\n</drawing>\n","N");
INSERT INTO ez_topology VALUES("104","f","2009-12-04 18:42:59","53","","","<?xml version=\"1.0\" encoding=\"ISO-8859-1\"?>\n<drawing>\n<objects>\n<object>\n<type>router</type>\n<id>603aQEKp6JBKqyffggu6Il3kmZCCcau3</id>\n<xpos>327</xpos>\n<ypos>145</ypos>\n<devicename><![CDATA[sdf]]></devicename>\n<devicetype><![CDATA[router]]></devicetype>\n<noofports><![CDATA[1]]></noofports>\n<devclicmds><![CDATA[]]></devclicmds>\n<ports>\n<item>\n<portno><![CDATA[dsf]]></portno>\n<porttype><![CDATA[ffd]]></porttype>\n</item>\n</ports>\n</object>\n<object>\n<type>linuxpc</type>\n<id>uouVCe17C0bVLbhrW6ByTGwPNNU9OPNg</id>\n<xpos>450</xpos>\n<ypos>146</ypos>\n<devicename><![CDATA[dsf]]></devicename>\n<devicetype><![CDATA[linuxpc]]></devicetype>\n<noofports><![CDATA[1]]></noofports>\n<devclicmds><![CDATA[]]></devclicmds>\n<ports>\n<item>\n<portno><![CDATA[dsf]]></portno>\n<porttype><![CDATA[df]]></porttype>\n</item>\n</ports>\n</object>\n</objects>\n<connections>\n<connection>\n<sourceId>603aQEKp6JBKqyffggu6Il3kmZCCcau3</sourceId>\n<sourcePortId>outputPort4</sourcePortId>\n<targetId>uouVCe17C0bVLbhrW6ByTGwPNNU9OPNg</targetId>\n<targetPortId>inputPort11</targetPortId>\n</connection>\n</connections>\n<params>\n<theObjects>\nrouter,327,145|linuxpc,450,146</theObjects>\n<theConnections>\n382,200,382,221|382,220,412,220|411,158,411,221|411,158,441,158</theConnections>\n<params>\n</drawing>\n","N");
INSERT INTO ez_topology VALUES("105","test_topo_","2009-12-04 18:42:59","53","","","<?xml version=\"1.0\" encoding=\"ISO-8859-1\"?>\n<drawing>\n<objects>\n<object>\n<type>router</type>\n<id>9HeoCkmyzQdcAUvURDWu24GgGs4mrCdv</id>\n<xpos>341</xpos>\n<ypos>118</ypos>\n<devicename><![CDATA[ff]]></devicename>\n<devicetype><![CDATA[router]]></devicetype>\n<noofports><![CDATA[1]]></noofports>\n<devclicmds><![CDATA[]]></devclicmds>\n<ports>\n<item>\n<portno><![CDATA[f]]></portno>\n<porttype><![CDATA[f]]></porttype>\n</item>\n</ports>\n</object>\n</objects>\n<connections>\n</connections>\n</drawing>\n","N");
INSERT INTO ez_topology VALUES("106","__f","2009-12-04 18:42:59","53","","","<?xml version=\"1.0\" encoding=\"ISO-8859-1\"?>\n<drawing>\n<objects>\n<object>\n<type>router</type>\n<id>EWkGpLBKIHOHhPRT18MUc5AbAeQhp0BX</id>\n<xpos>257</xpos>\n<ypos>132</ypos>\n<devicename><![CDATA[sd]]></devicename>\n<devicetype><![CDATA[router]]></devicetype>\n<noofports><![CDATA[1]]></noofports>\n<devclicmds><![CDATA[]]></devclicmds>\n<ports>\n<item>\n<portno><![CDATA[s]]></portno>\n<porttype><![CDATA[s]]></porttype>\n</item>\n</ports>\n</object>\n<object>\n<type>windowspc</type>\n<id>LucvECMZlESG6uWFNa0TkLXwGJrGiJMw</id>\n<xpos>456</xpos>\n<ypos>121</ypos>\n<devicename><![CDATA[sdww]]></devicename>\n<devicetype><![CDATA[windowspc]]></devicetype>\n<noofports><![CDATA[1]]></noofports>\n<devclicmds><![CDATA[]]></devclicmds>\n<ports>\n<item>\n<portno><![CDATA[s]]></portno>\n<porttype><![CDATA[s]]></porttype>\n</item>\n</ports>\n</object>\n<object>\n<type>router</type>\n<id>puNGu9KWT8gTNamV0Sn1ComHo9OuH11X</id>\n<xpos>392</xpos>\n<ypos>284</ypos>\n<devicename><![CDATA[deawd]]></devicename>\n<devicetype><![CDATA[router]]></devicetype>\n<noofports><![CDATA[1]]></noofports>\n<devclicmds><![CDATA[]]></devclicmds>\n<ports>\n<item>\n<portno><![CDATA[asd]]></portno>\n<porttype><![CDATA[sd]]></porttype>\n</item>\n</ports>\n</object>\n</objects>\n<connections>\n<connection>\n<sourceId>EWkGpLBKIHOHhPRT18MUc5AbAeQhp0BX</sourceId>\n<sourcePortId>outputPort6</sourcePortId>\n<targetId>puNGu9KWT8gTNamV0Sn1ComHo9OuH11X</targetId>\n<targetPortId>outputPort9</targetPortId>\n</connection>\n<connection>\n<sourceId>EWkGpLBKIHOHhPRT18MUc5AbAeQhp0BX</sourceId>\n<sourcePortId>outputPort1</sourcePortId>\n<targetId>LucvECMZlESG6uWFNa0TkLXwGJrGiJMw</targetId>\n<targetPortId>inputPort9</targetPortId>\n</connection>\n<connection>\n<sourceId>puNGu9KWT8gTNamV0Sn1ComHo9OuH11X</sourceId>\n<sourcePortId>outputPort2</sourcePortId>\n<targetId>LucvECMZlESG6uWFNa0TkLXwGJrGiJMw</targetId>\n<targetPortId>inputPort5</targetPortId>\n</connection>\n</connections>\n<params>\n<theObjects>\nrouter,257,132|windowspc,456,121|router,392,284</theObjects>\n<theConnections>\n282,192,282,322|282,321,383,321[*]317,144,382,144|381,144,381,159|381,158,447,158[*]452,309,494,309|493,181,493,310</theConnections>\n<params>\n</drawing>\n","N");
INSERT INTO ez_topology VALUES("107","dfdf","2009-12-04 18:42:59","53","","","<?xml version=\"1.0\" encoding=\"ISO-8859-1\"?>\n<drawing>\n<objects>\n<object>\n<type>router</type>\n<id>dgSoKTGUtZyhkLZFlLnUPMz4BTbLNVco</id>\n<xpos>377</xpos>\n<ypos>200</ypos>\n<devicename><![CDATA[router123]]></devicename>\n<devicetype><![CDATA[router]]></devicetype>\n<noofports><![CDATA[1]]></noofports>\n<devclicmds><![CDATA[]]></devclicmds>\n<ports>\n<item>\n<portno><![CDATA[dd]]></portno>\n<porttype><![CDATA[dd]]></porttype>\n</item>\n</ports>\n</object>\n</objects>\n<connections>\n</connections>\n</drawing>\n","N");
INSERT INTO ez_topology VALUES("108","xcvxc","2009-12-04 18:42:59","53","","","<?xml version=\"1.0\" encoding=\"ISO-8859-1\"?>\n<drawing>\n<objects>\n<object>\n<type>router</type>\n<id>B74Sm4OmX3sUZ9wlifv9pAKIsAydlRqs</id>\n<xpos>363</xpos>\n<ypos>119</ypos>\n<devicename><![CDATA[tgghgfh]]></devicename>\n<devicetype><![CDATA[router]]></devicetype>\n<noofports><![CDATA[1]]></noofports>\n<devclicmds><![CDATA[]]></devclicmds>\n<ports>\n<item>\n<portno><![CDATA[gfh]]></portno>\n<porttype><![CDATA[gfh]]></porttype>\n</item>\n</ports>\n</object>\n</objects>\n<connections>\n</connections>\n</drawing>\n","N");
INSERT INTO ez_topology VALUES("109","dd","2009-12-04 18:42:59","53","","","<?xml version=\"1.0\" encoding=\"ISO-8859-1\"?>\n<drawing>\n<objects>\n<object>\n<type>router</type>\n<id>WpCtWXefJ6sSbTTNqn5MIbFvHw5mlV8E</id>\n<xpos>438</xpos>\n<ypos>134</ypos>\n<devicename><![CDATA[dfg]]></devicename>\n<devicetype><![CDATA[router]]></devicetype>\n<noofports><![CDATA[1]]></noofports>\n<devclicmds><![CDATA[]]></devclicmds>\n<ports>\n<item>\n<portno><![CDATA[d]]></portno>\n<porttype><![CDATA[d]]></porttype>\n</item>\n</ports>\n</object>\n</objects>\n<connections>\n</connections>\n</drawing>\n","N");
INSERT INTO ez_topology VALUES("110","test_topo_ngin","2009-12-04 18:42:59","53","","","<?xml version=\"1.0\" encoding=\"ISO-8859-1\"?>\n<drawing>\n<objects>\n<object>\n<type>router</type>\n<id>ciA5JeyJF908HFaw2tATPCwL82khrOsW</id>\n<xpos>227</xpos>\n<ypos>122</ypos>\n<devicename><![CDATA[rout1]]></devicename>\n<devicetype><![CDATA[router]]></devicetype>\n<noofports><![CDATA[2]]></noofports>\n<devclicmds><![CDATA[]]></devclicmds>\n<ports>\n<item>\n<portno><![CDATA[rout1pname1]]></portno>\n<porttype><![CDATA[rout1ptype1]]></porttype>\n</item>\n<item>\n<portno><![CDATA[rout1pname2]]></portno>\n<porttype><![CDATA[rout1ptype2]]></porttype>\n</item>\n</ports>\n</object>\n<object>\n<type>router</type>\n<id>GuFsLTyTBtN0sCMqbH7BQpBARzwVnbMb</id>\n<xpos>552</xpos>\n<ypos>127</ypos>\n<devicename><![CDATA[rout2]]></devicename>\n<devicetype><![CDATA[router]]></devicetype>\n<noofports><![CDATA[2]]></noofports>\n<devclicmds><![CDATA[]]></devclicmds>\n<ports>\n<item>\n<portno><![CDATA[rout2pname1]]></portno>\n<porttype><![CDATA[rout2ptype1]]></porttype>\n</item>\n<item>\n<portno><![CDATA[rout2pname2]]></portno>\n<porttype><![CDATA[rout2ptype2]]></porttype>\n</item>\n</ports>\n</object>\n<object>\n<type>router</type>\n<id>3ZTCg3TWIpxTXlGVGExy9BpoLqXgCEnW</id>\n<xpos>388</xpos>\n<ypos>281</ypos>\n<devicename><![CDATA[rout3]]></devicename>\n<devicetype><![CDATA[router]]></devicetype>\n<noofports><![CDATA[2]]></noofports>\n<devclicmds><![CDATA[]]></devclicmds>\n<ports>\n<item>\n<portno><![CDATA[rout3pname1]]></portno>\n<porttype><![CDATA[rout3ptype1]]></porttype>\n</item>\n<item>\n<portno><![CDATA[rout3pname2]]></portno>\n<porttype><![CDATA[rout3ptype2]]></porttype>\n</item>\n</ports>\n</object>\n</objects>\n<connections>\n<connection>\n<sourceId>ciA5JeyJF908HFaw2tATPCwL82khrOsW</sourceId>\n<sourcePortId>outputPort2</sourcePortId>\n<targetId>GuFsLTyTBtN0sCMqbH7BQpBARzwVnbMb</targetId>\n<targetPortId>outputPort9</targetPortId>\n</connection>\n<connection>\n<sourceId>ciA5JeyJF908HFaw2tATPCwL82khrOsW</sourceId>\n<sourcePortId>outputPort6</sourcePortId>\n<targetId>3ZTCg3TWIpxTXlGVGExy9BpoLqXgCEnW</targetId>\n<targetPortId>outputPort9</targetPortId>\n</connection>\n<connection>\n<sourceId>GuFsLTyTBtN0sCMqbH7BQpBARzwVnbMb</sourceId>\n<sourcePortId>outputPort5</sourcePortId>\n<targetId>3ZTCg3TWIpxTXlGVGExy9BpoLqXgCEnW</targetId>\n<targetPortId>outputPort1</targetPortId>\n</connection>\n</connections>\n</drawing>\n","N");
INSERT INTO ez_topology VALUES("111","ssaz","2009-12-04 18:42:59","53","","","<?xml version=\"1.0\" encoding=\"ISO-8859-1\"?>\n<drawing>\n<objects>\n<object>\n<type>router</type>\n<id>SwbinCQ2tSZ7POXbNKwMQKpZDmI2q0ah</id>\n<xpos>415</xpos>\n<ypos>179</ypos>\n<devicename><![CDATA[zxcdd111111111ccc1]]></devicename>\n<devicetype><![CDATA[router]]></devicetype>\n<noofports><![CDATA[1]]></noofports>\n<devclicmds><![CDATA[]]></devclicmds>\n<ports>\n<item>\n<portno><![CDATA[dfd]]></portno>\n<porttype><![CDATA[df]]></porttype>\n</item>\n</ports>\n</object>\n</objects>\n<connections>\n</connections>\n</drawing>\n","N");
INSERT INTO ez_topology VALUES("112","ngin_topology1","2009-12-04 18:42:59","53","","","<?xml version=\"1.0\" encoding=\"ISO-8859-1\"?>\n<drawing>\n<objects>\n<object>\n<type>router</type>\n<id>iAGHHZPRAu8xqQLeTITWPGbWnQXbXmgF</id>\n<xpos>677</xpos>\n<ypos>309</ypos>\n<devicename><![CDATA[sdsdd]]></devicename>\n<devicetype><![CDATA[router]]></devicetype>\n<noofports><![CDATA[1]]></noofports>\n<devclicmds><![CDATA[]]></devclicmds>\n<ports>\n<item>\n<portno><![CDATA[d]]></portno>\n<porttype><![CDATA[d]]></porttype>\n</item>\n</ports>\n</object>\n<object>\n<type>linuxpc</type>\n<id>oUmznx1AUPZEP8fBXMy9qTDLPiQHvTZc</id>\n<xpos>209</xpos>\n<ypos>209</ypos>\n<devicename><![CDATA[sdfss]]></devicename>\n<devicetype><![CDATA[linuxpc]]></devicetype>\n<noofports><![CDATA[2]]></noofports>\n<devclicmds><![CDATA[]]></devclicmds>\n<ports>\n<item>\n<portno><![CDATA[sdf]]></portno>\n<porttype><![CDATA[df]]></porttype>\n</item>\n<item>\n<portno><![CDATA[sdfe]]></portno>\n<porttype><![CDATA[ffe]]></porttype>\n</item>\n</ports>\n</object>\n<object>\n<type>router</type>\n<id>sVhyo0WiubLFZ2CaxU2Jq3es3JXSsBtO</id>\n<xpos>526</xpos>\n<ypos>139</ypos>\n<devicename><![CDATA[rout]]></devicename>\n<devicetype><![CDATA[router]]></devicetype>\n<noofports><![CDATA[1]]></noofports>\n<devclicmds><![CDATA[]]></devclicmds>\n<ports>\n<item>\n<portno><![CDATA[ss]]></portno>\n<porttype><![CDATA[sss]]></porttype>\n</item>\n</ports>\n</object>\n</objects>\n<connections>\n<connection>\n<sourceId>sVhyo0WiubLFZ2CaxU2Jq3es3JXSsBtO</sourceId>\n<sourcePortId>outputPort4</sourcePortId>\n<targetId>iAGHHZPRAu8xqQLeTITWPGbWnQXbXmgF</targetId>\n<targetPortId>outputPort11</targetPortId>\n</connection>\n<connection>\n<sourceId>sVhyo0WiubLFZ2CaxU2Jq3es3JXSsBtO</sourceId>\n<sourcePortId>outputPort9</sourcePortId>\n<targetId>oUmznx1AUPZEP8fBXMy9qTDLPiQHvTZc</targetId>\n<targetPortId>inputPort3</targetPortId>\n</connection>\n</connections>\n<params>\n<theObjects>\n<![CDATA[router,677,309|linuxpc,209,209|router,526,139]]></theObjects>\n<theConnections>\n<![CDATA[581,194,581,322|581,321,668,321[*]392,176,517,176|392,176,392,247|269,246,393,246]]></theConnections>\n</params>\n</drawing>\n","N");
INSERT INTO ez_topology VALUES("113","ax","2009-12-04 18:42:59","53","","","<?xml version=\"1.0\" encoding=\"ISO-8859-1\"?>\n<drawing>\n<objects>\n<object>\n<type>router</type>\n<id>EktovpkP1XVuyyUzvOtu3mcEyWFbzMgg</id>\n<xpos>313</xpos>\n<ypos>108</ypos>\n<devicename><![CDATA[aa]]></devicename>\n<devicetype><![CDATA[router]]></devicetype>\n<noofports><![CDATA[1]]></noofports>\n<devclicmds><![CDATA[]]></devclicmds>\n<ports>\n<item>\n<portno><![CDATA[a]]></portno>\n<porttype><![CDATA[a]]></porttype>\n</item>\n</ports>\n</object>\n</objects>\n<connections>\n</connections>\n</drawing>\n","N");
INSERT INTO ez_topology VALUES("114","sasasaasasasas","2009-12-04 18:42:59","53","","","<?xml version=\"1.0\" encoding=\"ISO-8859-1\"?>\n<drawing>\n<objects>\n<object>\n<type>router</type>\n<id>ZENl8cQSN3gzsbJLu2Fk0q34dcmwfOB4</id>\n<xpos>234</xpos>\n<ypos>149</ypos>\n<devicename><![CDATA[dfdfsdf]]></devicename>\n<devicetype><![CDATA[router]]></devicetype>\n<noofports><![CDATA[1]]></noofports>\n<devclicmds><![CDATA[]]></devclicmds>\n<ports>\n<item>\n<portno><![CDATA[dfsdfd]]></portno>\n<porttype><![CDATA[fsdfsdfsdf]]></porttype>\n</item>\n</ports>\n</object>\n</objects>\n<connections>\n</connections>\n</drawing>\n","N");
INSERT INTO ez_topology VALUES("115","ggg","2009-12-04 18:42:59","53","","","<?xml version=\"1.0\" encoding=\"ISO-8859-1\"?>\n<drawing>\n<objects>\n<object>\n<type>router</type>\n<id>sOknOElAxQIMPwsAEZnmZTP4dzyUdADd</id>\n<xpos>266</xpos>\n<ypos>116</ypos>\n<devicename><![CDATA[asd]]></devicename>\n<devicetype><![CDATA[router]]></devicetype>\n<noofports><![CDATA[1]]></noofports>\n<devclicmds><![CDATA[]]></devclicmds>\n<ports>\n<item>\n<portno><![CDATA[asdas]]></portno>\n<porttype><![CDATA[d]]></porttype>\n</item>\n</ports>\n</object>\n</objects>\n<connections>\n</connections>\n</drawing>\n","N");
INSERT INTO ez_topology VALUES("116","testtopology2006","2009-12-04 18:42:59","53","","","<?xml version=\"1.0\" encoding=\"ISO-8859-1\"?>\n<drawing>\n<objects>\n<object>\n<type>router</type>\n<id>Po41TLSyhsId5zTEEQmtP9OyGhSUDTaV</id>\n<xpos>325</xpos>\n<ypos>132</ypos>\n<devicename><![CDATA[dfdf]]></devicename>\n<devicetype><![CDATA[router]]></devicetype>\n<noofports><![CDATA[1]]></noofports>\n<devclicmds><![CDATA[]]></devclicmds>\n<ports>\n<item>\n<portno><![CDATA[sdf]]></portno>\n<porttype><![CDATA[sdf]]></porttype>\n</item>\n</ports>\n</object>\n</objects>\n<connections>\n</connections>\n</drawing>\n","N");
INSERT INTO ez_topology VALUES("117","dxxxx","2009-12-04 18:42:59","53","","","<?xml version=\"1.0\" encoding=\"ISO-8859-1\"?>\n<drawing>\n<objects>\n<object>\n<type>router</type>\n<id>S7ycmvGrdyFszVrIqNQCXlTUtJC1wNGI</id>\n<xpos>237</xpos>\n<ypos>127</ypos>\n<devicename><![CDATA[dddf]]></devicename>\n<devicetype><![CDATA[router]]></devicetype>\n<noofports><![CDATA[1]]></noofports>\n<devclicmds><![CDATA[]]></devclicmds>\n<ports>\n<item>\n<portno><![CDATA[dfg]]></portno>\n<porttype><![CDATA[gf]]></porttype>\n</item>\n</ports>\n</object>\n</objects>\n<connections>\n</connections>\n</drawing>\n","N");
INSERT INTO ez_topology VALUES("118","zzff","2009-12-04 18:42:59","53","","","<?xml version=\"1.0\" encoding=\"ISO-8859-1\"?>\n<drawing>\n<objects>\n<object>\n<type>router</type>\n<id>SwbinCQ2tSZ7POXbNKwMQKpZDmI2q0ah</id>\n<xpos>291</xpos>\n<ypos>171</ypos>\n<devicename><![CDATA[zxcdd]]></devicename>\n<devicetype><![CDATA[router]]></devicetype>\n<noofports><![CDATA[1]]></noofports>\n<devclicmds><![CDATA[]]></devclicmds>\n<ports>\n<item>\n<portno><![CDATA[dfd]]></portno>\n<porttype><![CDATA[df]]></porttype>\n</item>\n</ports>\n</object>\n</objects>\n<connections>\n</connections>\n</drawing>\n","N");
INSERT INTO ez_topology VALUES("119","zzzzzzzzzzz","2009-12-04 18:42:59","53","","","<?xml version=\"1.0\" encoding=\"ISO-8859-1\"?>\n<drawing>\n<objects>\n<object>\n<type>router</type>\n<id>CVulbAJpfH3c5Uk20gBlCt27Ba5ds50S</id>\n<xpos>291</xpos>\n<ypos>134</ypos>\n<devicename><![CDATA[sdfsdf]]></devicename>\n<devicetype><![CDATA[router]]></devicetype>\n<noofports><![CDATA[1]]></noofports>\n<devclicmds><![CDATA[]]></devclicmds>\n<ports>\n<item>\n<portno><![CDATA[sdf]]></portno>\n<porttype><![CDATA[sdf]]></porttype>\n</item>\n</ports>\n</object>\n</objects>\n<connections>\n</connections>\n</drawing>\n","N");
INSERT INTO ez_topology VALUES("120","_f","2009-12-04 18:42:59","53","","","<?xml version=\"1.0\" encoding=\"ISO-8859-1\"?>\n<drawing>\n<objects>\n<object>\n<type>router</type>\n<id>EktovpkP1XVuyyUzvOtu3mcEyWFbzMgg</id>\n<xpos>315</xpos>\n<ypos>110</ypos>\n<devicename><![CDATA[aa]]></devicename>\n<devicetype><![CDATA[router]]></devicetype>\n<noofports><![CDATA[1]]></noofports>\n<devclicmds><![CDATA[]]></devclicmds>\n<ports>\n<item>\n<portno><![CDATA[a]]></portno>\n<porttype><![CDATA[a]]></porttype>\n</item>\n</ports>\n</object>\n</objects>\n<connections>\n</connections>\n<params>\n<theObjects>\nrouter,315,110</theObjects>\n<theConnections>\n\n</theConnections>\n<params>\n</drawing>\n","N");
INSERT INTO ez_topology VALUES("121","nginTopo","2009-12-04 18:42:59","53","","","<?xml version=\"1.0\" encoding=\"ISO-8859-1\"?>\n<drawing>\n<objects>\n<object>\n<type>router</type>\n<id>sVhyo0WiubLFZ2CaxU2Jq3es3JXSsBtO</id>\n<xpos>235</xpos>\n<ypos>380</ypos>\n<devicename><![CDATA[routdfsdf]]></devicename>\n<devicetype><![CDATA[router]]></devicetype>\n<noofports><![CDATA[1]]></noofports>\n<devclicmds><![CDATA[]]></devclicmds>\n<ports>\n<item>\n<portno><![CDATA[sdf]]></portno>\n<porttype><![CDATA[sdf]]></porttype>\n</item>\n</ports>\n</object>\n<object>\n<type>router</type>\n<id>iAGHHZPRAu8xqQLeTITWPGbWnQXbXmgF</id>\n<xpos>152</xpos>\n<ypos>203</ypos>\n<devicename><![CDATA[sdsdd]]></devicename>\n<devicetype><![CDATA[router]]></devicetype>\n<noofports><![CDATA[1]]></noofports>\n<devclicmds><![CDATA[]]></devclicmds>\n<ports>\n<item>\n<portno><![CDATA[d]]></portno>\n<porttype><![CDATA[d]]></porttype>\n</item>\n</ports>\n</object>\n<object>\n<type>linuxpc</type>\n<id>lwOZHm3ydHLxX1ddEXARnPPmGepchaXC</id>\n<xpos>187</xpos>\n<ypos>279</ypos>\n<devicename><![CDATA[kjk]]></devicename>\n<devicetype><![CDATA[linuxpc]]></devicetype>\n<noofports><![CDATA[1]]></noofports>\n<devclicmds><![CDATA[]]></devclicmds>\n<ports>\n<item>\n<portno><![CDATA[gjh]]></portno>\n<porttype><![CDATA[gj]]></porttype>\n</item>\n</ports>\n</object>\n</objects>\n<connections>\n<connection>\n<sourceId>sVhyo0WiubLFZ2CaxU2Jq3es3JXSsBtO</sourceId>\n<sourcePortId>outputPort4</sourcePortId>\n<targetId>iAGHHZPRAu8xqQLeTITWPGbWnQXbXmgF</targetId>\n<targetPortId>outputPort11</targetPortId>\n</connection>\n<connection>\n<sourceId>sVhyo0WiubLFZ2CaxU2Jq3es3JXSsBtO</sourceId>\n<sourcePortId>outputPort6</sourcePortId>\n<targetId>lwOZHm3ydHLxX1ddEXARnPPmGepchaXC</targetId>\n<targetPortId>inputPort</targetPortId>\n</connection>\n</connections>\n<params>\n<theObjects>\n<![CDATA[router,235,380|router,152,203|linuxpc,187,279]]></theObjects>\n<theConnections>\n<![CDATA[290,435,290,456|122,455,291,455|122,215,122,456|122,215,143,215[*]260,440,260,461|251,460,261,460|251,254,251,461|242,254,252,254|242,254,242,275]]></theConnections>\n</params>\n</drawing>\n","N");
INSERT INTO ez_topology VALUES("122","ngin_topo2009","2009-12-04 18:42:59","53","","","<?xml version=\"1.0\" encoding=\"ISO-8859-1\"?>\n<drawing>\n<objects>\n<object>\n<type>router</type>\n<id>e26Wt8a72JAw8bNB4UyOtlFUJ64vevko</id>\n<xpos>68</xpos>\n<ypos>198</ypos>\n<devicename><![CDATA[ab ]]></devicename>\n<devicetype><![CDATA[router]]></devicetype>\n<noofports><![CDATA[1]]></noofports>\n<devclicmds><![CDATA[]]></devclicmds>\n<ports>\n<item>\n<portno><![CDATA[sd]]></portno>\n<porttype><![CDATA[d]]></porttype>\n</item>\n</ports>\n</object>\n<object>\n<type>linuxpc</type>\n<id>fx0Oyrw02DLH2NGTA0mBD3gD2TpMfTdQ</id>\n<xpos>202</xpos>\n<ypos>204</ypos>\n<devicename><![CDATA[aa]]></devicename>\n<devicetype><![CDATA[linuxpc]]></devicetype>\n<noofports><![CDATA[1]]></noofports>\n<devclicmds><![CDATA[]]></devclicmds>\n<ports>\n<item>\n<portno><![CDATA[ss]]></portno>\n<porttype><![CDATA[ss]]></porttype>\n</item>\n</ports>\n</object>\n<object>\n<type>windowspc</type>\n<id>tbtklvJ2Io6X1Tb4DIfaHvVQ22u4I9O5</id>\n<xpos>342</xpos>\n<ypos>205</ypos>\n<devicename><![CDATA[abcd]]></devicename>\n<devicetype><![CDATA[windowspc]]></devicetype>\n<noofports><![CDATA[1]]></noofports>\n<devclicmds><![CDATA[]]></devclicmds>\n<ports>\n<item>\n<portno><![CDATA[sd]]></portno>\n<porttype><![CDATA[fd]]></porttype>\n</item>\n</ports>\n</object>\n<object>\n<type>server</type>\n<id>zVQcuS7Ft2daTBlOCGz4OgRR3QJzkVQD</id>\n<xpos>486</xpos>\n<ypos>218</ypos>\n<devicename><![CDATA[aacc]]></devicename>\n<devicetype><![CDATA[server]]></devicetype>\n<noofports><![CDATA[1]]></noofports>\n<devclicmds><![CDATA[]]></devclicmds>\n<ports>\n<item>\n<portno><![CDATA[fc]]></portno>\n<porttype><![CDATA[fc]]></porttype>\n</item>\n</ports>\n</object>\n<object>\n<type>hub</type>\n<id>14UAZF5eGUTd5BcCfNpPze1TtbyoFW4P</id>\n<xpos>621</xpos>\n<ypos>215</ypos>\n<devicename><![CDATA[ss]]></devicename>\n<devicetype><![CDATA[hub]]></devicetype>\n<noofports><![CDATA[1]]></noofports>\n<devclicmds><![CDATA[]]></devclicmds>\n<ports>\n<item>\n<portno><![CDATA[ss]]></portno>\n<porttype><![CDATA[s]]></porttype>\n</item>\n</ports>\n</object>\n<object>\n<type>wireless</type>\n<id>2Fa5qWBSnHvFHePd80HsoUwyR2UW5Glc</id>\n<xpos>756</xpos>\n<ypos>213</ypos>\n<devicename><![CDATA[ee]]></devicename>\n<devicetype><![CDATA[wireless]]></devicetype>\n<noofports><![CDATA[1]]></noofports>\n<devclicmds><![CDATA[]]></devclicmds>\n<ports>\n<item>\n<portno><![CDATA[ee]]></portno>\n<porttype><![CDATA[eee]]></porttype>\n</item>\n</ports>\n</object>\n<object>\n<type>ixia</type>\n<id>0MXdZvhXKGuKlbSBQxfeJwsr7ZQDntdT</id>\n<xpos>891</xpos>\n<ypos>211</ypos>\n<devicename><![CDATA[aac]]></devicename>\n<devicetype><![CDATA[ixia]]></devicetype>\n<noofports><![CDATA[1]]></noofports>\n<devclicmds><![CDATA[]]></devclicmds>\n<ports>\n<item>\n<portno><![CDATA[sdf]]></portno>\n<porttype><![CDATA[dfd]]></porttype>\n</item>\n</ports>\n</object>\n</objects>\n<connections>\n<connection>\n<sourceId>e26Wt8a72JAw8bNB4UyOtlFUJ64vevko</sourceId>\n<sourcePortId>outputPort2</sourcePortId>\n<targetId>fx0Oyrw02DLH2NGTA0mBD3gD2TpMfTdQ</targetId>\n<targetPortId>inputPort10</targetPortId>\n</connection>\n<connection>\n<sourceId>tbtklvJ2Io6X1Tb4DIfaHvVQ22u4I9O5</sourceId>\n<sourcePortId>inputPort10</sourcePortId>\n<targetId>fx0Oyrw02DLH2NGTA0mBD3gD2TpMfTdQ</targetId>\n<targetPortId>inputPort2</targetPortId>\n</connection>\n<connection>\n<sourceId>zVQcuS7Ft2daTBlOCGz4OgRR3QJzkVQD</sourceId>\n<sourcePortId>inputPort10</sourcePortId>\n<targetId>tbtklvJ2Io6X1Tb4DIfaHvVQ22u4I9O5</targetId>\n<targetPortId>inputPort2</targetPortId>\n</connection>\n<connection>\n<sourceId>14UAZF5eGUTd5BcCfNpPze1TtbyoFW4P</sourceId>\n<sourcePortId>inputPort9</sourcePortId>\n<targetId>zVQcuS7Ft2daTBlOCGz4OgRR3QJzkVQD</targetId>\n<targetPortId>inputPort2</targetPortId>\n</connection>\n<connection>\n<sourceId>2Fa5qWBSnHvFHePd80HsoUwyR2UW5Glc</sourceId>\n<sourcePortId>inputPort9</sourcePortId>\n<targetId>14UAZF5eGUTd5BcCfNpPze1TtbyoFW4P</targetId>\n<targetPortId>inputPort2</targetPortId>\n</connection>\n<connection>\n<sourceId>0MXdZvhXKGuKlbSBQxfeJwsr7ZQDntdT</sourceId>\n<sourcePortId>inputPort9</sourcePortId>\n<targetId>2Fa5qWBSnHvFHePd80HsoUwyR2UW5Glc</targetId>\n<targetPortId>inputPort2</targetPortId>\n</connection>\n</connections>\n<params>\n<theObjects>\n<![CDATA[router,68,198|linuxpc,202,204|windowspc,342,205|server,486,218|hub,621,215|wireless,756,213|ixia,891,211]]></theObjects>\n<theConnections>\n<![CDATA[128,223,161,223|160,223,160,230|160,229,193,229[*]297,230,333,230|297,229,297,231|262,229,298,229[*]439,243,477,243|439,230,439,244|402,230,440,230[*]578,252,612,252|578,243,578,253|546,243,579,243[*]713,250,747,250|713,240,713,251|681,240,714,240[*]848,248,882,248|848,238,848,249|816,238,849,238]]></theConnections>\n</params>\n</drawing>\n","N");
INSERT INTO ez_topology VALUES("123","test__topology","2009-12-04 18:42:59","53","","","<?xml version=\"1.0\" encoding=\"ISO-8859-1\"?>\n<drawing>\n<objects>\n<object>\n<type>router</type>\n<id>8vATVUlrbDASMXCo9WhLKNcgvtksv1hH</id>\n<xpos>366</xpos>\n<ypos>91</ypos>\n<devicename><![CDATA[sdfs]]></devicename>\n<devicetype><![CDATA[router]]></devicetype>\n<noofports><![CDATA[1]]></noofports>\n<devclicmds><![CDATA[]]></devclicmds>\n<ports>\n<item>\n<portno><![CDATA[sdf]]></portno>\n<porttype><![CDATA[sdf]]></porttype>\n</item>\n</ports>\n</object>\n</objects>\n<connections>\n</connections>\n</drawing>\n","N");
INSERT INTO ez_topology VALUES("124","eztest_topo","2009-12-04 18:42:59","53","","","<?xml version=\"1.0\" encoding=\"ISO-8859-1\"?>\n<drawing>\n<objects>\n<object>\n<type>router</type>\n<id>Kd7pO9ugLzWZoMW74dytl9MptyMcLhk7</id>\n<xpos>256</xpos>\n<ypos>111</ypos>\n<devicename><![CDATA[dfsd]]></devicename>\n<devicetype><![CDATA[router]]></devicetype>\n<noofports><![CDATA[1]]></noofports>\n<devclicmds><![CDATA[]]></devclicmds>\n<ports>\n<item>\n<portno><![CDATA[sdf]]></portno>\n<porttype><![CDATA[dfsdf]]></porttype>\n</item>\n</ports>\n</object>\n</objects>\n<connections>\n</connections>\n</drawing>\n","N");
INSERT INTO ez_topology VALUES("125","zzfff","2009-12-04 18:42:59","53","","","<?xml version=\"1.0\" encoding=\"ISO-8859-1\"?>\n<drawing>\n<objects>\n<object>\n<type>router</type>\n<id>H8hJOl87wG8xNI2PhTaenlLqGTUGyQGa</id>\n<xpos>195</xpos>\n<ypos>125</ypos>\n<devicename><![CDATA[sdfsdf]]></devicename>\n<devicetype><![CDATA[router]]></devicetype>\n<noofports><![CDATA[1]]></noofports>\n<devclicmds><![CDATA[]]></devclicmds>\n<ports>\n<item>\n<portno><![CDATA[sdf]]></portno>\n<porttype><![CDATA[dsfsdf]]></porttype>\n</item>\n</ports>\n</object>\n</objects>\n<connections>\n</connections>\n</drawing>\n","N");
INSERT INTO ez_topology VALUES("126","ngin_topo2","2009-12-04 18:42:59","53","","","<?xml version=\"1.0\" encoding=\"ISO-8859-1\"?>\n<drawing>\n<objects>\n<object>\n<type>router</type>\n<id>sVhyo0WiubLFZ2CaxU2Jq3es3JXSsBtO</id>\n<xpos>677</xpos>\n<ypos>61</ypos>\n<devicename><![CDATA[rout]]></devicename>\n<devicetype><![CDATA[router]]></devicetype>\n<noofports><![CDATA[1]]></noofports>\n<devclicmds><![CDATA[]]></devclicmds>\n<ports>\n<item>\n<portno><![CDATA[sdf]]></portno>\n<porttype><![CDATA[sdf]]></porttype>\n</item>\n</ports>\n</object>\n<object>\n<type>router</type>\n<id>iAGHHZPRAu8xqQLeTITWPGbWnQXbXmgF</id>\n<xpos>660</xpos>\n<ypos>369</ypos>\n<devicename><![CDATA[sdsdd]]></devicename>\n<devicetype><![CDATA[router]]></devicetype>\n<noofports><![CDATA[1]]></noofports>\n<devclicmds><![CDATA[]]></devclicmds>\n<ports>\n<item>\n<portno><![CDATA[d]]></portno>\n<porttype><![CDATA[d]]></porttype>\n</item>\n</ports>\n</object>\n</objects>\n<connections>\n<connection>\n<sourceId>sVhyo0WiubLFZ2CaxU2Jq3es3JXSsBtO</sourceId>\n<sourcePortId>outputPort4</sourcePortId>\n<targetId>iAGHHZPRAu8xqQLeTITWPGbWnQXbXmgF</targetId>\n<targetPortId>outputPort11</targetPortId>\n</connection>\n</connections>\n<params>\n<theObjects>\n<![CDATA[router,677,61|router,660,369]]></theObjects>\n<theConnections>\n<![CDATA[732,116,732,249|630,248,733,248|630,248,630,382|630,381,651,381]]></theConnections>\n</params>\n</drawing>\n","N");
INSERT INTO ez_topology VALUES("127","a","2009-12-04 18:42:59","53","","","<?xml version=\"1.0\" encoding=\"ISO-8859-1\"?>\n<drawing>\n<objects>\n<object>\n<type>router</type>\n<id>ZE1CJ59HkfgqEEexzSairOTCPyrZlAJg</id>\n<xpos>181</xpos>\n<ypos>111</ypos>\n<devicename><![CDATA[a]]></devicename>\n<devicetype><![CDATA[router]]></devicetype>\n<noofports><![CDATA[1]]></noofports>\n<devclicmds><![CDATA[]]></devclicmds>\n<ports>\n<item>\n<portno><![CDATA[a]]></portno>\n<porttype><![CDATA[a]]></porttype>\n</item>\n</ports>\n</object>\n</objects>\n<connections>\n</connections>\n</drawing>\n","N");
INSERT INTO ez_topology VALUES("128","test25996633","2009-12-04 18:42:59","53","","","<?xml version=\"1.0\" encoding=\"ISO-8859-1\"?>\n<drawing>\n<objects>\n<object>\n<type>router</type>\n<id>pNtk1XT2Tdgs05xo1We2Vu4FtrhiNmDt</id>\n<xpos>436</xpos>\n<ypos>98</ypos>\n<devicename><![CDATA[sdfsdfsdf]]></devicename>\n<devicetype><![CDATA[router]]></devicetype>\n<noofports><![CDATA[1]]></noofports>\n<devclicmds><![CDATA[]]></devclicmds>\n<ports>\n<item>\n<portno><![CDATA[sdf]]></portno>\n<porttype><![CDATA[dsf]]></porttype>\n</item>\n</ports>\n</object>\n</objects>\n<connections>\n</connections>\n</drawing>\n","N");
INSERT INTO ez_topology VALUES("129","topology","2009-12-04 18:42:59","53","","","helow","N");
INSERT INTO ez_topology VALUES("130","test20000000009","2009-12-04 18:42:59","53","","","<?xml version=\"1.0\" encoding=\"ISO-8859-1\"?>\n<drawing>\n<objects>\n<object>\n<type>router</type>\n<id>RUdAcpkr1xigXrxQdmEOKO5Qt3M2UD1l</id>\n<xpos>296</xpos>\n<ypos>127</ypos>\n<devicename><![CDATA[sdsd]]></devicename>\n<devicetype><![CDATA[router]]></devicetype>\n<noofports><![CDATA[1]]></noofports>\n<devclicmds><![CDATA[]]></devclicmds>\n<ports>\n<item>\n<portno><![CDATA[sd]]></portno>\n<porttype><![CDATA[sdsd]]></porttype>\n</item>\n</ports>\n</object>\n<object>\n<type>ixia</type>\n<id>lTDM63xeLm73iJGe8A9phtHBy70vE0Q6</id>\n<xpos>310</xpos>\n<ypos>244</ypos>\n<devicename><![CDATA[sdasda]]></devicename>\n<devicetype><![CDATA[ixia]]></devicetype>\n<noofports><![CDATA[1]]></noofports>\n<devclicmds><![CDATA[]]></devclicmds>\n<ports>\n<item>\n<portno><![CDATA[asdfasdf]]></portno>\n<porttype><![CDATA[sdfsdf]]></porttype>\n</item>\n</ports>\n</object>\n<object>\n<type>wavesat</type>\n<id>V2sdnn4hMX8uRO1QTwCHqZTtwNtRos6n</id>\n<xpos>135</xpos>\n<ypos>176</ypos>\n<devicename><![CDATA[ss]]></devicename>\n<devicetype><![CDATA[wavesat]]></devicetype>\n<noofports><![CDATA[1]]></noofports>\n<devclicmds><![CDATA[]]></devclicmds>\n<ports>\n<item>\n<portno><![CDATA[ss]]></portno>\n<porttype><![CDATA[ss]]></porttype>\n</item>\n</ports>\n</object>\n<object>\n<type>extreme</type>\n<id>so6hzDv6WLyPvZDJ8KZ7zazEAd6JIprZ</id>\n<xpos>448</xpos>\n<ypos>178</ypos>\n<devicename><![CDATA[sdfdsaa]]></devicename>\n<devicetype><![CDATA[extreme]]></devicetype>\n<noofports><![CDATA[1]]></noofports>\n<devclicmds><![CDATA[]]></devclicmds>\n<ports>\n<item>\n<portno><![CDATA[ss]]></portno>\n<porttype><![CDATA[dfdf]]></porttype>\n</item>\n</ports>\n</object>\n</objects>\n<connections>\n<connection>\n<sourceId>RUdAcpkr1xigXrxQdmEOKO5Qt3M2UD1l</sourceId>\n<sourcePortId>outputPort9</sourcePortId>\n<targetId>V2sdnn4hMX8uRO1QTwCHqZTtwNtRos6n</targetId>\n<targetPortId>inputPort1</targetPortId>\n</connection>\n<connection>\n<sourceId>lTDM63xeLm73iJGe8A9phtHBy70vE0Q6</sourceId>\n<sourcePortId>inputPort9</sourcePortId>\n<targetId>V2sdnn4hMX8uRO1QTwCHqZTtwNtRos6n</targetId>\n<targetPortId>inputPort6</targetPortId>\n</connection>\n<connection>\n<sourceId>so6hzDv6WLyPvZDJ8KZ7zazEAd6JIprZ</sourceId>\n<sourcePortId>outputPort5</sourcePortId>\n<targetId>lTDM63xeLm73iJGe8A9phtHBy70vE0Q6</targetId>\n<targetPortId>inputPort3</targetPortId>\n</connection>\n<connection>\n<sourceId>RUdAcpkr1xigXrxQdmEOKO5Qt3M2UD1l</sourceId>\n<sourcePortId>outputPort2</sourcePortId>\n<targetId>so6hzDv6WLyPvZDJ8KZ7zazEAd6JIprZ</targetId>\n<targetPortId>outputPort13</targetPortId>\n</connection>\n</connections>\n<params>\n<theObjects>\n<![CDATA[router,296,127|ixia,310,244|wavesat,135,176|extreme,448,178]]></theObjects>\n<theConnections>\n<![CDATA[240,164,287,164|240,164,240,189|195,188,241,188[*]160,281,301,281|160,236,160,282[*]485,238,485,282|370,281,486,281[*]356,152,461,152|460,152,460,169]]></theConnections>\n</params>\n</drawing>\n","N");
INSERT INTO ez_topology VALUES("131","sszs","2009-12-04 18:42:59","53","","","<?xml version=\"1.0\" encoding=\"ISO-8859-1\"?>\n<drawing>\n<objects>\n<object>\n<type>router</type>\n<id>DMQh5EhDpURoeWINcM2e83DPrmhAnTxZ</id>\n<xpos>351</xpos>\n<ypos>140</ypos>\n<devicename><![CDATA[ddd]]></devicename>\n<devicetype><![CDATA[router]]></devicetype>\n<noofports><![CDATA[1]]></noofports>\n<devclicmds><![CDATA[]]></devclicmds>\n<ports>\n<item>\n<portno><![CDATA[ddd]]></portno>\n<porttype><![CDATA[dddddd]]></porttype>\n</item>\n</ports>\n</object>\n<object>\n<type>router</type>\n<id>1y8F6ycHSiTvSG6yFV3FaVxTKX5W3T1k</id>\n<xpos>252</xpos>\n<ypos>123</ypos>\n<devicename><![CDATA[sss]]></devicename>\n<devicetype><![CDATA[router]]></devicetype>\n<noofports><![CDATA[1]]></noofports>\n<devclicmds><![CDATA[]]></devclicmds>\n<ports>\n<item>\n<portno><![CDATA[ss]]></portno>\n<porttype><![CDATA[ss]]></porttype>\n</item>\n</ports>\n</object>\n</objects>\n<connections>\n</connections>\n</drawing>\n","N");
INSERT INTO ez_topology VALUES("132","axx","2009-12-04 18:42:59","53","","","<?xml version=\"1.0\" encoding=\"ISO-8859-1\"?>\n<drawing>\n<objects>\n<object>\n<type>router</type>\n<id>Z35sN7hG9pa06MTy3MSan7deq195gdRq</id>\n<xpos>462</xpos>\n<ypos>182</ypos>\n<devicename><![CDATA[testr]]></devicename>\n<devicetype><![CDATA[router]]></devicetype>\n<noofports><![CDATA[1]]></noofports>\n<devclicmds><![CDATA[]]></devclicmds>\n<ports>\n<item>\n<portno><![CDATA[fdg]]></portno>\n<porttype><![CDATA[fdfg]]></porttype>\n</item>\n</ports>\n</object>\n<object>\n<type>extreme</type>\n<id>hdu1HxW1r6fpJkM1hm0aFJhIZVeUW0oS</id>\n<xpos>324</xpos>\n<ypos>271</ypos>\n<ports>\n</ports>\n</object>\n</objects>\n<connections>\n</connections>\n</drawing>\n","N");
INSERT INTO ez_topology VALUES("133","ddddddfddddddd","2009-12-04 18:44:56","53","","","<?xml version=\"1.0\" encoding=\"ISO-8859-1\"?>\n<drawing>\n<objects>\n<object>\n<type>router</type>\n<id>Kd7pO9ugLzWZoMW74dytl9MptyMcLhk7</id>\n<xpos>256</xpos>\n<ypos>111</ypos>\n<devicename><![CDATA[dfsd]]></devicename>\n<devicetype><![CDATA[router]]></devicetype>\n<noofports><![CDATA[1]]></noofports>\n<devclicmds><![CDATA[]]></devclicmds>\n<ports>\n<item>\n<portno><![CDATA[sdf]]></portno>\n<porttype><![CDATA[dfsdf]]></porttype>\n</item>\n</ports>\n</object>\n</objects>\n<connections>\n</connections>\n</drawing>\n","N");
INSERT INTO ez_topology VALUES("134","qqww","2009-12-04 18:44:56","53","","","<?xml version=\"1.0\" encoding=\"ISO-8859-1\"?>\n<drawing>\n<objects>\n<object>\n<type>router</type>\n<id>SwbinCQ2tSZ7POXbNKwMQKpZDmI2q0ah</id>\n<xpos>292</xpos>\n<ypos>172</ypos>\n<devicename><![CDATA[zxcdd11111111111111111118833333333]]></devicename>\n<devicetype><![CDATA[router]]></devicetype>\n<noofports><![CDATA[1]]></noofports>\n<devclicmds><![CDATA[]]></devclicmds>\n<ports>\n<item>\n<portno><![CDATA[dfd]]></portno>\n<porttype><![CDATA[df]]></porttype>\n</item>\n</ports>\n</object>\n</objects>\n<connections>\n</connections>\n</drawing>\n","N");
INSERT INTO ez_topology VALUES("135","ttttttttttt","2009-12-04 18:44:56","53","","","<?xml version=\"1.0\" encoding=\"ISO-8859-1\"?>\n<drawing>\n<objects>\n<object>\n<type>router</type>\n<id>CVulbAJpfH3c5Uk20gBlCt27Ba5ds50S</id>\n<xpos>291</xpos>\n<ypos>134</ypos>\n<devicename><![CDATA[sdfsdf]]></devicename>\n<devicetype><![CDATA[router]]></devicetype>\n<noofports><![CDATA[1]]></noofports>\n<devclicmds><![CDATA[]]></devclicmds>\n<ports>\n<item>\n<portno><![CDATA[sdf]]></portno>\n<porttype><![CDATA[sdf]]></porttype>\n</item>\n</ports>\n</object>\n</objects>\n<connections>\n</connections>\n</drawing>\n","N");
INSERT INTO ez_topology VALUES("136","dtd","2009-12-04 18:44:56","53","","","<?xml version=\"1.0\" encoding=\"ISO-8859-1\"?>\n<drawing>\n<objects>\n<object>\n<type>router</type>\n<id>c3kfco8G29mfMOdePyUIhp7TKZGwALku</id>\n<xpos>249</xpos>\n<ypos>136</ypos>\n<devicename><![CDATA[fgfg]]></devicename>\n<devicetype><![CDATA[router]]></devicetype>\n<noofports><![CDATA[1]]></noofports>\n<devclicmds><![CDATA[]]></devclicmds>\n<ports>\n<item>\n<portno><![CDATA[dfg]]></portno>\n<porttype><![CDATA[fgdfg]]></porttype>\n</item>\n</ports>\n</object>\n</objects>\n<connections>\n</connections>\n</drawing>\n","N");
INSERT INTO ez_topology VALUES("137","f","2009-12-04 18:44:56","53","","","<?xml version=\"1.0\" encoding=\"ISO-8859-1\"?>\n<drawing>\n<objects>\n<object>\n<type>router</type>\n<id>603aQEKp6JBKqyffggu6Il3kmZCCcau3</id>\n<xpos>327</xpos>\n<ypos>145</ypos>\n<devicename><![CDATA[sdf]]></devicename>\n<devicetype><![CDATA[router]]></devicetype>\n<noofports><![CDATA[1]]></noofports>\n<devclicmds><![CDATA[]]></devclicmds>\n<ports>\n<item>\n<portno><![CDATA[dsf]]></portno>\n<porttype><![CDATA[ffd]]></porttype>\n</item>\n</ports>\n</object>\n<object>\n<type>linuxpc</type>\n<id>uouVCe17C0bVLbhrW6ByTGwPNNU9OPNg</id>\n<xpos>450</xpos>\n<ypos>146</ypos>\n<devicename><![CDATA[dsf]]></devicename>\n<devicetype><![CDATA[linuxpc]]></devicetype>\n<noofports><![CDATA[1]]></noofports>\n<devclicmds><![CDATA[]]></devclicmds>\n<ports>\n<item>\n<portno><![CDATA[dsf]]></portno>\n<porttype><![CDATA[df]]></porttype>\n</item>\n</ports>\n</object>\n</objects>\n<connections>\n<connection>\n<sourceId>603aQEKp6JBKqyffggu6Il3kmZCCcau3</sourceId>\n<sourcePortId>outputPort4</sourcePortId>\n<targetId>uouVCe17C0bVLbhrW6ByTGwPNNU9OPNg</targetId>\n<targetPortId>inputPort11</targetPortId>\n</connection>\n</connections>\n<params>\n<theObjects>\nrouter,327,145|linuxpc,450,146</theObjects>\n<theConnections>\n382,200,382,221|382,220,412,220|411,158,411,221|411,158,441,158</theConnections>\n<params>\n</drawing>\n","N");
INSERT INTO ez_topology VALUES("138","test_topo_","2009-12-04 18:44:56","53","","","<?xml version=\"1.0\" encoding=\"ISO-8859-1\"?>\n<drawing>\n<objects>\n<object>\n<type>router</type>\n<id>9HeoCkmyzQdcAUvURDWu24GgGs4mrCdv</id>\n<xpos>341</xpos>\n<ypos>118</ypos>\n<devicename><![CDATA[ff]]></devicename>\n<devicetype><![CDATA[router]]></devicetype>\n<noofports><![CDATA[1]]></noofports>\n<devclicmds><![CDATA[]]></devclicmds>\n<ports>\n<item>\n<portno><![CDATA[f]]></portno>\n<porttype><![CDATA[f]]></porttype>\n</item>\n</ports>\n</object>\n</objects>\n<connections>\n</connections>\n</drawing>\n","N");
INSERT INTO ez_topology VALUES("139","__f","2009-12-04 18:44:56","53","","","<?xml version=\"1.0\" encoding=\"ISO-8859-1\"?>\n<drawing>\n<objects>\n<object>\n<type>router</type>\n<id>EWkGpLBKIHOHhPRT18MUc5AbAeQhp0BX</id>\n<xpos>257</xpos>\n<ypos>132</ypos>\n<devicename><![CDATA[sd]]></devicename>\n<devicetype><![CDATA[router]]></devicetype>\n<noofports><![CDATA[1]]></noofports>\n<devclicmds><![CDATA[]]></devclicmds>\n<ports>\n<item>\n<portno><![CDATA[s]]></portno>\n<porttype><![CDATA[s]]></porttype>\n</item>\n</ports>\n</object>\n<object>\n<type>windowspc</type>\n<id>LucvECMZlESG6uWFNa0TkLXwGJrGiJMw</id>\n<xpos>456</xpos>\n<ypos>121</ypos>\n<devicename><![CDATA[sdww]]></devicename>\n<devicetype><![CDATA[windowspc]]></devicetype>\n<noofports><![CDATA[1]]></noofports>\n<devclicmds><![CDATA[]]></devclicmds>\n<ports>\n<item>\n<portno><![CDATA[s]]></portno>\n<porttype><![CDATA[s]]></porttype>\n</item>\n</ports>\n</object>\n<object>\n<type>router</type>\n<id>puNGu9KWT8gTNamV0Sn1ComHo9OuH11X</id>\n<xpos>392</xpos>\n<ypos>284</ypos>\n<devicename><![CDATA[deawd]]></devicename>\n<devicetype><![CDATA[router]]></devicetype>\n<noofports><![CDATA[1]]></noofports>\n<devclicmds><![CDATA[]]></devclicmds>\n<ports>\n<item>\n<portno><![CDATA[asd]]></portno>\n<porttype><![CDATA[sd]]></porttype>\n</item>\n</ports>\n</object>\n</objects>\n<connections>\n<connection>\n<sourceId>EWkGpLBKIHOHhPRT18MUc5AbAeQhp0BX</sourceId>\n<sourcePortId>outputPort6</sourcePortId>\n<targetId>puNGu9KWT8gTNamV0Sn1ComHo9OuH11X</targetId>\n<targetPortId>outputPort9</targetPortId>\n</connection>\n<connection>\n<sourceId>EWkGpLBKIHOHhPRT18MUc5AbAeQhp0BX</sourceId>\n<sourcePortId>outputPort1</sourcePortId>\n<targetId>LucvECMZlESG6uWFNa0TkLXwGJrGiJMw</targetId>\n<targetPortId>inputPort9</targetPortId>\n</connection>\n<connection>\n<sourceId>puNGu9KWT8gTNamV0Sn1ComHo9OuH11X</sourceId>\n<sourcePortId>outputPort2</sourcePortId>\n<targetId>LucvECMZlESG6uWFNa0TkLXwGJrGiJMw</targetId>\n<targetPortId>inputPort5</targetPortId>\n</connection>\n</connections>\n<params>\n<theObjects>\nrouter,257,132|windowspc,456,121|router,392,284</theObjects>\n<theConnections>\n282,192,282,322|282,321,383,321[*]317,144,382,144|381,144,381,159|381,158,447,158[*]452,309,494,309|493,181,493,310</theConnections>\n<params>\n</drawing>\n","N");
INSERT INTO ez_topology VALUES("140","dfdf","2009-12-04 18:44:56","53","","","<?xml version=\"1.0\" encoding=\"ISO-8859-1\"?>\n<drawing>\n<objects>\n<object>\n<type>router</type>\n<id>dgSoKTGUtZyhkLZFlLnUPMz4BTbLNVco</id>\n<xpos>377</xpos>\n<ypos>200</ypos>\n<devicename><![CDATA[router123]]></devicename>\n<devicetype><![CDATA[router]]></devicetype>\n<noofports><![CDATA[1]]></noofports>\n<devclicmds><![CDATA[]]></devclicmds>\n<ports>\n<item>\n<portno><![CDATA[dd]]></portno>\n<porttype><![CDATA[dd]]></porttype>\n</item>\n</ports>\n</object>\n</objects>\n<connections>\n</connections>\n</drawing>\n","N");
INSERT INTO ez_topology VALUES("141","xcvxc","2009-12-04 18:44:56","53","","","<?xml version=\"1.0\" encoding=\"ISO-8859-1\"?>\n<drawing>\n<objects>\n<object>\n<type>router</type>\n<id>B74Sm4OmX3sUZ9wlifv9pAKIsAydlRqs</id>\n<xpos>363</xpos>\n<ypos>119</ypos>\n<devicename><![CDATA[tgghgfh]]></devicename>\n<devicetype><![CDATA[router]]></devicetype>\n<noofports><![CDATA[1]]></noofports>\n<devclicmds><![CDATA[]]></devclicmds>\n<ports>\n<item>\n<portno><![CDATA[gfh]]></portno>\n<porttype><![CDATA[gfh]]></porttype>\n</item>\n</ports>\n</object>\n</objects>\n<connections>\n</connections>\n</drawing>\n","N");
INSERT INTO ez_topology VALUES("142","dd","2009-12-04 18:44:56","53","","","<?xml version=\"1.0\" encoding=\"ISO-8859-1\"?>\n<drawing>\n<objects>\n<object>\n<type>router</type>\n<id>WpCtWXefJ6sSbTTNqn5MIbFvHw5mlV8E</id>\n<xpos>438</xpos>\n<ypos>134</ypos>\n<devicename><![CDATA[dfg]]></devicename>\n<devicetype><![CDATA[router]]></devicetype>\n<noofports><![CDATA[1]]></noofports>\n<devclicmds><![CDATA[]]></devclicmds>\n<ports>\n<item>\n<portno><![CDATA[d]]></portno>\n<porttype><![CDATA[d]]></porttype>\n</item>\n</ports>\n</object>\n</objects>\n<connections>\n</connections>\n</drawing>\n","N");
INSERT INTO ez_topology VALUES("143","test_topo_ngin","2009-12-04 18:44:56","53","","","<?xml version=\"1.0\" encoding=\"ISO-8859-1\"?>\n<drawing>\n<objects>\n<object>\n<type>router</type>\n<id>ciA5JeyJF908HFaw2tATPCwL82khrOsW</id>\n<xpos>227</xpos>\n<ypos>122</ypos>\n<devicename><![CDATA[rout1]]></devicename>\n<devicetype><![CDATA[router]]></devicetype>\n<noofports><![CDATA[2]]></noofports>\n<devclicmds><![CDATA[]]></devclicmds>\n<ports>\n<item>\n<portno><![CDATA[rout1pname1]]></portno>\n<porttype><![CDATA[rout1ptype1]]></porttype>\n</item>\n<item>\n<portno><![CDATA[rout1pname2]]></portno>\n<porttype><![CDATA[rout1ptype2]]></porttype>\n</item>\n</ports>\n</object>\n<object>\n<type>router</type>\n<id>GuFsLTyTBtN0sCMqbH7BQpBARzwVnbMb</id>\n<xpos>552</xpos>\n<ypos>127</ypos>\n<devicename><![CDATA[rout2]]></devicename>\n<devicetype><![CDATA[router]]></devicetype>\n<noofports><![CDATA[2]]></noofports>\n<devclicmds><![CDATA[]]></devclicmds>\n<ports>\n<item>\n<portno><![CDATA[rout2pname1]]></portno>\n<porttype><![CDATA[rout2ptype1]]></porttype>\n</item>\n<item>\n<portno><![CDATA[rout2pname2]]></portno>\n<porttype><![CDATA[rout2ptype2]]></porttype>\n</item>\n</ports>\n</object>\n<object>\n<type>router</type>\n<id>3ZTCg3TWIpxTXlGVGExy9BpoLqXgCEnW</id>\n<xpos>388</xpos>\n<ypos>281</ypos>\n<devicename><![CDATA[rout3]]></devicename>\n<devicetype><![CDATA[router]]></devicetype>\n<noofports><![CDATA[2]]></noofports>\n<devclicmds><![CDATA[]]></devclicmds>\n<ports>\n<item>\n<portno><![CDATA[rout3pname1]]></portno>\n<porttype><![CDATA[rout3ptype1]]></porttype>\n</item>\n<item>\n<portno><![CDATA[rout3pname2]]></portno>\n<porttype><![CDATA[rout3ptype2]]></porttype>\n</item>\n</ports>\n</object>\n</objects>\n<connections>\n<connection>\n<sourceId>ciA5JeyJF908HFaw2tATPCwL82khrOsW</sourceId>\n<sourcePortId>outputPort2</sourcePortId>\n<targetId>GuFsLTyTBtN0sCMqbH7BQpBARzwVnbMb</targetId>\n<targetPortId>outputPort9</targetPortId>\n</connection>\n<connection>\n<sourceId>ciA5JeyJF908HFaw2tATPCwL82khrOsW</sourceId>\n<sourcePortId>outputPort6</sourcePortId>\n<targetId>3ZTCg3TWIpxTXlGVGExy9BpoLqXgCEnW</targetId>\n<targetPortId>outputPort9</targetPortId>\n</connection>\n<connection>\n<sourceId>GuFsLTyTBtN0sCMqbH7BQpBARzwVnbMb</sourceId>\n<sourcePortId>outputPort5</sourcePortId>\n<targetId>3ZTCg3TWIpxTXlGVGExy9BpoLqXgCEnW</targetId>\n<targetPortId>outputPort1</targetPortId>\n</connection>\n</connections>\n</drawing>\n","N");
INSERT INTO ez_topology VALUES("144","ssaz","2009-12-04 18:44:56","53","","","<?xml version=\"1.0\" encoding=\"ISO-8859-1\"?>\n<drawing>\n<objects>\n<object>\n<type>router</type>\n<id>SwbinCQ2tSZ7POXbNKwMQKpZDmI2q0ah</id>\n<xpos>415</xpos>\n<ypos>179</ypos>\n<devicename><![CDATA[zxcdd111111111ccc1]]></devicename>\n<devicetype><![CDATA[router]]></devicetype>\n<noofports><![CDATA[1]]></noofports>\n<devclicmds><![CDATA[]]></devclicmds>\n<ports>\n<item>\n<portno><![CDATA[dfd]]></portno>\n<porttype><![CDATA[df]]></porttype>\n</item>\n</ports>\n</object>\n</objects>\n<connections>\n</connections>\n</drawing>\n","N");
INSERT INTO ez_topology VALUES("145","ngin_topology1","2009-12-04 18:44:56","53","","","<?xml version=\"1.0\" encoding=\"ISO-8859-1\"?>\n<drawing>\n<objects>\n<object>\n<type>router</type>\n<id>iAGHHZPRAu8xqQLeTITWPGbWnQXbXmgF</id>\n<xpos>677</xpos>\n<ypos>309</ypos>\n<devicename><![CDATA[sdsdd]]></devicename>\n<devicetype><![CDATA[router]]></devicetype>\n<noofports><![CDATA[1]]></noofports>\n<devclicmds><![CDATA[]]></devclicmds>\n<ports>\n<item>\n<portno><![CDATA[d]]></portno>\n<porttype><![CDATA[d]]></porttype>\n</item>\n</ports>\n</object>\n<object>\n<type>linuxpc</type>\n<id>oUmznx1AUPZEP8fBXMy9qTDLPiQHvTZc</id>\n<xpos>209</xpos>\n<ypos>209</ypos>\n<devicename><![CDATA[sdfss]]></devicename>\n<devicetype><![CDATA[linuxpc]]></devicetype>\n<noofports><![CDATA[2]]></noofports>\n<devclicmds><![CDATA[]]></devclicmds>\n<ports>\n<item>\n<portno><![CDATA[sdf]]></portno>\n<porttype><![CDATA[df]]></porttype>\n</item>\n<item>\n<portno><![CDATA[sdfe]]></portno>\n<porttype><![CDATA[ffe]]></porttype>\n</item>\n</ports>\n</object>\n<object>\n<type>router</type>\n<id>sVhyo0WiubLFZ2CaxU2Jq3es3JXSsBtO</id>\n<xpos>526</xpos>\n<ypos>139</ypos>\n<devicename><![CDATA[rout]]></devicename>\n<devicetype><![CDATA[router]]></devicetype>\n<noofports><![CDATA[1]]></noofports>\n<devclicmds><![CDATA[]]></devclicmds>\n<ports>\n<item>\n<portno><![CDATA[ss]]></portno>\n<porttype><![CDATA[sss]]></porttype>\n</item>\n</ports>\n</object>\n</objects>\n<connections>\n<connection>\n<sourceId>sVhyo0WiubLFZ2CaxU2Jq3es3JXSsBtO</sourceId>\n<sourcePortId>outputPort4</sourcePortId>\n<targetId>iAGHHZPRAu8xqQLeTITWPGbWnQXbXmgF</targetId>\n<targetPortId>outputPort11</targetPortId>\n</connection>\n<connection>\n<sourceId>sVhyo0WiubLFZ2CaxU2Jq3es3JXSsBtO</sourceId>\n<sourcePortId>outputPort9</sourcePortId>\n<targetId>oUmznx1AUPZEP8fBXMy9qTDLPiQHvTZc</targetId>\n<targetPortId>inputPort3</targetPortId>\n</connection>\n</connections>\n<params>\n<theObjects>\n<![CDATA[router,677,309|linuxpc,209,209|router,526,139]]></theObjects>\n<theConnections>\n<![CDATA[581,194,581,322|581,321,668,321[*]392,176,517,176|392,176,392,247|269,246,393,246]]></theConnections>\n</params>\n</drawing>\n","N");
INSERT INTO ez_topology VALUES("146","ax","2009-12-04 18:44:56","53","","","<?xml version=\"1.0\" encoding=\"ISO-8859-1\"?>\n<drawing>\n<objects>\n<object>\n<type>router</type>\n<id>EktovpkP1XVuyyUzvOtu3mcEyWFbzMgg</id>\n<xpos>313</xpos>\n<ypos>108</ypos>\n<devicename><![CDATA[aa]]></devicename>\n<devicetype><![CDATA[router]]></devicetype>\n<noofports><![CDATA[1]]></noofports>\n<devclicmds><![CDATA[]]></devclicmds>\n<ports>\n<item>\n<portno><![CDATA[a]]></portno>\n<porttype><![CDATA[a]]></porttype>\n</item>\n</ports>\n</object>\n</objects>\n<connections>\n</connections>\n</drawing>\n","N");
INSERT INTO ez_topology VALUES("147","sasasaasasasas","2009-12-04 18:44:56","53","","","<?xml version=\"1.0\" encoding=\"ISO-8859-1\"?>\n<drawing>\n<objects>\n<object>\n<type>router</type>\n<id>ZENl8cQSN3gzsbJLu2Fk0q34dcmwfOB4</id>\n<xpos>234</xpos>\n<ypos>149</ypos>\n<devicename><![CDATA[dfdfsdf]]></devicename>\n<devicetype><![CDATA[router]]></devicetype>\n<noofports><![CDATA[1]]></noofports>\n<devclicmds><![CDATA[]]></devclicmds>\n<ports>\n<item>\n<portno><![CDATA[dfsdfd]]></portno>\n<porttype><![CDATA[fsdfsdfsdf]]></porttype>\n</item>\n</ports>\n</object>\n</objects>\n<connections>\n</connections>\n</drawing>\n","N");
INSERT INTO ez_topology VALUES("148","ggg","2009-12-04 18:44:56","53","","","<?xml version=\"1.0\" encoding=\"ISO-8859-1\"?>\n<drawing>\n<objects>\n<object>\n<type>router</type>\n<id>sOknOElAxQIMPwsAEZnmZTP4dzyUdADd</id>\n<xpos>266</xpos>\n<ypos>116</ypos>\n<devicename><![CDATA[asd]]></devicename>\n<devicetype><![CDATA[router]]></devicetype>\n<noofports><![CDATA[1]]></noofports>\n<devclicmds><![CDATA[]]></devclicmds>\n<ports>\n<item>\n<portno><![CDATA[asdas]]></portno>\n<porttype><![CDATA[d]]></porttype>\n</item>\n</ports>\n</object>\n</objects>\n<connections>\n</connections>\n</drawing>\n","N");
INSERT INTO ez_topology VALUES("149","testtopology2006","2009-12-04 18:44:56","53","","","<?xml version=\"1.0\" encoding=\"ISO-8859-1\"?>\n<drawing>\n<objects>\n<object>\n<type>router</type>\n<id>Po41TLSyhsId5zTEEQmtP9OyGhSUDTaV</id>\n<xpos>325</xpos>\n<ypos>132</ypos>\n<devicename><![CDATA[dfdf]]></devicename>\n<devicetype><![CDATA[router]]></devicetype>\n<noofports><![CDATA[1]]></noofports>\n<devclicmds><![CDATA[]]></devclicmds>\n<ports>\n<item>\n<portno><![CDATA[sdf]]></portno>\n<porttype><![CDATA[sdf]]></porttype>\n</item>\n</ports>\n</object>\n</objects>\n<connections>\n</connections>\n</drawing>\n","N");
INSERT INTO ez_topology VALUES("150","dxxxx","2009-12-04 18:44:56","53","","","<?xml version=\"1.0\" encoding=\"ISO-8859-1\"?>\n<drawing>\n<objects>\n<object>\n<type>router</type>\n<id>S7ycmvGrdyFszVrIqNQCXlTUtJC1wNGI</id>\n<xpos>237</xpos>\n<ypos>127</ypos>\n<devicename><![CDATA[dddf]]></devicename>\n<devicetype><![CDATA[router]]></devicetype>\n<noofports><![CDATA[1]]></noofports>\n<devclicmds><![CDATA[]]></devclicmds>\n<ports>\n<item>\n<portno><![CDATA[dfg]]></portno>\n<porttype><![CDATA[gf]]></porttype>\n</item>\n</ports>\n</object>\n</objects>\n<connections>\n</connections>\n</drawing>\n","N");
INSERT INTO ez_topology VALUES("151","zzff","2009-12-04 18:44:56","53","","","<?xml version=\"1.0\" encoding=\"ISO-8859-1\"?>\n<drawing>\n<objects>\n<object>\n<type>router</type>\n<id>SwbinCQ2tSZ7POXbNKwMQKpZDmI2q0ah</id>\n<xpos>291</xpos>\n<ypos>171</ypos>\n<devicename><![CDATA[zxcdd]]></devicename>\n<devicetype><![CDATA[router]]></devicetype>\n<noofports><![CDATA[1]]></noofports>\n<devclicmds><![CDATA[]]></devclicmds>\n<ports>\n<item>\n<portno><![CDATA[dfd]]></portno>\n<porttype><![CDATA[df]]></porttype>\n</item>\n</ports>\n</object>\n</objects>\n<connections>\n</connections>\n</drawing>\n","N");
INSERT INTO ez_topology VALUES("152","zzzzzzzzzzz","2009-12-04 18:44:56","53","","","<?xml version=\"1.0\" encoding=\"ISO-8859-1\"?>\n<drawing>\n<objects>\n<object>\n<type>router</type>\n<id>CVulbAJpfH3c5Uk20gBlCt27Ba5ds50S</id>\n<xpos>291</xpos>\n<ypos>134</ypos>\n<devicename><![CDATA[sdfsdf]]></devicename>\n<devicetype><![CDATA[router]]></devicetype>\n<noofports><![CDATA[1]]></noofports>\n<devclicmds><![CDATA[]]></devclicmds>\n<ports>\n<item>\n<portno><![CDATA[sdf]]></portno>\n<porttype><![CDATA[sdf]]></porttype>\n</item>\n</ports>\n</object>\n</objects>\n<connections>\n</connections>\n</drawing>\n","N");
INSERT INTO ez_topology VALUES("153","_f","2009-12-04 18:44:56","53","","","<?xml version=\"1.0\" encoding=\"ISO-8859-1\"?>\n<drawing>\n<objects>\n<object>\n<type>router</type>\n<id>EktovpkP1XVuyyUzvOtu3mcEyWFbzMgg</id>\n<xpos>315</xpos>\n<ypos>110</ypos>\n<devicename><![CDATA[aa]]></devicename>\n<devicetype><![CDATA[router]]></devicetype>\n<noofports><![CDATA[1]]></noofports>\n<devclicmds><![CDATA[]]></devclicmds>\n<ports>\n<item>\n<portno><![CDATA[a]]></portno>\n<porttype><![CDATA[a]]></porttype>\n</item>\n</ports>\n</object>\n</objects>\n<connections>\n</connections>\n<params>\n<theObjects>\nrouter,315,110</theObjects>\n<theConnections>\n\n</theConnections>\n<params>\n</drawing>\n","N");
INSERT INTO ez_topology VALUES("154","nginTopo","2009-12-04 18:44:56","53","","","<?xml version=\"1.0\" encoding=\"ISO-8859-1\"?>\n<drawing>\n<objects>\n<object>\n<type>router</type>\n<id>sVhyo0WiubLFZ2CaxU2Jq3es3JXSsBtO</id>\n<xpos>235</xpos>\n<ypos>380</ypos>\n<devicename><![CDATA[routdfsdf]]></devicename>\n<devicetype><![CDATA[router]]></devicetype>\n<noofports><![CDATA[1]]></noofports>\n<devclicmds><![CDATA[]]></devclicmds>\n<ports>\n<item>\n<portno><![CDATA[sdf]]></portno>\n<porttype><![CDATA[sdf]]></porttype>\n</item>\n</ports>\n</object>\n<object>\n<type>router</type>\n<id>iAGHHZPRAu8xqQLeTITWPGbWnQXbXmgF</id>\n<xpos>152</xpos>\n<ypos>203</ypos>\n<devicename><![CDATA[sdsdd]]></devicename>\n<devicetype><![CDATA[router]]></devicetype>\n<noofports><![CDATA[1]]></noofports>\n<devclicmds><![CDATA[]]></devclicmds>\n<ports>\n<item>\n<portno><![CDATA[d]]></portno>\n<porttype><![CDATA[d]]></porttype>\n</item>\n</ports>\n</object>\n<object>\n<type>linuxpc</type>\n<id>lwOZHm3ydHLxX1ddEXARnPPmGepchaXC</id>\n<xpos>187</xpos>\n<ypos>279</ypos>\n<devicename><![CDATA[kjk]]></devicename>\n<devicetype><![CDATA[linuxpc]]></devicetype>\n<noofports><![CDATA[1]]></noofports>\n<devclicmds><![CDATA[]]></devclicmds>\n<ports>\n<item>\n<portno><![CDATA[gjh]]></portno>\n<porttype><![CDATA[gj]]></porttype>\n</item>\n</ports>\n</object>\n</objects>\n<connections>\n<connection>\n<sourceId>sVhyo0WiubLFZ2CaxU2Jq3es3JXSsBtO</sourceId>\n<sourcePortId>outputPort4</sourcePortId>\n<targetId>iAGHHZPRAu8xqQLeTITWPGbWnQXbXmgF</targetId>\n<targetPortId>outputPort11</targetPortId>\n</connection>\n<connection>\n<sourceId>sVhyo0WiubLFZ2CaxU2Jq3es3JXSsBtO</sourceId>\n<sourcePortId>outputPort6</sourcePortId>\n<targetId>lwOZHm3ydHLxX1ddEXARnPPmGepchaXC</targetId>\n<targetPortId>inputPort</targetPortId>\n</connection>\n</connections>\n<params>\n<theObjects>\n<![CDATA[router,235,380|router,152,203|linuxpc,187,279]]></theObjects>\n<theConnections>\n<![CDATA[290,435,290,456|122,455,291,455|122,215,122,456|122,215,143,215[*]260,440,260,461|251,460,261,460|251,254,251,461|242,254,252,254|242,254,242,275]]></theConnections>\n</params>\n</drawing>\n","N");
INSERT INTO ez_topology VALUES("155","ngin_topo2009","2009-12-04 18:44:56","53","","","<?xml version=\"1.0\" encoding=\"ISO-8859-1\"?>\n<drawing>\n<objects>\n<object>\n<type>router</type>\n<id>e26Wt8a72JAw8bNB4UyOtlFUJ64vevko</id>\n<xpos>68</xpos>\n<ypos>198</ypos>\n<devicename><![CDATA[ab ]]></devicename>\n<devicetype><![CDATA[router]]></devicetype>\n<noofports><![CDATA[1]]></noofports>\n<devclicmds><![CDATA[]]></devclicmds>\n<ports>\n<item>\n<portno><![CDATA[sd]]></portno>\n<porttype><![CDATA[d]]></porttype>\n</item>\n</ports>\n</object>\n<object>\n<type>linuxpc</type>\n<id>fx0Oyrw02DLH2NGTA0mBD3gD2TpMfTdQ</id>\n<xpos>202</xpos>\n<ypos>204</ypos>\n<devicename><![CDATA[aa]]></devicename>\n<devicetype><![CDATA[linuxpc]]></devicetype>\n<noofports><![CDATA[1]]></noofports>\n<devclicmds><![CDATA[]]></devclicmds>\n<ports>\n<item>\n<portno><![CDATA[ss]]></portno>\n<porttype><![CDATA[ss]]></porttype>\n</item>\n</ports>\n</object>\n<object>\n<type>windowspc</type>\n<id>tbtklvJ2Io6X1Tb4DIfaHvVQ22u4I9O5</id>\n<xpos>342</xpos>\n<ypos>205</ypos>\n<devicename><![CDATA[abcd]]></devicename>\n<devicetype><![CDATA[windowspc]]></devicetype>\n<noofports><![CDATA[1]]></noofports>\n<devclicmds><![CDATA[]]></devclicmds>\n<ports>\n<item>\n<portno><![CDATA[sd]]></portno>\n<porttype><![CDATA[fd]]></porttype>\n</item>\n</ports>\n</object>\n<object>\n<type>server</type>\n<id>zVQcuS7Ft2daTBlOCGz4OgRR3QJzkVQD</id>\n<xpos>486</xpos>\n<ypos>218</ypos>\n<devicename><![CDATA[aacc]]></devicename>\n<devicetype><![CDATA[server]]></devicetype>\n<noofports><![CDATA[1]]></noofports>\n<devclicmds><![CDATA[]]></devclicmds>\n<ports>\n<item>\n<portno><![CDATA[fc]]></portno>\n<porttype><![CDATA[fc]]></porttype>\n</item>\n</ports>\n</object>\n<object>\n<type>hub</type>\n<id>14UAZF5eGUTd5BcCfNpPze1TtbyoFW4P</id>\n<xpos>621</xpos>\n<ypos>215</ypos>\n<devicename><![CDATA[ss]]></devicename>\n<devicetype><![CDATA[hub]]></devicetype>\n<noofports><![CDATA[1]]></noofports>\n<devclicmds><![CDATA[]]></devclicmds>\n<ports>\n<item>\n<portno><![CDATA[ss]]></portno>\n<porttype><![CDATA[s]]></porttype>\n</item>\n</ports>\n</object>\n<object>\n<type>wireless</type>\n<id>2Fa5qWBSnHvFHePd80HsoUwyR2UW5Glc</id>\n<xpos>756</xpos>\n<ypos>213</ypos>\n<devicename><![CDATA[ee]]></devicename>\n<devicetype><![CDATA[wireless]]></devicetype>\n<noofports><![CDATA[1]]></noofports>\n<devclicmds><![CDATA[]]></devclicmds>\n<ports>\n<item>\n<portno><![CDATA[ee]]></portno>\n<porttype><![CDATA[eee]]></porttype>\n</item>\n</ports>\n</object>\n<object>\n<type>ixia</type>\n<id>0MXdZvhXKGuKlbSBQxfeJwsr7ZQDntdT</id>\n<xpos>891</xpos>\n<ypos>211</ypos>\n<devicename><![CDATA[aac]]></devicename>\n<devicetype><![CDATA[ixia]]></devicetype>\n<noofports><![CDATA[1]]></noofports>\n<devclicmds><![CDATA[]]></devclicmds>\n<ports>\n<item>\n<portno><![CDATA[sdf]]></portno>\n<porttype><![CDATA[dfd]]></porttype>\n</item>\n</ports>\n</object>\n</objects>\n<connections>\n<connection>\n<sourceId>e26Wt8a72JAw8bNB4UyOtlFUJ64vevko</sourceId>\n<sourcePortId>outputPort2</sourcePortId>\n<targetId>fx0Oyrw02DLH2NGTA0mBD3gD2TpMfTdQ</targetId>\n<targetPortId>inputPort10</targetPortId>\n</connection>\n<connection>\n<sourceId>tbtklvJ2Io6X1Tb4DIfaHvVQ22u4I9O5</sourceId>\n<sourcePortId>inputPort10</sourcePortId>\n<targetId>fx0Oyrw02DLH2NGTA0mBD3gD2TpMfTdQ</targetId>\n<targetPortId>inputPort2</targetPortId>\n</connection>\n<connection>\n<sourceId>zVQcuS7Ft2daTBlOCGz4OgRR3QJzkVQD</sourceId>\n<sourcePortId>inputPort10</sourcePortId>\n<targetId>tbtklvJ2Io6X1Tb4DIfaHvVQ22u4I9O5</targetId>\n<targetPortId>inputPort2</targetPortId>\n</connection>\n<connection>\n<sourceId>14UAZF5eGUTd5BcCfNpPze1TtbyoFW4P</sourceId>\n<sourcePortId>inputPort9</sourcePortId>\n<targetId>zVQcuS7Ft2daTBlOCGz4OgRR3QJzkVQD</targetId>\n<targetPortId>inputPort2</targetPortId>\n</connection>\n<connection>\n<sourceId>2Fa5qWBSnHvFHePd80HsoUwyR2UW5Glc</sourceId>\n<sourcePortId>inputPort9</sourcePortId>\n<targetId>14UAZF5eGUTd5BcCfNpPze1TtbyoFW4P</targetId>\n<targetPortId>inputPort2</targetPortId>\n</connection>\n<connection>\n<sourceId>0MXdZvhXKGuKlbSBQxfeJwsr7ZQDntdT</sourceId>\n<sourcePortId>inputPort9</sourcePortId>\n<targetId>2Fa5qWBSnHvFHePd80HsoUwyR2UW5Glc</targetId>\n<targetPortId>inputPort2</targetPortId>\n</connection>\n</connections>\n<params>\n<theObjects>\n<![CDATA[router,68,198|linuxpc,202,204|windowspc,342,205|server,486,218|hub,621,215|wireless,756,213|ixia,891,211]]></theObjects>\n<theConnections>\n<![CDATA[128,223,161,223|160,223,160,230|160,229,193,229[*]297,230,333,230|297,229,297,231|262,229,298,229[*]439,243,477,243|439,230,439,244|402,230,440,230[*]578,252,612,252|578,243,578,253|546,243,579,243[*]713,250,747,250|713,240,713,251|681,240,714,240[*]848,248,882,248|848,238,848,249|816,238,849,238]]></theConnections>\n</params>\n</drawing>\n","N");
INSERT INTO ez_topology VALUES("156","test__topology","2009-12-04 18:44:56","53","","","<?xml version=\"1.0\" encoding=\"ISO-8859-1\"?>\n<drawing>\n<objects>\n<object>\n<type>router</type>\n<id>8vATVUlrbDASMXCo9WhLKNcgvtksv1hH</id>\n<xpos>366</xpos>\n<ypos>91</ypos>\n<devicename><![CDATA[sdfs]]></devicename>\n<devicetype><![CDATA[router]]></devicetype>\n<noofports><![CDATA[1]]></noofports>\n<devclicmds><![CDATA[]]></devclicmds>\n<ports>\n<item>\n<portno><![CDATA[sdf]]></portno>\n<porttype><![CDATA[sdf]]></porttype>\n</item>\n</ports>\n</object>\n</objects>\n<connections>\n</connections>\n</drawing>\n","N");
INSERT INTO ez_topology VALUES("157","eztest_topo","2009-12-04 18:44:56","53","","","<?xml version=\"1.0\" encoding=\"ISO-8859-1\"?>\n<drawing>\n<objects>\n<object>\n<type>router</type>\n<id>Kd7pO9ugLzWZoMW74dytl9MptyMcLhk7</id>\n<xpos>256</xpos>\n<ypos>111</ypos>\n<devicename><![CDATA[dfsd]]></devicename>\n<devicetype><![CDATA[router]]></devicetype>\n<noofports><![CDATA[1]]></noofports>\n<devclicmds><![CDATA[]]></devclicmds>\n<ports>\n<item>\n<portno><![CDATA[sdf]]></portno>\n<porttype><![CDATA[dfsdf]]></porttype>\n</item>\n</ports>\n</object>\n</objects>\n<connections>\n</connections>\n</drawing>\n","N");
INSERT INTO ez_topology VALUES("158","zzfff","2009-12-04 18:44:56","53","","","<?xml version=\"1.0\" encoding=\"ISO-8859-1\"?>\n<drawing>\n<objects>\n<object>\n<type>router</type>\n<id>H8hJOl87wG8xNI2PhTaenlLqGTUGyQGa</id>\n<xpos>195</xpos>\n<ypos>125</ypos>\n<devicename><![CDATA[sdfsdf]]></devicename>\n<devicetype><![CDATA[router]]></devicetype>\n<noofports><![CDATA[1]]></noofports>\n<devclicmds><![CDATA[]]></devclicmds>\n<ports>\n<item>\n<portno><![CDATA[sdf]]></portno>\n<porttype><![CDATA[dsfsdf]]></porttype>\n</item>\n</ports>\n</object>\n</objects>\n<connections>\n</connections>\n</drawing>\n","N");
INSERT INTO ez_topology VALUES("159","ngin_topo2","2009-12-04 18:44:56","53","","","<?xml version=\"1.0\" encoding=\"ISO-8859-1\"?>\n<drawing>\n<objects>\n<object>\n<type>router</type>\n<id>sVhyo0WiubLFZ2CaxU2Jq3es3JXSsBtO</id>\n<xpos>677</xpos>\n<ypos>61</ypos>\n<devicename><![CDATA[rout]]></devicename>\n<devicetype><![CDATA[router]]></devicetype>\n<noofports><![CDATA[1]]></noofports>\n<devclicmds><![CDATA[]]></devclicmds>\n<ports>\n<item>\n<portno><![CDATA[sdf]]></portno>\n<porttype><![CDATA[sdf]]></porttype>\n</item>\n</ports>\n</object>\n<object>\n<type>router</type>\n<id>iAGHHZPRAu8xqQLeTITWPGbWnQXbXmgF</id>\n<xpos>660</xpos>\n<ypos>369</ypos>\n<devicename><![CDATA[sdsdd]]></devicename>\n<devicetype><![CDATA[router]]></devicetype>\n<noofports><![CDATA[1]]></noofports>\n<devclicmds><![CDATA[]]></devclicmds>\n<ports>\n<item>\n<portno><![CDATA[d]]></portno>\n<porttype><![CDATA[d]]></porttype>\n</item>\n</ports>\n</object>\n</objects>\n<connections>\n<connection>\n<sourceId>sVhyo0WiubLFZ2CaxU2Jq3es3JXSsBtO</sourceId>\n<sourcePortId>outputPort4</sourcePortId>\n<targetId>iAGHHZPRAu8xqQLeTITWPGbWnQXbXmgF</targetId>\n<targetPortId>outputPort11</targetPortId>\n</connection>\n</connections>\n<params>\n<theObjects>\n<![CDATA[router,677,61|router,660,369]]></theObjects>\n<theConnections>\n<![CDATA[732,116,732,249|630,248,733,248|630,248,630,382|630,381,651,381]]></theConnections>\n</params>\n</drawing>\n","N");
INSERT INTO ez_topology VALUES("160","a","2009-12-04 18:44:56","53","","","<?xml version=\"1.0\" encoding=\"ISO-8859-1\"?>\n<drawing>\n<objects>\n<object>\n<type>router</type>\n<id>ZE1CJ59HkfgqEEexzSairOTCPyrZlAJg</id>\n<xpos>181</xpos>\n<ypos>111</ypos>\n<devicename><![CDATA[a]]></devicename>\n<devicetype><![CDATA[router]]></devicetype>\n<noofports><![CDATA[1]]></noofports>\n<devclicmds><![CDATA[]]></devclicmds>\n<ports>\n<item>\n<portno><![CDATA[a]]></portno>\n<porttype><![CDATA[a]]></porttype>\n</item>\n</ports>\n</object>\n</objects>\n<connections>\n</connections>\n</drawing>\n","N");
INSERT INTO ez_topology VALUES("161","test25996633","2009-12-04 18:44:56","53","","","<?xml version=\"1.0\" encoding=\"ISO-8859-1\"?>\n<drawing>\n<objects>\n<object>\n<type>router</type>\n<id>pNtk1XT2Tdgs05xo1We2Vu4FtrhiNmDt</id>\n<xpos>436</xpos>\n<ypos>98</ypos>\n<devicename><![CDATA[sdfsdfsdf]]></devicename>\n<devicetype><![CDATA[router]]></devicetype>\n<noofports><![CDATA[1]]></noofports>\n<devclicmds><![CDATA[]]></devclicmds>\n<ports>\n<item>\n<portno><![CDATA[sdf]]></portno>\n<porttype><![CDATA[dsf]]></porttype>\n</item>\n</ports>\n</object>\n</objects>\n<connections>\n</connections>\n</drawing>\n","N");
INSERT INTO ez_topology VALUES("162","topology","2009-12-04 18:44:56","53","","","helow","N");
INSERT INTO ez_topology VALUES("163","test20000000009","2009-12-04 18:44:56","53","","","<?xml version=\"1.0\" encoding=\"ISO-8859-1\"?>\n<drawing>\n<objects>\n<object>\n<type>router</type>\n<id>RUdAcpkr1xigXrxQdmEOKO5Qt3M2UD1l</id>\n<xpos>296</xpos>\n<ypos>127</ypos>\n<devicename><![CDATA[sdsd]]></devicename>\n<devicetype><![CDATA[router]]></devicetype>\n<noofports><![CDATA[1]]></noofports>\n<devclicmds><![CDATA[]]></devclicmds>\n<ports>\n<item>\n<portno><![CDATA[sd]]></portno>\n<porttype><![CDATA[sdsd]]></porttype>\n</item>\n</ports>\n</object>\n<object>\n<type>ixia</type>\n<id>lTDM63xeLm73iJGe8A9phtHBy70vE0Q6</id>\n<xpos>310</xpos>\n<ypos>244</ypos>\n<devicename><![CDATA[sdasda]]></devicename>\n<devicetype><![CDATA[ixia]]></devicetype>\n<noofports><![CDATA[1]]></noofports>\n<devclicmds><![CDATA[]]></devclicmds>\n<ports>\n<item>\n<portno><![CDATA[asdfasdf]]></portno>\n<porttype><![CDATA[sdfsdf]]></porttype>\n</item>\n</ports>\n</object>\n<object>\n<type>wavesat</type>\n<id>V2sdnn4hMX8uRO1QTwCHqZTtwNtRos6n</id>\n<xpos>135</xpos>\n<ypos>176</ypos>\n<devicename><![CDATA[ss]]></devicename>\n<devicetype><![CDATA[wavesat]]></devicetype>\n<noofports><![CDATA[1]]></noofports>\n<devclicmds><![CDATA[]]></devclicmds>\n<ports>\n<item>\n<portno><![CDATA[ss]]></portno>\n<porttype><![CDATA[ss]]></porttype>\n</item>\n</ports>\n</object>\n<object>\n<type>extreme</type>\n<id>so6hzDv6WLyPvZDJ8KZ7zazEAd6JIprZ</id>\n<xpos>448</xpos>\n<ypos>178</ypos>\n<devicename><![CDATA[sdfdsaa]]></devicename>\n<devicetype><![CDATA[extreme]]></devicetype>\n<noofports><![CDATA[1]]></noofports>\n<devclicmds><![CDATA[]]></devclicmds>\n<ports>\n<item>\n<portno><![CDATA[ss]]></portno>\n<porttype><![CDATA[dfdf]]></porttype>\n</item>\n</ports>\n</object>\n</objects>\n<connections>\n<connection>\n<sourceId>RUdAcpkr1xigXrxQdmEOKO5Qt3M2UD1l</sourceId>\n<sourcePortId>outputPort9</sourcePortId>\n<targetId>V2sdnn4hMX8uRO1QTwCHqZTtwNtRos6n</targetId>\n<targetPortId>inputPort1</targetPortId>\n</connection>\n<connection>\n<sourceId>lTDM63xeLm73iJGe8A9phtHBy70vE0Q6</sourceId>\n<sourcePortId>inputPort9</sourcePortId>\n<targetId>V2sdnn4hMX8uRO1QTwCHqZTtwNtRos6n</targetId>\n<targetPortId>inputPort6</targetPortId>\n</connection>\n<connection>\n<sourceId>so6hzDv6WLyPvZDJ8KZ7zazEAd6JIprZ</sourceId>\n<sourcePortId>outputPort5</sourcePortId>\n<targetId>lTDM63xeLm73iJGe8A9phtHBy70vE0Q6</targetId>\n<targetPortId>inputPort3</targetPortId>\n</connection>\n<connection>\n<sourceId>RUdAcpkr1xigXrxQdmEOKO5Qt3M2UD1l</sourceId>\n<sourcePortId>outputPort2</sourcePortId>\n<targetId>so6hzDv6WLyPvZDJ8KZ7zazEAd6JIprZ</targetId>\n<targetPortId>outputPort13</targetPortId>\n</connection>\n</connections>\n<params>\n<theObjects>\n<![CDATA[router,296,127|ixia,310,244|wavesat,135,176|extreme,448,178]]></theObjects>\n<theConnections>\n<![CDATA[240,164,287,164|240,164,240,189|195,188,241,188[*]160,281,301,281|160,236,160,282[*]485,238,485,282|370,281,486,281[*]356,152,461,152|460,152,460,169]]></theConnections>\n</params>\n</drawing>\n","N");
INSERT INTO ez_topology VALUES("164","sszs","2009-12-04 18:44:56","53","","","<?xml version=\"1.0\" encoding=\"ISO-8859-1\"?>\n<drawing>\n<objects>\n<object>\n<type>router</type>\n<id>DMQh5EhDpURoeWINcM2e83DPrmhAnTxZ</id>\n<xpos>351</xpos>\n<ypos>140</ypos>\n<devicename><![CDATA[ddd]]></devicename>\n<devicetype><![CDATA[router]]></devicetype>\n<noofports><![CDATA[1]]></noofports>\n<devclicmds><![CDATA[]]></devclicmds>\n<ports>\n<item>\n<portno><![CDATA[ddd]]></portno>\n<porttype><![CDATA[dddddd]]></porttype>\n</item>\n</ports>\n</object>\n<object>\n<type>router</type>\n<id>1y8F6ycHSiTvSG6yFV3FaVxTKX5W3T1k</id>\n<xpos>252</xpos>\n<ypos>123</ypos>\n<devicename><![CDATA[sss]]></devicename>\n<devicetype><![CDATA[router]]></devicetype>\n<noofports><![CDATA[1]]></noofports>\n<devclicmds><![CDATA[]]></devclicmds>\n<ports>\n<item>\n<portno><![CDATA[ss]]></portno>\n<porttype><![CDATA[ss]]></porttype>\n</item>\n</ports>\n</object>\n</objects>\n<connections>\n</connections>\n</drawing>\n","N");
INSERT INTO ez_topology VALUES("165","axx","2009-12-04 18:44:56","53","","","<?xml version=\"1.0\" encoding=\"ISO-8859-1\"?>\n<drawing>\n<objects>\n<object>\n<type>router</type>\n<id>Z35sN7hG9pa06MTy3MSan7deq195gdRq</id>\n<xpos>462</xpos>\n<ypos>182</ypos>\n<devicename><![CDATA[testr]]></devicename>\n<devicetype><![CDATA[router]]></devicetype>\n<noofports><![CDATA[1]]></noofports>\n<devclicmds><![CDATA[]]></devclicmds>\n<ports>\n<item>\n<portno><![CDATA[fdg]]></portno>\n<porttype><![CDATA[fdfg]]></porttype>\n</item>\n</ports>\n</object>\n<object>\n<type>extreme</type>\n<id>hdu1HxW1r6fpJkM1hm0aFJhIZVeUW0oS</id>\n<xpos>324</xpos>\n<ypos>271</ypos>\n<ports>\n</ports>\n</object>\n</objects>\n<connections>\n</connections>\n</drawing>\n","N");
INSERT INTO ez_topology VALUES("166","ddddddfddddddd","2009-12-04 18:45:33","53","","","<?xml version=\"1.0\" encoding=\"ISO-8859-1\"?>\n<drawing>\n<objects>\n<object>\n<type>router</type>\n<id>Kd7pO9ugLzWZoMW74dytl9MptyMcLhk7</id>\n<xpos>256</xpos>\n<ypos>111</ypos>\n<devicename><![CDATA[dfsd]]></devicename>\n<devicetype><![CDATA[router]]></devicetype>\n<noofports><![CDATA[1]]></noofports>\n<devclicmds><![CDATA[]]></devclicmds>\n<ports>\n<item>\n<portno><![CDATA[sdf]]></portno>\n<porttype><![CDATA[dfsdf]]></porttype>\n</item>\n</ports>\n</object>\n</objects>\n<connections>\n</connections>\n</drawing>\n","N");
INSERT INTO ez_topology VALUES("167","qqww","2009-12-04 18:45:33","53","","","<?xml version=\"1.0\" encoding=\"ISO-8859-1\"?>\n<drawing>\n<objects>\n<object>\n<type>router</type>\n<id>SwbinCQ2tSZ7POXbNKwMQKpZDmI2q0ah</id>\n<xpos>292</xpos>\n<ypos>172</ypos>\n<devicename><![CDATA[zxcdd11111111111111111118833333333]]></devicename>\n<devicetype><![CDATA[router]]></devicetype>\n<noofports><![CDATA[1]]></noofports>\n<devclicmds><![CDATA[]]></devclicmds>\n<ports>\n<item>\n<portno><![CDATA[dfd]]></portno>\n<porttype><![CDATA[df]]></porttype>\n</item>\n</ports>\n</object>\n</objects>\n<connections>\n</connections>\n</drawing>\n","N");
INSERT INTO ez_topology VALUES("168","ttttttttttt","2009-12-04 18:45:33","53","","","<?xml version=\"1.0\" encoding=\"ISO-8859-1\"?>\n<drawing>\n<objects>\n<object>\n<type>router</type>\n<id>CVulbAJpfH3c5Uk20gBlCt27Ba5ds50S</id>\n<xpos>291</xpos>\n<ypos>134</ypos>\n<devicename><![CDATA[sdfsdf]]></devicename>\n<devicetype><![CDATA[router]]></devicetype>\n<noofports><![CDATA[1]]></noofports>\n<devclicmds><![CDATA[]]></devclicmds>\n<ports>\n<item>\n<portno><![CDATA[sdf]]></portno>\n<porttype><![CDATA[sdf]]></porttype>\n</item>\n</ports>\n</object>\n</objects>\n<connections>\n</connections>\n</drawing>\n","N");
INSERT INTO ez_topology VALUES("169","dtd","2009-12-04 18:45:33","53","","","<?xml version=\"1.0\" encoding=\"ISO-8859-1\"?>\n<drawing>\n<objects>\n<object>\n<type>router</type>\n<id>c3kfco8G29mfMOdePyUIhp7TKZGwALku</id>\n<xpos>249</xpos>\n<ypos>136</ypos>\n<devicename><![CDATA[fgfg]]></devicename>\n<devicetype><![CDATA[router]]></devicetype>\n<noofports><![CDATA[1]]></noofports>\n<devclicmds><![CDATA[]]></devclicmds>\n<ports>\n<item>\n<portno><![CDATA[dfg]]></portno>\n<porttype><![CDATA[fgdfg]]></porttype>\n</item>\n</ports>\n</object>\n</objects>\n<connections>\n</connections>\n</drawing>\n","N");
INSERT INTO ez_topology VALUES("170","f","2009-12-04 18:45:33","53","","","<?xml version=\"1.0\" encoding=\"ISO-8859-1\"?>\n<drawing>\n<objects>\n<object>\n<type>router</type>\n<id>603aQEKp6JBKqyffggu6Il3kmZCCcau3</id>\n<xpos>327</xpos>\n<ypos>145</ypos>\n<devicename><![CDATA[sdf]]></devicename>\n<devicetype><![CDATA[router]]></devicetype>\n<noofports><![CDATA[1]]></noofports>\n<devclicmds><![CDATA[]]></devclicmds>\n<ports>\n<item>\n<portno><![CDATA[dsf]]></portno>\n<porttype><![CDATA[ffd]]></porttype>\n</item>\n</ports>\n</object>\n<object>\n<type>linuxpc</type>\n<id>uouVCe17C0bVLbhrW6ByTGwPNNU9OPNg</id>\n<xpos>450</xpos>\n<ypos>146</ypos>\n<devicename><![CDATA[dsf]]></devicename>\n<devicetype><![CDATA[linuxpc]]></devicetype>\n<noofports><![CDATA[1]]></noofports>\n<devclicmds><![CDATA[]]></devclicmds>\n<ports>\n<item>\n<portno><![CDATA[dsf]]></portno>\n<porttype><![CDATA[df]]></porttype>\n</item>\n</ports>\n</object>\n</objects>\n<connections>\n<connection>\n<sourceId>603aQEKp6JBKqyffggu6Il3kmZCCcau3</sourceId>\n<sourcePortId>outputPort4</sourcePortId>\n<targetId>uouVCe17C0bVLbhrW6ByTGwPNNU9OPNg</targetId>\n<targetPortId>inputPort11</targetPortId>\n</connection>\n</connections>\n<params>\n<theObjects>\nrouter,327,145|linuxpc,450,146</theObjects>\n<theConnections>\n382,200,382,221|382,220,412,220|411,158,411,221|411,158,441,158</theConnections>\n<params>\n</drawing>\n","N");
INSERT INTO ez_topology VALUES("171","test_topo_","2009-12-04 18:45:33","53","","","<?xml version=\"1.0\" encoding=\"ISO-8859-1\"?>\n<drawing>\n<objects>\n<object>\n<type>router</type>\n<id>9HeoCkmyzQdcAUvURDWu24GgGs4mrCdv</id>\n<xpos>341</xpos>\n<ypos>118</ypos>\n<devicename><![CDATA[ff]]></devicename>\n<devicetype><![CDATA[router]]></devicetype>\n<noofports><![CDATA[1]]></noofports>\n<devclicmds><![CDATA[]]></devclicmds>\n<ports>\n<item>\n<portno><![CDATA[f]]></portno>\n<porttype><![CDATA[f]]></porttype>\n</item>\n</ports>\n</object>\n</objects>\n<connections>\n</connections>\n</drawing>\n","N");
INSERT INTO ez_topology VALUES("172","__f","2009-12-04 18:45:33","53","","","<?xml version=\"1.0\" encoding=\"ISO-8859-1\"?>\n<drawing>\n<objects>\n<object>\n<type>router</type>\n<id>EWkGpLBKIHOHhPRT18MUc5AbAeQhp0BX</id>\n<xpos>257</xpos>\n<ypos>132</ypos>\n<devicename><![CDATA[sd]]></devicename>\n<devicetype><![CDATA[router]]></devicetype>\n<noofports><![CDATA[1]]></noofports>\n<devclicmds><![CDATA[]]></devclicmds>\n<ports>\n<item>\n<portno><![CDATA[s]]></portno>\n<porttype><![CDATA[s]]></porttype>\n</item>\n</ports>\n</object>\n<object>\n<type>windowspc</type>\n<id>LucvECMZlESG6uWFNa0TkLXwGJrGiJMw</id>\n<xpos>456</xpos>\n<ypos>121</ypos>\n<devicename><![CDATA[sdww]]></devicename>\n<devicetype><![CDATA[windowspc]]></devicetype>\n<noofports><![CDATA[1]]></noofports>\n<devclicmds><![CDATA[]]></devclicmds>\n<ports>\n<item>\n<portno><![CDATA[s]]></portno>\n<porttype><![CDATA[s]]></porttype>\n</item>\n</ports>\n</object>\n<object>\n<type>router</type>\n<id>puNGu9KWT8gTNamV0Sn1ComHo9OuH11X</id>\n<xpos>392</xpos>\n<ypos>284</ypos>\n<devicename><![CDATA[deawd]]></devicename>\n<devicetype><![CDATA[router]]></devicetype>\n<noofports><![CDATA[1]]></noofports>\n<devclicmds><![CDATA[]]></devclicmds>\n<ports>\n<item>\n<portno><![CDATA[asd]]></portno>\n<porttype><![CDATA[sd]]></porttype>\n</item>\n</ports>\n</object>\n</objects>\n<connections>\n<connection>\n<sourceId>EWkGpLBKIHOHhPRT18MUc5AbAeQhp0BX</sourceId>\n<sourcePortId>outputPort6</sourcePortId>\n<targetId>puNGu9KWT8gTNamV0Sn1ComHo9OuH11X</targetId>\n<targetPortId>outputPort9</targetPortId>\n</connection>\n<connection>\n<sourceId>EWkGpLBKIHOHhPRT18MUc5AbAeQhp0BX</sourceId>\n<sourcePortId>outputPort1</sourcePortId>\n<targetId>LucvECMZlESG6uWFNa0TkLXwGJrGiJMw</targetId>\n<targetPortId>inputPort9</targetPortId>\n</connection>\n<connection>\n<sourceId>puNGu9KWT8gTNamV0Sn1ComHo9OuH11X</sourceId>\n<sourcePortId>outputPort2</sourcePortId>\n<targetId>LucvECMZlESG6uWFNa0TkLXwGJrGiJMw</targetId>\n<targetPortId>inputPort5</targetPortId>\n</connection>\n</connections>\n<params>\n<theObjects>\nrouter,257,132|windowspc,456,121|router,392,284</theObjects>\n<theConnections>\n282,192,282,322|282,321,383,321[*]317,144,382,144|381,144,381,159|381,158,447,158[*]452,309,494,309|493,181,493,310</theConnections>\n<params>\n</drawing>\n","N");
INSERT INTO ez_topology VALUES("173","dfdf","2009-12-04 18:45:33","53","","","<?xml version=\"1.0\" encoding=\"ISO-8859-1\"?>\n<drawing>\n<objects>\n<object>\n<type>router</type>\n<id>dgSoKTGUtZyhkLZFlLnUPMz4BTbLNVco</id>\n<xpos>377</xpos>\n<ypos>200</ypos>\n<devicename><![CDATA[router123]]></devicename>\n<devicetype><![CDATA[router]]></devicetype>\n<noofports><![CDATA[1]]></noofports>\n<devclicmds><![CDATA[]]></devclicmds>\n<ports>\n<item>\n<portno><![CDATA[dd]]></portno>\n<porttype><![CDATA[dd]]></porttype>\n</item>\n</ports>\n</object>\n</objects>\n<connections>\n</connections>\n</drawing>\n","N");
INSERT INTO ez_topology VALUES("174","xcvxc","2009-12-04 18:45:33","53","","","<?xml version=\"1.0\" encoding=\"ISO-8859-1\"?>\n<drawing>\n<objects>\n<object>\n<type>router</type>\n<id>B74Sm4OmX3sUZ9wlifv9pAKIsAydlRqs</id>\n<xpos>363</xpos>\n<ypos>119</ypos>\n<devicename><![CDATA[tgghgfh]]></devicename>\n<devicetype><![CDATA[router]]></devicetype>\n<noofports><![CDATA[1]]></noofports>\n<devclicmds><![CDATA[]]></devclicmds>\n<ports>\n<item>\n<portno><![CDATA[gfh]]></portno>\n<porttype><![CDATA[gfh]]></porttype>\n</item>\n</ports>\n</object>\n</objects>\n<connections>\n</connections>\n</drawing>\n","N");
INSERT INTO ez_topology VALUES("175","dd","2009-12-04 18:45:33","53","","","<?xml version=\"1.0\" encoding=\"ISO-8859-1\"?>\n<drawing>\n<objects>\n<object>\n<type>router</type>\n<id>WpCtWXefJ6sSbTTNqn5MIbFvHw5mlV8E</id>\n<xpos>438</xpos>\n<ypos>134</ypos>\n<devicename><![CDATA[dfg]]></devicename>\n<devicetype><![CDATA[router]]></devicetype>\n<noofports><![CDATA[1]]></noofports>\n<devclicmds><![CDATA[]]></devclicmds>\n<ports>\n<item>\n<portno><![CDATA[d]]></portno>\n<porttype><![CDATA[d]]></porttype>\n</item>\n</ports>\n</object>\n</objects>\n<connections>\n</connections>\n</drawing>\n","N");
INSERT INTO ez_topology VALUES("176","test_topo_ngin","2009-12-04 18:45:33","53","","","<?xml version=\"1.0\" encoding=\"ISO-8859-1\"?>\n<drawing>\n<objects>\n<object>\n<type>router</type>\n<id>ciA5JeyJF908HFaw2tATPCwL82khrOsW</id>\n<xpos>227</xpos>\n<ypos>122</ypos>\n<devicename><![CDATA[rout1]]></devicename>\n<devicetype><![CDATA[router]]></devicetype>\n<noofports><![CDATA[2]]></noofports>\n<devclicmds><![CDATA[]]></devclicmds>\n<ports>\n<item>\n<portno><![CDATA[rout1pname1]]></portno>\n<porttype><![CDATA[rout1ptype1]]></porttype>\n</item>\n<item>\n<portno><![CDATA[rout1pname2]]></portno>\n<porttype><![CDATA[rout1ptype2]]></porttype>\n</item>\n</ports>\n</object>\n<object>\n<type>router</type>\n<id>GuFsLTyTBtN0sCMqbH7BQpBARzwVnbMb</id>\n<xpos>552</xpos>\n<ypos>127</ypos>\n<devicename><![CDATA[rout2]]></devicename>\n<devicetype><![CDATA[router]]></devicetype>\n<noofports><![CDATA[2]]></noofports>\n<devclicmds><![CDATA[]]></devclicmds>\n<ports>\n<item>\n<portno><![CDATA[rout2pname1]]></portno>\n<porttype><![CDATA[rout2ptype1]]></porttype>\n</item>\n<item>\n<portno><![CDATA[rout2pname2]]></portno>\n<porttype><![CDATA[rout2ptype2]]></porttype>\n</item>\n</ports>\n</object>\n<object>\n<type>router</type>\n<id>3ZTCg3TWIpxTXlGVGExy9BpoLqXgCEnW</id>\n<xpos>388</xpos>\n<ypos>281</ypos>\n<devicename><![CDATA[rout3]]></devicename>\n<devicetype><![CDATA[router]]></devicetype>\n<noofports><![CDATA[2]]></noofports>\n<devclicmds><![CDATA[]]></devclicmds>\n<ports>\n<item>\n<portno><![CDATA[rout3pname1]]></portno>\n<porttype><![CDATA[rout3ptype1]]></porttype>\n</item>\n<item>\n<portno><![CDATA[rout3pname2]]></portno>\n<porttype><![CDATA[rout3ptype2]]></porttype>\n</item>\n</ports>\n</object>\n</objects>\n<connections>\n<connection>\n<sourceId>ciA5JeyJF908HFaw2tATPCwL82khrOsW</sourceId>\n<sourcePortId>outputPort2</sourcePortId>\n<targetId>GuFsLTyTBtN0sCMqbH7BQpBARzwVnbMb</targetId>\n<targetPortId>outputPort9</targetPortId>\n</connection>\n<connection>\n<sourceId>ciA5JeyJF908HFaw2tATPCwL82khrOsW</sourceId>\n<sourcePortId>outputPort6</sourcePortId>\n<targetId>3ZTCg3TWIpxTXlGVGExy9BpoLqXgCEnW</targetId>\n<targetPortId>outputPort9</targetPortId>\n</connection>\n<connection>\n<sourceId>GuFsLTyTBtN0sCMqbH7BQpBARzwVnbMb</sourceId>\n<sourcePortId>outputPort5</sourcePortId>\n<targetId>3ZTCg3TWIpxTXlGVGExy9BpoLqXgCEnW</targetId>\n<targetPortId>outputPort1</targetPortId>\n</connection>\n</connections>\n</drawing>\n","N");
INSERT INTO ez_topology VALUES("177","ssaz","2009-12-04 18:45:33","53","","","<?xml version=\"1.0\" encoding=\"ISO-8859-1\"?>\n<drawing>\n<objects>\n<object>\n<type>router</type>\n<id>SwbinCQ2tSZ7POXbNKwMQKpZDmI2q0ah</id>\n<xpos>415</xpos>\n<ypos>179</ypos>\n<devicename><![CDATA[zxcdd111111111ccc1]]></devicename>\n<devicetype><![CDATA[router]]></devicetype>\n<noofports><![CDATA[1]]></noofports>\n<devclicmds><![CDATA[]]></devclicmds>\n<ports>\n<item>\n<portno><![CDATA[dfd]]></portno>\n<porttype><![CDATA[df]]></porttype>\n</item>\n</ports>\n</object>\n</objects>\n<connections>\n</connections>\n</drawing>\n","N");
INSERT INTO ez_topology VALUES("178","ngin_topology1","2009-12-04 18:45:33","53","","","<?xml version=\"1.0\" encoding=\"ISO-8859-1\"?>\n<drawing>\n<objects>\n<object>\n<type>router</type>\n<id>iAGHHZPRAu8xqQLeTITWPGbWnQXbXmgF</id>\n<xpos>677</xpos>\n<ypos>309</ypos>\n<devicename><![CDATA[sdsdd]]></devicename>\n<devicetype><![CDATA[router]]></devicetype>\n<noofports><![CDATA[1]]></noofports>\n<devclicmds><![CDATA[]]></devclicmds>\n<ports>\n<item>\n<portno><![CDATA[d]]></portno>\n<porttype><![CDATA[d]]></porttype>\n</item>\n</ports>\n</object>\n<object>\n<type>linuxpc</type>\n<id>oUmznx1AUPZEP8fBXMy9qTDLPiQHvTZc</id>\n<xpos>209</xpos>\n<ypos>209</ypos>\n<devicename><![CDATA[sdfss]]></devicename>\n<devicetype><![CDATA[linuxpc]]></devicetype>\n<noofports><![CDATA[2]]></noofports>\n<devclicmds><![CDATA[]]></devclicmds>\n<ports>\n<item>\n<portno><![CDATA[sdf]]></portno>\n<porttype><![CDATA[df]]></porttype>\n</item>\n<item>\n<portno><![CDATA[sdfe]]></portno>\n<porttype><![CDATA[ffe]]></porttype>\n</item>\n</ports>\n</object>\n<object>\n<type>router</type>\n<id>sVhyo0WiubLFZ2CaxU2Jq3es3JXSsBtO</id>\n<xpos>526</xpos>\n<ypos>139</ypos>\n<devicename><![CDATA[rout]]></devicename>\n<devicetype><![CDATA[router]]></devicetype>\n<noofports><![CDATA[1]]></noofports>\n<devclicmds><![CDATA[]]></devclicmds>\n<ports>\n<item>\n<portno><![CDATA[ss]]></portno>\n<porttype><![CDATA[sss]]></porttype>\n</item>\n</ports>\n</object>\n</objects>\n<connections>\n<connection>\n<sourceId>sVhyo0WiubLFZ2CaxU2Jq3es3JXSsBtO</sourceId>\n<sourcePortId>outputPort4</sourcePortId>\n<targetId>iAGHHZPRAu8xqQLeTITWPGbWnQXbXmgF</targetId>\n<targetPortId>outputPort11</targetPortId>\n</connection>\n<connection>\n<sourceId>sVhyo0WiubLFZ2CaxU2Jq3es3JXSsBtO</sourceId>\n<sourcePortId>outputPort9</sourcePortId>\n<targetId>oUmznx1AUPZEP8fBXMy9qTDLPiQHvTZc</targetId>\n<targetPortId>inputPort3</targetPortId>\n</connection>\n</connections>\n<params>\n<theObjects>\n<![CDATA[router,677,309|linuxpc,209,209|router,526,139]]></theObjects>\n<theConnections>\n<![CDATA[581,194,581,322|581,321,668,321[*]392,176,517,176|392,176,392,247|269,246,393,246]]></theConnections>\n</params>\n</drawing>\n","N");
INSERT INTO ez_topology VALUES("179","ax","2009-12-04 18:45:33","53","","","<?xml version=\"1.0\" encoding=\"ISO-8859-1\"?>\n<drawing>\n<objects>\n<object>\n<type>router</type>\n<id>EktovpkP1XVuyyUzvOtu3mcEyWFbzMgg</id>\n<xpos>313</xpos>\n<ypos>108</ypos>\n<devicename><![CDATA[aa]]></devicename>\n<devicetype><![CDATA[router]]></devicetype>\n<noofports><![CDATA[1]]></noofports>\n<devclicmds><![CDATA[]]></devclicmds>\n<ports>\n<item>\n<portno><![CDATA[a]]></portno>\n<porttype><![CDATA[a]]></porttype>\n</item>\n</ports>\n</object>\n</objects>\n<connections>\n</connections>\n</drawing>\n","N");
INSERT INTO ez_topology VALUES("180","sasasaasasasas","2009-12-04 18:45:33","53","","","<?xml version=\"1.0\" encoding=\"ISO-8859-1\"?>\n<drawing>\n<objects>\n<object>\n<type>router</type>\n<id>ZENl8cQSN3gzsbJLu2Fk0q34dcmwfOB4</id>\n<xpos>234</xpos>\n<ypos>149</ypos>\n<devicename><![CDATA[dfdfsdf]]></devicename>\n<devicetype><![CDATA[router]]></devicetype>\n<noofports><![CDATA[1]]></noofports>\n<devclicmds><![CDATA[]]></devclicmds>\n<ports>\n<item>\n<portno><![CDATA[dfsdfd]]></portno>\n<porttype><![CDATA[fsdfsdfsdf]]></porttype>\n</item>\n</ports>\n</object>\n</objects>\n<connections>\n</connections>\n</drawing>\n","N");
INSERT INTO ez_topology VALUES("181","ggg","2009-12-04 18:45:33","53","","","<?xml version=\"1.0\" encoding=\"ISO-8859-1\"?>\n<drawing>\n<objects>\n<object>\n<type>router</type>\n<id>sOknOElAxQIMPwsAEZnmZTP4dzyUdADd</id>\n<xpos>266</xpos>\n<ypos>116</ypos>\n<devicename><![CDATA[asd]]></devicename>\n<devicetype><![CDATA[router]]></devicetype>\n<noofports><![CDATA[1]]></noofports>\n<devclicmds><![CDATA[]]></devclicmds>\n<ports>\n<item>\n<portno><![CDATA[asdas]]></portno>\n<porttype><![CDATA[d]]></porttype>\n</item>\n</ports>\n</object>\n</objects>\n<connections>\n</connections>\n</drawing>\n","N");
INSERT INTO ez_topology VALUES("182","testtopology2006","2009-12-04 18:45:33","53","","","<?xml version=\"1.0\" encoding=\"ISO-8859-1\"?>\n<drawing>\n<objects>\n<object>\n<type>router</type>\n<id>Po41TLSyhsId5zTEEQmtP9OyGhSUDTaV</id>\n<xpos>325</xpos>\n<ypos>132</ypos>\n<devicename><![CDATA[dfdf]]></devicename>\n<devicetype><![CDATA[router]]></devicetype>\n<noofports><![CDATA[1]]></noofports>\n<devclicmds><![CDATA[]]></devclicmds>\n<ports>\n<item>\n<portno><![CDATA[sdf]]></portno>\n<porttype><![CDATA[sdf]]></porttype>\n</item>\n</ports>\n</object>\n</objects>\n<connections>\n</connections>\n</drawing>\n","N");
INSERT INTO ez_topology VALUES("183","dxxxx","2009-12-04 18:45:33","53","","","<?xml version=\"1.0\" encoding=\"ISO-8859-1\"?>\n<drawing>\n<objects>\n<object>\n<type>router</type>\n<id>S7ycmvGrdyFszVrIqNQCXlTUtJC1wNGI</id>\n<xpos>237</xpos>\n<ypos>127</ypos>\n<devicename><![CDATA[dddf]]></devicename>\n<devicetype><![CDATA[router]]></devicetype>\n<noofports><![CDATA[1]]></noofports>\n<devclicmds><![CDATA[]]></devclicmds>\n<ports>\n<item>\n<portno><![CDATA[dfg]]></portno>\n<porttype><![CDATA[gf]]></porttype>\n</item>\n</ports>\n</object>\n</objects>\n<connections>\n</connections>\n</drawing>\n","N");
INSERT INTO ez_topology VALUES("184","zzff","2009-12-04 18:45:33","53","","","<?xml version=\"1.0\" encoding=\"ISO-8859-1\"?>\n<drawing>\n<objects>\n<object>\n<type>router</type>\n<id>SwbinCQ2tSZ7POXbNKwMQKpZDmI2q0ah</id>\n<xpos>291</xpos>\n<ypos>171</ypos>\n<devicename><![CDATA[zxcdd]]></devicename>\n<devicetype><![CDATA[router]]></devicetype>\n<noofports><![CDATA[1]]></noofports>\n<devclicmds><![CDATA[]]></devclicmds>\n<ports>\n<item>\n<portno><![CDATA[dfd]]></portno>\n<porttype><![CDATA[df]]></porttype>\n</item>\n</ports>\n</object>\n</objects>\n<connections>\n</connections>\n</drawing>\n","N");
INSERT INTO ez_topology VALUES("185","zzzzzzzzzzz","2009-12-04 18:45:33","53","","","<?xml version=\"1.0\" encoding=\"ISO-8859-1\"?>\n<drawing>\n<objects>\n<object>\n<type>router</type>\n<id>CVulbAJpfH3c5Uk20gBlCt27Ba5ds50S</id>\n<xpos>291</xpos>\n<ypos>134</ypos>\n<devicename><![CDATA[sdfsdf]]></devicename>\n<devicetype><![CDATA[router]]></devicetype>\n<noofports><![CDATA[1]]></noofports>\n<devclicmds><![CDATA[]]></devclicmds>\n<ports>\n<item>\n<portno><![CDATA[sdf]]></portno>\n<porttype><![CDATA[sdf]]></porttype>\n</item>\n</ports>\n</object>\n</objects>\n<connections>\n</connections>\n</drawing>\n","N");
INSERT INTO ez_topology VALUES("186","_f","2009-12-04 18:45:33","53","","","<?xml version=\"1.0\" encoding=\"ISO-8859-1\"?>\n<drawing>\n<objects>\n<object>\n<type>router</type>\n<id>EktovpkP1XVuyyUzvOtu3mcEyWFbzMgg</id>\n<xpos>315</xpos>\n<ypos>110</ypos>\n<devicename><![CDATA[aa]]></devicename>\n<devicetype><![CDATA[router]]></devicetype>\n<noofports><![CDATA[1]]></noofports>\n<devclicmds><![CDATA[]]></devclicmds>\n<ports>\n<item>\n<portno><![CDATA[a]]></portno>\n<porttype><![CDATA[a]]></porttype>\n</item>\n</ports>\n</object>\n</objects>\n<connections>\n</connections>\n<params>\n<theObjects>\nrouter,315,110</theObjects>\n<theConnections>\n\n</theConnections>\n<params>\n</drawing>\n","N");
INSERT INTO ez_topology VALUES("187","nginTopo","2009-12-04 18:45:33","53","","","<?xml version=\"1.0\" encoding=\"ISO-8859-1\"?>\n<drawing>\n<objects>\n<object>\n<type>router</type>\n<id>sVhyo0WiubLFZ2CaxU2Jq3es3JXSsBtO</id>\n<xpos>235</xpos>\n<ypos>380</ypos>\n<devicename><![CDATA[routdfsdf]]></devicename>\n<devicetype><![CDATA[router]]></devicetype>\n<noofports><![CDATA[1]]></noofports>\n<devclicmds><![CDATA[]]></devclicmds>\n<ports>\n<item>\n<portno><![CDATA[sdf]]></portno>\n<porttype><![CDATA[sdf]]></porttype>\n</item>\n</ports>\n</object>\n<object>\n<type>router</type>\n<id>iAGHHZPRAu8xqQLeTITWPGbWnQXbXmgF</id>\n<xpos>152</xpos>\n<ypos>203</ypos>\n<devicename><![CDATA[sdsdd]]></devicename>\n<devicetype><![CDATA[router]]></devicetype>\n<noofports><![CDATA[1]]></noofports>\n<devclicmds><![CDATA[]]></devclicmds>\n<ports>\n<item>\n<portno><![CDATA[d]]></portno>\n<porttype><![CDATA[d]]></porttype>\n</item>\n</ports>\n</object>\n<object>\n<type>linuxpc</type>\n<id>lwOZHm3ydHLxX1ddEXARnPPmGepchaXC</id>\n<xpos>187</xpos>\n<ypos>279</ypos>\n<devicename><![CDATA[kjk]]></devicename>\n<devicetype><![CDATA[linuxpc]]></devicetype>\n<noofports><![CDATA[1]]></noofports>\n<devclicmds><![CDATA[]]></devclicmds>\n<ports>\n<item>\n<portno><![CDATA[gjh]]></portno>\n<porttype><![CDATA[gj]]></porttype>\n</item>\n</ports>\n</object>\n</objects>\n<connections>\n<connection>\n<sourceId>sVhyo0WiubLFZ2CaxU2Jq3es3JXSsBtO</sourceId>\n<sourcePortId>outputPort4</sourcePortId>\n<targetId>iAGHHZPRAu8xqQLeTITWPGbWnQXbXmgF</targetId>\n<targetPortId>outputPort11</targetPortId>\n</connection>\n<connection>\n<sourceId>sVhyo0WiubLFZ2CaxU2Jq3es3JXSsBtO</sourceId>\n<sourcePortId>outputPort6</sourcePortId>\n<targetId>lwOZHm3ydHLxX1ddEXARnPPmGepchaXC</targetId>\n<targetPortId>inputPort</targetPortId>\n</connection>\n</connections>\n<params>\n<theObjects>\n<![CDATA[router,235,380|router,152,203|linuxpc,187,279]]></theObjects>\n<theConnections>\n<![CDATA[290,435,290,456|122,455,291,455|122,215,122,456|122,215,143,215[*]260,440,260,461|251,460,261,460|251,254,251,461|242,254,252,254|242,254,242,275]]></theConnections>\n</params>\n</drawing>\n","N");
INSERT INTO ez_topology VALUES("188","ngin_topo2009","2009-12-04 18:45:33","53","","","<?xml version=\"1.0\" encoding=\"ISO-8859-1\"?>\n<drawing>\n<objects>\n<object>\n<type>router</type>\n<id>e26Wt8a72JAw8bNB4UyOtlFUJ64vevko</id>\n<xpos>68</xpos>\n<ypos>198</ypos>\n<devicename><![CDATA[ab ]]></devicename>\n<devicetype><![CDATA[router]]></devicetype>\n<noofports><![CDATA[1]]></noofports>\n<devclicmds><![CDATA[]]></devclicmds>\n<ports>\n<item>\n<portno><![CDATA[sd]]></portno>\n<porttype><![CDATA[d]]></porttype>\n</item>\n</ports>\n</object>\n<object>\n<type>linuxpc</type>\n<id>fx0Oyrw02DLH2NGTA0mBD3gD2TpMfTdQ</id>\n<xpos>202</xpos>\n<ypos>204</ypos>\n<devicename><![CDATA[aa]]></devicename>\n<devicetype><![CDATA[linuxpc]]></devicetype>\n<noofports><![CDATA[1]]></noofports>\n<devclicmds><![CDATA[]]></devclicmds>\n<ports>\n<item>\n<portno><![CDATA[ss]]></portno>\n<porttype><![CDATA[ss]]></porttype>\n</item>\n</ports>\n</object>\n<object>\n<type>windowspc</type>\n<id>tbtklvJ2Io6X1Tb4DIfaHvVQ22u4I9O5</id>\n<xpos>342</xpos>\n<ypos>205</ypos>\n<devicename><![CDATA[abcd]]></devicename>\n<devicetype><![CDATA[windowspc]]></devicetype>\n<noofports><![CDATA[1]]></noofports>\n<devclicmds><![CDATA[]]></devclicmds>\n<ports>\n<item>\n<portno><![CDATA[sd]]></portno>\n<porttype><![CDATA[fd]]></porttype>\n</item>\n</ports>\n</object>\n<object>\n<type>server</type>\n<id>zVQcuS7Ft2daTBlOCGz4OgRR3QJzkVQD</id>\n<xpos>486</xpos>\n<ypos>218</ypos>\n<devicename><![CDATA[aacc]]></devicename>\n<devicetype><![CDATA[server]]></devicetype>\n<noofports><![CDATA[1]]></noofports>\n<devclicmds><![CDATA[]]></devclicmds>\n<ports>\n<item>\n<portno><![CDATA[fc]]></portno>\n<porttype><![CDATA[fc]]></porttype>\n</item>\n</ports>\n</object>\n<object>\n<type>hub</type>\n<id>14UAZF5eGUTd5BcCfNpPze1TtbyoFW4P</id>\n<xpos>621</xpos>\n<ypos>215</ypos>\n<devicename><![CDATA[ss]]></devicename>\n<devicetype><![CDATA[hub]]></devicetype>\n<noofports><![CDATA[1]]></noofports>\n<devclicmds><![CDATA[]]></devclicmds>\n<ports>\n<item>\n<portno><![CDATA[ss]]></portno>\n<porttype><![CDATA[s]]></porttype>\n</item>\n</ports>\n</object>\n<object>\n<type>wireless</type>\n<id>2Fa5qWBSnHvFHePd80HsoUwyR2UW5Glc</id>\n<xpos>756</xpos>\n<ypos>213</ypos>\n<devicename><![CDATA[ee]]></devicename>\n<devicetype><![CDATA[wireless]]></devicetype>\n<noofports><![CDATA[1]]></noofports>\n<devclicmds><![CDATA[]]></devclicmds>\n<ports>\n<item>\n<portno><![CDATA[ee]]></portno>\n<porttype><![CDATA[eee]]></porttype>\n</item>\n</ports>\n</object>\n<object>\n<type>ixia</type>\n<id>0MXdZvhXKGuKlbSBQxfeJwsr7ZQDntdT</id>\n<xpos>891</xpos>\n<ypos>211</ypos>\n<devicename><![CDATA[aac]]></devicename>\n<devicetype><![CDATA[ixia]]></devicetype>\n<noofports><![CDATA[1]]></noofports>\n<devclicmds><![CDATA[]]></devclicmds>\n<ports>\n<item>\n<portno><![CDATA[sdf]]></portno>\n<porttype><![CDATA[dfd]]></porttype>\n</item>\n</ports>\n</object>\n</objects>\n<connections>\n<connection>\n<sourceId>e26Wt8a72JAw8bNB4UyOtlFUJ64vevko</sourceId>\n<sourcePortId>outputPort2</sourcePortId>\n<targetId>fx0Oyrw02DLH2NGTA0mBD3gD2TpMfTdQ</targetId>\n<targetPortId>inputPort10</targetPortId>\n</connection>\n<connection>\n<sourceId>tbtklvJ2Io6X1Tb4DIfaHvVQ22u4I9O5</sourceId>\n<sourcePortId>inputPort10</sourcePortId>\n<targetId>fx0Oyrw02DLH2NGTA0mBD3gD2TpMfTdQ</targetId>\n<targetPortId>inputPort2</targetPortId>\n</connection>\n<connection>\n<sourceId>zVQcuS7Ft2daTBlOCGz4OgRR3QJzkVQD</sourceId>\n<sourcePortId>inputPort10</sourcePortId>\n<targetId>tbtklvJ2Io6X1Tb4DIfaHvVQ22u4I9O5</targetId>\n<targetPortId>inputPort2</targetPortId>\n</connection>\n<connection>\n<sourceId>14UAZF5eGUTd5BcCfNpPze1TtbyoFW4P</sourceId>\n<sourcePortId>inputPort9</sourcePortId>\n<targetId>zVQcuS7Ft2daTBlOCGz4OgRR3QJzkVQD</targetId>\n<targetPortId>inputPort2</targetPortId>\n</connection>\n<connection>\n<sourceId>2Fa5qWBSnHvFHePd80HsoUwyR2UW5Glc</sourceId>\n<sourcePortId>inputPort9</sourcePortId>\n<targetId>14UAZF5eGUTd5BcCfNpPze1TtbyoFW4P</targetId>\n<targetPortId>inputPort2</targetPortId>\n</connection>\n<connection>\n<sourceId>0MXdZvhXKGuKlbSBQxfeJwsr7ZQDntdT</sourceId>\n<sourcePortId>inputPort9</sourcePortId>\n<targetId>2Fa5qWBSnHvFHePd80HsoUwyR2UW5Glc</targetId>\n<targetPortId>inputPort2</targetPortId>\n</connection>\n</connections>\n<params>\n<theObjects>\n<![CDATA[router,68,198|linuxpc,202,204|windowspc,342,205|server,486,218|hub,621,215|wireless,756,213|ixia,891,211]]></theObjects>\n<theConnections>\n<![CDATA[128,223,161,223|160,223,160,230|160,229,193,229[*]297,230,333,230|297,229,297,231|262,229,298,229[*]439,243,477,243|439,230,439,244|402,230,440,230[*]578,252,612,252|578,243,578,253|546,243,579,243[*]713,250,747,250|713,240,713,251|681,240,714,240[*]848,248,882,248|848,238,848,249|816,238,849,238]]></theConnections>\n</params>\n</drawing>\n","N");
INSERT INTO ez_topology VALUES("189","test__topology","2009-12-04 18:45:33","53","","","<?xml version=\"1.0\" encoding=\"ISO-8859-1\"?>\n<drawing>\n<objects>\n<object>\n<type>router</type>\n<id>8vATVUlrbDASMXCo9WhLKNcgvtksv1hH</id>\n<xpos>366</xpos>\n<ypos>91</ypos>\n<devicename><![CDATA[sdfs]]></devicename>\n<devicetype><![CDATA[router]]></devicetype>\n<noofports><![CDATA[1]]></noofports>\n<devclicmds><![CDATA[]]></devclicmds>\n<ports>\n<item>\n<portno><![CDATA[sdf]]></portno>\n<porttype><![CDATA[sdf]]></porttype>\n</item>\n</ports>\n</object>\n</objects>\n<connections>\n</connections>\n</drawing>\n","N");
INSERT INTO ez_topology VALUES("190","eztest_topo","2009-12-04 18:45:33","53","","","<?xml version=\"1.0\" encoding=\"ISO-8859-1\"?>\n<drawing>\n<objects>\n<object>\n<type>router</type>\n<id>Kd7pO9ugLzWZoMW74dytl9MptyMcLhk7</id>\n<xpos>256</xpos>\n<ypos>111</ypos>\n<devicename><![CDATA[dfsd]]></devicename>\n<devicetype><![CDATA[router]]></devicetype>\n<noofports><![CDATA[1]]></noofports>\n<devclicmds><![CDATA[]]></devclicmds>\n<ports>\n<item>\n<portno><![CDATA[sdf]]></portno>\n<porttype><![CDATA[dfsdf]]></porttype>\n</item>\n</ports>\n</object>\n</objects>\n<connections>\n</connections>\n</drawing>\n","N");
INSERT INTO ez_topology VALUES("191","zzfff","2009-12-04 18:45:33","53","","","<?xml version=\"1.0\" encoding=\"ISO-8859-1\"?>\n<drawing>\n<objects>\n<object>\n<type>router</type>\n<id>H8hJOl87wG8xNI2PhTaenlLqGTUGyQGa</id>\n<xpos>195</xpos>\n<ypos>125</ypos>\n<devicename><![CDATA[sdfsdf]]></devicename>\n<devicetype><![CDATA[router]]></devicetype>\n<noofports><![CDATA[1]]></noofports>\n<devclicmds><![CDATA[]]></devclicmds>\n<ports>\n<item>\n<portno><![CDATA[sdf]]></portno>\n<porttype><![CDATA[dsfsdf]]></porttype>\n</item>\n</ports>\n</object>\n</objects>\n<connections>\n</connections>\n</drawing>\n","N");
INSERT INTO ez_topology VALUES("192","ngin_topo2","2009-12-04 18:45:33","53","","","<?xml version=\"1.0\" encoding=\"ISO-8859-1\"?>\n<drawing>\n<objects>\n<object>\n<type>router</type>\n<id>sVhyo0WiubLFZ2CaxU2Jq3es3JXSsBtO</id>\n<xpos>677</xpos>\n<ypos>61</ypos>\n<devicename><![CDATA[rout]]></devicename>\n<devicetype><![CDATA[router]]></devicetype>\n<noofports><![CDATA[1]]></noofports>\n<devclicmds><![CDATA[]]></devclicmds>\n<ports>\n<item>\n<portno><![CDATA[sdf]]></portno>\n<porttype><![CDATA[sdf]]></porttype>\n</item>\n</ports>\n</object>\n<object>\n<type>router</type>\n<id>iAGHHZPRAu8xqQLeTITWPGbWnQXbXmgF</id>\n<xpos>660</xpos>\n<ypos>369</ypos>\n<devicename><![CDATA[sdsdd]]></devicename>\n<devicetype><![CDATA[router]]></devicetype>\n<noofports><![CDATA[1]]></noofports>\n<devclicmds><![CDATA[]]></devclicmds>\n<ports>\n<item>\n<portno><![CDATA[d]]></portno>\n<porttype><![CDATA[d]]></porttype>\n</item>\n</ports>\n</object>\n</objects>\n<connections>\n<connection>\n<sourceId>sVhyo0WiubLFZ2CaxU2Jq3es3JXSsBtO</sourceId>\n<sourcePortId>outputPort4</sourcePortId>\n<targetId>iAGHHZPRAu8xqQLeTITWPGbWnQXbXmgF</targetId>\n<targetPortId>outputPort11</targetPortId>\n</connection>\n</connections>\n<params>\n<theObjects>\n<![CDATA[router,677,61|router,660,369]]></theObjects>\n<theConnections>\n<![CDATA[732,116,732,249|630,248,733,248|630,248,630,382|630,381,651,381]]></theConnections>\n</params>\n</drawing>\n","N");
INSERT INTO ez_topology VALUES("193","a","2009-12-04 18:45:33","53","","","<?xml version=\"1.0\" encoding=\"ISO-8859-1\"?>\n<drawing>\n<objects>\n<object>\n<type>router</type>\n<id>ZE1CJ59HkfgqEEexzSairOTCPyrZlAJg</id>\n<xpos>181</xpos>\n<ypos>111</ypos>\n<devicename><![CDATA[a]]></devicename>\n<devicetype><![CDATA[router]]></devicetype>\n<noofports><![CDATA[1]]></noofports>\n<devclicmds><![CDATA[]]></devclicmds>\n<ports>\n<item>\n<portno><![CDATA[a]]></portno>\n<porttype><![CDATA[a]]></porttype>\n</item>\n</ports>\n</object>\n</objects>\n<connections>\n</connections>\n</drawing>\n","N");
INSERT INTO ez_topology VALUES("194","test25996633","2009-12-04 18:45:33","53","","","<?xml version=\"1.0\" encoding=\"ISO-8859-1\"?>\n<drawing>\n<objects>\n<object>\n<type>router</type>\n<id>pNtk1XT2Tdgs05xo1We2Vu4FtrhiNmDt</id>\n<xpos>436</xpos>\n<ypos>98</ypos>\n<devicename><![CDATA[sdfsdfsdf]]></devicename>\n<devicetype><![CDATA[router]]></devicetype>\n<noofports><![CDATA[1]]></noofports>\n<devclicmds><![CDATA[]]></devclicmds>\n<ports>\n<item>\n<portno><![CDATA[sdf]]></portno>\n<porttype><![CDATA[dsf]]></porttype>\n</item>\n</ports>\n</object>\n</objects>\n<connections>\n</connections>\n</drawing>\n","N");
INSERT INTO ez_topology VALUES("195","topology","2009-12-04 18:45:33","53","","","helow","N");
INSERT INTO ez_topology VALUES("196","test20000000009","2009-12-04 18:45:33","53","","","<?xml version=\"1.0\" encoding=\"ISO-8859-1\"?>\n<drawing>\n<objects>\n<object>\n<type>router</type>\n<id>RUdAcpkr1xigXrxQdmEOKO5Qt3M2UD1l</id>\n<xpos>296</xpos>\n<ypos>127</ypos>\n<devicename><![CDATA[sdsd]]></devicename>\n<devicetype><![CDATA[router]]></devicetype>\n<noofports><![CDATA[1]]></noofports>\n<devclicmds><![CDATA[]]></devclicmds>\n<ports>\n<item>\n<portno><![CDATA[sd]]></portno>\n<porttype><![CDATA[sdsd]]></porttype>\n</item>\n</ports>\n</object>\n<object>\n<type>ixia</type>\n<id>lTDM63xeLm73iJGe8A9phtHBy70vE0Q6</id>\n<xpos>310</xpos>\n<ypos>244</ypos>\n<devicename><![CDATA[sdasda]]></devicename>\n<devicetype><![CDATA[ixia]]></devicetype>\n<noofports><![CDATA[1]]></noofports>\n<devclicmds><![CDATA[]]></devclicmds>\n<ports>\n<item>\n<portno><![CDATA[asdfasdf]]></portno>\n<porttype><![CDATA[sdfsdf]]></porttype>\n</item>\n</ports>\n</object>\n<object>\n<type>wavesat</type>\n<id>V2sdnn4hMX8uRO1QTwCHqZTtwNtRos6n</id>\n<xpos>135</xpos>\n<ypos>176</ypos>\n<devicename><![CDATA[ss]]></devicename>\n<devicetype><![CDATA[wavesat]]></devicetype>\n<noofports><![CDATA[1]]></noofports>\n<devclicmds><![CDATA[]]></devclicmds>\n<ports>\n<item>\n<portno><![CDATA[ss]]></portno>\n<porttype><![CDATA[ss]]></porttype>\n</item>\n</ports>\n</object>\n<object>\n<type>extreme</type>\n<id>so6hzDv6WLyPvZDJ8KZ7zazEAd6JIprZ</id>\n<xpos>448</xpos>\n<ypos>178</ypos>\n<devicename><![CDATA[sdfdsaa]]></devicename>\n<devicetype><![CDATA[extreme]]></devicetype>\n<noofports><![CDATA[1]]></noofports>\n<devclicmds><![CDATA[]]></devclicmds>\n<ports>\n<item>\n<portno><![CDATA[ss]]></portno>\n<porttype><![CDATA[dfdf]]></porttype>\n</item>\n</ports>\n</object>\n</objects>\n<connections>\n<connection>\n<sourceId>RUdAcpkr1xigXrxQdmEOKO5Qt3M2UD1l</sourceId>\n<sourcePortId>outputPort9</sourcePortId>\n<targetId>V2sdnn4hMX8uRO1QTwCHqZTtwNtRos6n</targetId>\n<targetPortId>inputPort1</targetPortId>\n</connection>\n<connection>\n<sourceId>lTDM63xeLm73iJGe8A9phtHBy70vE0Q6</sourceId>\n<sourcePortId>inputPort9</sourcePortId>\n<targetId>V2sdnn4hMX8uRO1QTwCHqZTtwNtRos6n</targetId>\n<targetPortId>inputPort6</targetPortId>\n</connection>\n<connection>\n<sourceId>so6hzDv6WLyPvZDJ8KZ7zazEAd6JIprZ</sourceId>\n<sourcePortId>outputPort5</sourcePortId>\n<targetId>lTDM63xeLm73iJGe8A9phtHBy70vE0Q6</targetId>\n<targetPortId>inputPort3</targetPortId>\n</connection>\n<connection>\n<sourceId>RUdAcpkr1xigXrxQdmEOKO5Qt3M2UD1l</sourceId>\n<sourcePortId>outputPort2</sourcePortId>\n<targetId>so6hzDv6WLyPvZDJ8KZ7zazEAd6JIprZ</targetId>\n<targetPortId>outputPort13</targetPortId>\n</connection>\n</connections>\n<params>\n<theObjects>\n<![CDATA[router,296,127|ixia,310,244|wavesat,135,176|extreme,448,178]]></theObjects>\n<theConnections>\n<![CDATA[240,164,287,164|240,164,240,189|195,188,241,188[*]160,281,301,281|160,236,160,282[*]485,238,485,282|370,281,486,281[*]356,152,461,152|460,152,460,169]]></theConnections>\n</params>\n</drawing>\n","N");
INSERT INTO ez_topology VALUES("197","sszs","2009-12-04 18:45:33","53","","","<?xml version=\"1.0\" encoding=\"ISO-8859-1\"?>\n<drawing>\n<objects>\n<object>\n<type>router</type>\n<id>DMQh5EhDpURoeWINcM2e83DPrmhAnTxZ</id>\n<xpos>351</xpos>\n<ypos>140</ypos>\n<devicename><![CDATA[ddd]]></devicename>\n<devicetype><![CDATA[router]]></devicetype>\n<noofports><![CDATA[1]]></noofports>\n<devclicmds><![CDATA[]]></devclicmds>\n<ports>\n<item>\n<portno><![CDATA[ddd]]></portno>\n<porttype><![CDATA[dddddd]]></porttype>\n</item>\n</ports>\n</object>\n<object>\n<type>router</type>\n<id>1y8F6ycHSiTvSG6yFV3FaVxTKX5W3T1k</id>\n<xpos>252</xpos>\n<ypos>123</ypos>\n<devicename><![CDATA[sss]]></devicename>\n<devicetype><![CDATA[router]]></devicetype>\n<noofports><![CDATA[1]]></noofports>\n<devclicmds><![CDATA[]]></devclicmds>\n<ports>\n<item>\n<portno><![CDATA[ss]]></portno>\n<porttype><![CDATA[ss]]></porttype>\n</item>\n</ports>\n</object>\n</objects>\n<connections>\n</connections>\n</drawing>\n","N");
INSERT INTO ez_topology VALUES("198","axx","2009-12-04 18:45:33","53","","","<?xml version=\"1.0\" encoding=\"ISO-8859-1\"?>\n<drawing>\n<objects>\n<object>\n<type>router</type>\n<id>Z35sN7hG9pa06MTy3MSan7deq195gdRq</id>\n<xpos>462</xpos>\n<ypos>182</ypos>\n<devicename><![CDATA[testr]]></devicename>\n<devicetype><![CDATA[router]]></devicetype>\n<noofports><![CDATA[1]]></noofports>\n<devclicmds><![CDATA[]]></devclicmds>\n<ports>\n<item>\n<portno><![CDATA[fdg]]></portno>\n<porttype><![CDATA[fdfg]]></porttype>\n</item>\n</ports>\n</object>\n<object>\n<type>extreme</type>\n<id>hdu1HxW1r6fpJkM1hm0aFJhIZVeUW0oS</id>\n<xpos>324</xpos>\n<ypos>271</ypos>\n<ports>\n</ports>\n</object>\n</objects>\n<connections>\n</connections>\n</drawing>\n","N");
INSERT INTO ez_topology VALUES("199","ddddddfddddddd","2009-12-04 18:53:10","2","","","<?xml version=\"1.0\" encoding=\"ISO-8859-1\"?>\n<drawing>\n<objects>\n<object>\n<type>router</type>\n<id>Kd7pO9ugLzWZoMW74dytl9MptyMcLhk7</id>\n<xpos>256</xpos>\n<ypos>111</ypos>\n<devicename><![CDATA[dfsd]]></devicename>\n<devicetype><![CDATA[router]]></devicetype>\n<noofports><![CDATA[1]]></noofports>\n<devclicmds><![CDATA[]]></devclicmds>\n<ports>\n<item>\n<portno><![CDATA[sdf]]></portno>\n<porttype><![CDATA[dfsdf]]></porttype>\n</item>\n</ports>\n</object>\n</objects>\n<connections>\n</connections>\n</drawing>\n","N");
INSERT INTO ez_topology VALUES("200","qqww","2009-12-04 18:53:10","2","","","<?xml version=\"1.0\" encoding=\"ISO-8859-1\"?>\n<drawing>\n<objects>\n<object>\n<type>router</type>\n<id>SwbinCQ2tSZ7POXbNKwMQKpZDmI2q0ah</id>\n<xpos>292</xpos>\n<ypos>172</ypos>\n<devicename><![CDATA[zxcdd11111111111111111118833333333]]></devicename>\n<devicetype><![CDATA[router]]></devicetype>\n<noofports><![CDATA[1]]></noofports>\n<devclicmds><![CDATA[]]></devclicmds>\n<ports>\n<item>\n<portno><![CDATA[dfd]]></portno>\n<porttype><![CDATA[df]]></porttype>\n</item>\n</ports>\n</object>\n</objects>\n<connections>\n</connections>\n</drawing>\n","N");
INSERT INTO ez_topology VALUES("201","ttttttttttt","2009-12-04 18:53:10","2","","","<?xml version=\"1.0\" encoding=\"ISO-8859-1\"?>\n<drawing>\n<objects>\n<object>\n<type>router</type>\n<id>CVulbAJpfH3c5Uk20gBlCt27Ba5ds50S</id>\n<xpos>291</xpos>\n<ypos>134</ypos>\n<devicename><![CDATA[sdfsdf]]></devicename>\n<devicetype><![CDATA[router]]></devicetype>\n<noofports><![CDATA[1]]></noofports>\n<devclicmds><![CDATA[]]></devclicmds>\n<ports>\n<item>\n<portno><![CDATA[sdf]]></portno>\n<porttype><![CDATA[sdf]]></porttype>\n</item>\n</ports>\n</object>\n</objects>\n<connections>\n</connections>\n</drawing>\n","N");
INSERT INTO ez_topology VALUES("202","dtd","2009-12-04 18:53:10","2","","","<?xml version=\"1.0\" encoding=\"ISO-8859-1\"?>\n<drawing>\n<objects>\n<object>\n<type>router</type>\n<id>c3kfco8G29mfMOdePyUIhp7TKZGwALku</id>\n<xpos>249</xpos>\n<ypos>136</ypos>\n<devicename><![CDATA[fgfg]]></devicename>\n<devicetype><![CDATA[router]]></devicetype>\n<noofports><![CDATA[1]]></noofports>\n<devclicmds><![CDATA[]]></devclicmds>\n<ports>\n<item>\n<portno><![CDATA[dfg]]></portno>\n<porttype><![CDATA[fgdfg]]></porttype>\n</item>\n</ports>\n</object>\n</objects>\n<connections>\n</connections>\n</drawing>\n","N");
INSERT INTO ez_topology VALUES("203","f","2009-12-04 18:53:10","2","","","<?xml version=\"1.0\" encoding=\"ISO-8859-1\"?>\n<drawing>\n<objects>\n<object>\n<type>router</type>\n<id>603aQEKp6JBKqyffggu6Il3kmZCCcau3</id>\n<xpos>327</xpos>\n<ypos>145</ypos>\n<devicename><![CDATA[sdf]]></devicename>\n<devicetype><![CDATA[router]]></devicetype>\n<noofports><![CDATA[1]]></noofports>\n<devclicmds><![CDATA[]]></devclicmds>\n<ports>\n<item>\n<portno><![CDATA[dsf]]></portno>\n<porttype><![CDATA[ffd]]></porttype>\n</item>\n</ports>\n</object>\n<object>\n<type>linuxpc</type>\n<id>uouVCe17C0bVLbhrW6ByTGwPNNU9OPNg</id>\n<xpos>450</xpos>\n<ypos>146</ypos>\n<devicename><![CDATA[dsf]]></devicename>\n<devicetype><![CDATA[linuxpc]]></devicetype>\n<noofports><![CDATA[1]]></noofports>\n<devclicmds><![CDATA[]]></devclicmds>\n<ports>\n<item>\n<portno><![CDATA[dsf]]></portno>\n<porttype><![CDATA[df]]></porttype>\n</item>\n</ports>\n</object>\n</objects>\n<connections>\n<connection>\n<sourceId>603aQEKp6JBKqyffggu6Il3kmZCCcau3</sourceId>\n<sourcePortId>outputPort4</sourcePortId>\n<targetId>uouVCe17C0bVLbhrW6ByTGwPNNU9OPNg</targetId>\n<targetPortId>inputPort11</targetPortId>\n</connection>\n</connections>\n<params>\n<theObjects>\nrouter,327,145|linuxpc,450,146</theObjects>\n<theConnections>\n382,200,382,221|382,220,412,220|411,158,411,221|411,158,441,158</theConnections>\n<params>\n</drawing>\n","N");
INSERT INTO ez_topology VALUES("204","test_topo_","2009-12-04 18:53:10","2","","","<?xml version=\"1.0\" encoding=\"ISO-8859-1\"?>\n<drawing>\n<objects>\n<object>\n<type>router</type>\n<id>9HeoCkmyzQdcAUvURDWu24GgGs4mrCdv</id>\n<xpos>341</xpos>\n<ypos>118</ypos>\n<devicename><![CDATA[ff]]></devicename>\n<devicetype><![CDATA[router]]></devicetype>\n<noofports><![CDATA[1]]></noofports>\n<devclicmds><![CDATA[]]></devclicmds>\n<ports>\n<item>\n<portno><![CDATA[f]]></portno>\n<porttype><![CDATA[f]]></porttype>\n</item>\n</ports>\n</object>\n</objects>\n<connections>\n</connections>\n</drawing>\n","N");
INSERT INTO ez_topology VALUES("205","__f","2009-12-04 18:53:10","2","","","<?xml version=\"1.0\" encoding=\"ISO-8859-1\"?>\n<drawing>\n<objects>\n<object>\n<type>router</type>\n<id>EWkGpLBKIHOHhPRT18MUc5AbAeQhp0BX</id>\n<xpos>257</xpos>\n<ypos>132</ypos>\n<devicename><![CDATA[sd]]></devicename>\n<devicetype><![CDATA[router]]></devicetype>\n<noofports><![CDATA[1]]></noofports>\n<devclicmds><![CDATA[]]></devclicmds>\n<ports>\n<item>\n<portno><![CDATA[s]]></portno>\n<porttype><![CDATA[s]]></porttype>\n</item>\n</ports>\n</object>\n<object>\n<type>windowspc</type>\n<id>LucvECMZlESG6uWFNa0TkLXwGJrGiJMw</id>\n<xpos>456</xpos>\n<ypos>121</ypos>\n<devicename><![CDATA[sdww]]></devicename>\n<devicetype><![CDATA[windowspc]]></devicetype>\n<noofports><![CDATA[1]]></noofports>\n<devclicmds><![CDATA[]]></devclicmds>\n<ports>\n<item>\n<portno><![CDATA[s]]></portno>\n<porttype><![CDATA[s]]></porttype>\n</item>\n</ports>\n</object>\n<object>\n<type>router</type>\n<id>puNGu9KWT8gTNamV0Sn1ComHo9OuH11X</id>\n<xpos>392</xpos>\n<ypos>284</ypos>\n<devicename><![CDATA[deawd]]></devicename>\n<devicetype><![CDATA[router]]></devicetype>\n<noofports><![CDATA[1]]></noofports>\n<devclicmds><![CDATA[]]></devclicmds>\n<ports>\n<item>\n<portno><![CDATA[asd]]></portno>\n<porttype><![CDATA[sd]]></porttype>\n</item>\n</ports>\n</object>\n</objects>\n<connections>\n<connection>\n<sourceId>EWkGpLBKIHOHhPRT18MUc5AbAeQhp0BX</sourceId>\n<sourcePortId>outputPort6</sourcePortId>\n<targetId>puNGu9KWT8gTNamV0Sn1ComHo9OuH11X</targetId>\n<targetPortId>outputPort9</targetPortId>\n</connection>\n<connection>\n<sourceId>EWkGpLBKIHOHhPRT18MUc5AbAeQhp0BX</sourceId>\n<sourcePortId>outputPort1</sourcePortId>\n<targetId>LucvECMZlESG6uWFNa0TkLXwGJrGiJMw</targetId>\n<targetPortId>inputPort9</targetPortId>\n</connection>\n<connection>\n<sourceId>puNGu9KWT8gTNamV0Sn1ComHo9OuH11X</sourceId>\n<sourcePortId>outputPort2</sourcePortId>\n<targetId>LucvECMZlESG6uWFNa0TkLXwGJrGiJMw</targetId>\n<targetPortId>inputPort5</targetPortId>\n</connection>\n</connections>\n<params>\n<theObjects>\nrouter,257,132|windowspc,456,121|router,392,284</theObjects>\n<theConnections>\n282,192,282,322|282,321,383,321[*]317,144,382,144|381,144,381,159|381,158,447,158[*]452,309,494,309|493,181,493,310</theConnections>\n<params>\n</drawing>\n","N");
INSERT INTO ez_topology VALUES("206","dfdf","2009-12-04 18:53:10","2","","","<?xml version=\"1.0\" encoding=\"ISO-8859-1\"?>\n<drawing>\n<objects>\n<object>\n<type>router</type>\n<id>dgSoKTGUtZyhkLZFlLnUPMz4BTbLNVco</id>\n<xpos>377</xpos>\n<ypos>200</ypos>\n<devicename><![CDATA[router123]]></devicename>\n<devicetype><![CDATA[router]]></devicetype>\n<noofports><![CDATA[1]]></noofports>\n<devclicmds><![CDATA[]]></devclicmds>\n<ports>\n<item>\n<portno><![CDATA[dd]]></portno>\n<porttype><![CDATA[dd]]></porttype>\n</item>\n</ports>\n</object>\n</objects>\n<connections>\n</connections>\n</drawing>\n","N");
INSERT INTO ez_topology VALUES("207","xcvxc","2009-12-04 18:53:10","2","","","<?xml version=\"1.0\" encoding=\"ISO-8859-1\"?>\n<drawing>\n<objects>\n<object>\n<type>router</type>\n<id>B74Sm4OmX3sUZ9wlifv9pAKIsAydlRqs</id>\n<xpos>363</xpos>\n<ypos>119</ypos>\n<devicename><![CDATA[tgghgfh]]></devicename>\n<devicetype><![CDATA[router]]></devicetype>\n<noofports><![CDATA[1]]></noofports>\n<devclicmds><![CDATA[]]></devclicmds>\n<ports>\n<item>\n<portno><![CDATA[gfh]]></portno>\n<porttype><![CDATA[gfh]]></porttype>\n</item>\n</ports>\n</object>\n</objects>\n<connections>\n</connections>\n</drawing>\n","N");
INSERT INTO ez_topology VALUES("208","dd","2009-12-04 18:53:10","2","","","<?xml version=\"1.0\" encoding=\"ISO-8859-1\"?>\n<drawing>\n<objects>\n<object>\n<type>router</type>\n<id>WpCtWXefJ6sSbTTNqn5MIbFvHw5mlV8E</id>\n<xpos>438</xpos>\n<ypos>134</ypos>\n<devicename><![CDATA[dfg]]></devicename>\n<devicetype><![CDATA[router]]></devicetype>\n<noofports><![CDATA[1]]></noofports>\n<devclicmds><![CDATA[]]></devclicmds>\n<ports>\n<item>\n<portno><![CDATA[d]]></portno>\n<porttype><![CDATA[d]]></porttype>\n</item>\n</ports>\n</object>\n</objects>\n<connections>\n</connections>\n</drawing>\n","N");
INSERT INTO ez_topology VALUES("209","test_topo_ngin","2009-12-04 18:53:10","2","","","<?xml version=\"1.0\" encoding=\"ISO-8859-1\"?>\n<drawing>\n<objects>\n<object>\n<type>router</type>\n<id>ciA5JeyJF908HFaw2tATPCwL82khrOsW</id>\n<xpos>227</xpos>\n<ypos>122</ypos>\n<devicename><![CDATA[rout1]]></devicename>\n<devicetype><![CDATA[router]]></devicetype>\n<noofports><![CDATA[2]]></noofports>\n<devclicmds><![CDATA[]]></devclicmds>\n<ports>\n<item>\n<portno><![CDATA[rout1pname1]]></portno>\n<porttype><![CDATA[rout1ptype1]]></porttype>\n</item>\n<item>\n<portno><![CDATA[rout1pname2]]></portno>\n<porttype><![CDATA[rout1ptype2]]></porttype>\n</item>\n</ports>\n</object>\n<object>\n<type>router</type>\n<id>GuFsLTyTBtN0sCMqbH7BQpBARzwVnbMb</id>\n<xpos>552</xpos>\n<ypos>127</ypos>\n<devicename><![CDATA[rout2]]></devicename>\n<devicetype><![CDATA[router]]></devicetype>\n<noofports><![CDATA[2]]></noofports>\n<devclicmds><![CDATA[]]></devclicmds>\n<ports>\n<item>\n<portno><![CDATA[rout2pname1]]></portno>\n<porttype><![CDATA[rout2ptype1]]></porttype>\n</item>\n<item>\n<portno><![CDATA[rout2pname2]]></portno>\n<porttype><![CDATA[rout2ptype2]]></porttype>\n</item>\n</ports>\n</object>\n<object>\n<type>router</type>\n<id>3ZTCg3TWIpxTXlGVGExy9BpoLqXgCEnW</id>\n<xpos>388</xpos>\n<ypos>281</ypos>\n<devicename><![CDATA[rout3]]></devicename>\n<devicetype><![CDATA[router]]></devicetype>\n<noofports><![CDATA[2]]></noofports>\n<devclicmds><![CDATA[]]></devclicmds>\n<ports>\n<item>\n<portno><![CDATA[rout3pname1]]></portno>\n<porttype><![CDATA[rout3ptype1]]></porttype>\n</item>\n<item>\n<portno><![CDATA[rout3pname2]]></portno>\n<porttype><![CDATA[rout3ptype2]]></porttype>\n</item>\n</ports>\n</object>\n</objects>\n<connections>\n<connection>\n<sourceId>ciA5JeyJF908HFaw2tATPCwL82khrOsW</sourceId>\n<sourcePortId>outputPort2</sourcePortId>\n<targetId>GuFsLTyTBtN0sCMqbH7BQpBARzwVnbMb</targetId>\n<targetPortId>outputPort9</targetPortId>\n</connection>\n<connection>\n<sourceId>ciA5JeyJF908HFaw2tATPCwL82khrOsW</sourceId>\n<sourcePortId>outputPort6</sourcePortId>\n<targetId>3ZTCg3TWIpxTXlGVGExy9BpoLqXgCEnW</targetId>\n<targetPortId>outputPort9</targetPortId>\n</connection>\n<connection>\n<sourceId>GuFsLTyTBtN0sCMqbH7BQpBARzwVnbMb</sourceId>\n<sourcePortId>outputPort5</sourcePortId>\n<targetId>3ZTCg3TWIpxTXlGVGExy9BpoLqXgCEnW</targetId>\n<targetPortId>outputPort1</targetPortId>\n</connection>\n</connections>\n</drawing>\n","N");
INSERT INTO ez_topology VALUES("210","ssaz","2009-12-04 18:53:10","2","","","<?xml version=\"1.0\" encoding=\"ISO-8859-1\"?>\n<drawing>\n<objects>\n<object>\n<type>router</type>\n<id>SwbinCQ2tSZ7POXbNKwMQKpZDmI2q0ah</id>\n<xpos>415</xpos>\n<ypos>179</ypos>\n<devicename><![CDATA[zxcdd111111111ccc1]]></devicename>\n<devicetype><![CDATA[router]]></devicetype>\n<noofports><![CDATA[1]]></noofports>\n<devclicmds><![CDATA[]]></devclicmds>\n<ports>\n<item>\n<portno><![CDATA[dfd]]></portno>\n<porttype><![CDATA[df]]></porttype>\n</item>\n</ports>\n</object>\n</objects>\n<connections>\n</connections>\n</drawing>\n","N");
INSERT INTO ez_topology VALUES("211","ngin_topology1","2009-12-04 18:53:10","2","","","<?xml version=\"1.0\" encoding=\"ISO-8859-1\"?>\n<drawing>\n<objects>\n<object>\n<type>router</type>\n<id>iAGHHZPRAu8xqQLeTITWPGbWnQXbXmgF</id>\n<xpos>677</xpos>\n<ypos>309</ypos>\n<devicename><![CDATA[sdsdd]]></devicename>\n<devicetype><![CDATA[router]]></devicetype>\n<noofports><![CDATA[1]]></noofports>\n<devclicmds><![CDATA[]]></devclicmds>\n<ports>\n<item>\n<portno><![CDATA[d]]></portno>\n<porttype><![CDATA[d]]></porttype>\n</item>\n</ports>\n</object>\n<object>\n<type>linuxpc</type>\n<id>oUmznx1AUPZEP8fBXMy9qTDLPiQHvTZc</id>\n<xpos>209</xpos>\n<ypos>209</ypos>\n<devicename><![CDATA[sdfss]]></devicename>\n<devicetype><![CDATA[linuxpc]]></devicetype>\n<noofports><![CDATA[2]]></noofports>\n<devclicmds><![CDATA[]]></devclicmds>\n<ports>\n<item>\n<portno><![CDATA[sdf]]></portno>\n<porttype><![CDATA[df]]></porttype>\n</item>\n<item>\n<portno><![CDATA[sdfe]]></portno>\n<porttype><![CDATA[ffe]]></porttype>\n</item>\n</ports>\n</object>\n<object>\n<type>router</type>\n<id>sVhyo0WiubLFZ2CaxU2Jq3es3JXSsBtO</id>\n<xpos>526</xpos>\n<ypos>139</ypos>\n<devicename><![CDATA[rout]]></devicename>\n<devicetype><![CDATA[router]]></devicetype>\n<noofports><![CDATA[1]]></noofports>\n<devclicmds><![CDATA[]]></devclicmds>\n<ports>\n<item>\n<portno><![CDATA[ss]]></portno>\n<porttype><![CDATA[sss]]></porttype>\n</item>\n</ports>\n</object>\n</objects>\n<connections>\n<connection>\n<sourceId>sVhyo0WiubLFZ2CaxU2Jq3es3JXSsBtO</sourceId>\n<sourcePortId>outputPort4</sourcePortId>\n<targetId>iAGHHZPRAu8xqQLeTITWPGbWnQXbXmgF</targetId>\n<targetPortId>outputPort11</targetPortId>\n</connection>\n<connection>\n<sourceId>sVhyo0WiubLFZ2CaxU2Jq3es3JXSsBtO</sourceId>\n<sourcePortId>outputPort9</sourcePortId>\n<targetId>oUmznx1AUPZEP8fBXMy9qTDLPiQHvTZc</targetId>\n<targetPortId>inputPort3</targetPortId>\n</connection>\n</connections>\n<params>\n<theObjects>\n<![CDATA[router,677,309|linuxpc,209,209|router,526,139]]></theObjects>\n<theConnections>\n<![CDATA[581,194,581,322|581,321,668,321[*]392,176,517,176|392,176,392,247|269,246,393,246]]></theConnections>\n</params>\n</drawing>\n","N");
INSERT INTO ez_topology VALUES("212","ax","2009-12-04 18:53:10","2","","","<?xml version=\"1.0\" encoding=\"ISO-8859-1\"?>\n<drawing>\n<objects>\n<object>\n<type>router</type>\n<id>EktovpkP1XVuyyUzvOtu3mcEyWFbzMgg</id>\n<xpos>313</xpos>\n<ypos>108</ypos>\n<devicename><![CDATA[aa]]></devicename>\n<devicetype><![CDATA[router]]></devicetype>\n<noofports><![CDATA[1]]></noofports>\n<devclicmds><![CDATA[]]></devclicmds>\n<ports>\n<item>\n<portno><![CDATA[a]]></portno>\n<porttype><![CDATA[a]]></porttype>\n</item>\n</ports>\n</object>\n</objects>\n<connections>\n</connections>\n</drawing>\n","N");
INSERT INTO ez_topology VALUES("213","sasasaasasasas","2009-12-04 18:53:10","2","","","<?xml version=\"1.0\" encoding=\"ISO-8859-1\"?>\n<drawing>\n<objects>\n<object>\n<type>router</type>\n<id>ZENl8cQSN3gzsbJLu2Fk0q34dcmwfOB4</id>\n<xpos>234</xpos>\n<ypos>149</ypos>\n<devicename><![CDATA[dfdfsdf]]></devicename>\n<devicetype><![CDATA[router]]></devicetype>\n<noofports><![CDATA[1]]></noofports>\n<devclicmds><![CDATA[]]></devclicmds>\n<ports>\n<item>\n<portno><![CDATA[dfsdfd]]></portno>\n<porttype><![CDATA[fsdfsdfsdf]]></porttype>\n</item>\n</ports>\n</object>\n</objects>\n<connections>\n</connections>\n</drawing>\n","N");
INSERT INTO ez_topology VALUES("214","ggg","2009-12-04 18:53:10","2","","","<?xml version=\"1.0\" encoding=\"ISO-8859-1\"?>\n<drawing>\n<objects>\n<object>\n<type>router</type>\n<id>sOknOElAxQIMPwsAEZnmZTP4dzyUdADd</id>\n<xpos>266</xpos>\n<ypos>116</ypos>\n<devicename><![CDATA[asd]]></devicename>\n<devicetype><![CDATA[router]]></devicetype>\n<noofports><![CDATA[1]]></noofports>\n<devclicmds><![CDATA[]]></devclicmds>\n<ports>\n<item>\n<portno><![CDATA[asdas]]></portno>\n<porttype><![CDATA[d]]></porttype>\n</item>\n</ports>\n</object>\n</objects>\n<connections>\n</connections>\n</drawing>\n","N");
INSERT INTO ez_topology VALUES("215","testtopology2006","2009-12-04 18:53:10","2","","","<?xml version=\"1.0\" encoding=\"ISO-8859-1\"?>\n<drawing>\n<objects>\n<object>\n<type>router</type>\n<id>Po41TLSyhsId5zTEEQmtP9OyGhSUDTaV</id>\n<xpos>325</xpos>\n<ypos>132</ypos>\n<devicename><![CDATA[dfdf]]></devicename>\n<devicetype><![CDATA[router]]></devicetype>\n<noofports><![CDATA[1]]></noofports>\n<devclicmds><![CDATA[]]></devclicmds>\n<ports>\n<item>\n<portno><![CDATA[sdf]]></portno>\n<porttype><![CDATA[sdf]]></porttype>\n</item>\n</ports>\n</object>\n</objects>\n<connections>\n</connections>\n</drawing>\n","N");
INSERT INTO ez_topology VALUES("216","dxxxx","2009-12-04 18:53:10","2","","","<?xml version=\"1.0\" encoding=\"ISO-8859-1\"?>\n<drawing>\n<objects>\n<object>\n<type>router</type>\n<id>S7ycmvGrdyFszVrIqNQCXlTUtJC1wNGI</id>\n<xpos>237</xpos>\n<ypos>127</ypos>\n<devicename><![CDATA[dddf]]></devicename>\n<devicetype><![CDATA[router]]></devicetype>\n<noofports><![CDATA[1]]></noofports>\n<devclicmds><![CDATA[]]></devclicmds>\n<ports>\n<item>\n<portno><![CDATA[dfg]]></portno>\n<porttype><![CDATA[gf]]></porttype>\n</item>\n</ports>\n</object>\n</objects>\n<connections>\n</connections>\n</drawing>\n","N");
INSERT INTO ez_topology VALUES("217","zzff","2009-12-04 18:53:10","2","","","<?xml version=\"1.0\" encoding=\"ISO-8859-1\"?>\n<drawing>\n<objects>\n<object>\n<type>router</type>\n<id>SwbinCQ2tSZ7POXbNKwMQKpZDmI2q0ah</id>\n<xpos>291</xpos>\n<ypos>171</ypos>\n<devicename><![CDATA[zxcdd]]></devicename>\n<devicetype><![CDATA[router]]></devicetype>\n<noofports><![CDATA[1]]></noofports>\n<devclicmds><![CDATA[]]></devclicmds>\n<ports>\n<item>\n<portno><![CDATA[dfd]]></portno>\n<porttype><![CDATA[df]]></porttype>\n</item>\n</ports>\n</object>\n</objects>\n<connections>\n</connections>\n</drawing>\n","N");
INSERT INTO ez_topology VALUES("218","zzzzzzzzzzz","2009-12-04 18:53:10","2","","","<?xml version=\"1.0\" encoding=\"ISO-8859-1\"?>\n<drawing>\n<objects>\n<object>\n<type>router</type>\n<id>CVulbAJpfH3c5Uk20gBlCt27Ba5ds50S</id>\n<xpos>291</xpos>\n<ypos>134</ypos>\n<devicename><![CDATA[sdfsdf]]></devicename>\n<devicetype><![CDATA[router]]></devicetype>\n<noofports><![CDATA[1]]></noofports>\n<devclicmds><![CDATA[]]></devclicmds>\n<ports>\n<item>\n<portno><![CDATA[sdf]]></portno>\n<porttype><![CDATA[sdf]]></porttype>\n</item>\n</ports>\n</object>\n</objects>\n<connections>\n</connections>\n</drawing>\n","N");
INSERT INTO ez_topology VALUES("219","_f","2009-12-04 18:53:10","2","","","<?xml version=\"1.0\" encoding=\"ISO-8859-1\"?>\n<drawing>\n<objects>\n<object>\n<type>router</type>\n<id>EktovpkP1XVuyyUzvOtu3mcEyWFbzMgg</id>\n<xpos>315</xpos>\n<ypos>110</ypos>\n<devicename><![CDATA[aa]]></devicename>\n<devicetype><![CDATA[router]]></devicetype>\n<noofports><![CDATA[1]]></noofports>\n<devclicmds><![CDATA[]]></devclicmds>\n<ports>\n<item>\n<portno><![CDATA[a]]></portno>\n<porttype><![CDATA[a]]></porttype>\n</item>\n</ports>\n</object>\n</objects>\n<connections>\n</connections>\n<params>\n<theObjects>\nrouter,315,110</theObjects>\n<theConnections>\n\n</theConnections>\n<params>\n</drawing>\n","N");
INSERT INTO ez_topology VALUES("220","nginTopo","2009-12-04 18:53:10","2","","","<?xml version=\"1.0\" encoding=\"ISO-8859-1\"?>\n<drawing>\n<objects>\n<object>\n<type>router</type>\n<id>sVhyo0WiubLFZ2CaxU2Jq3es3JXSsBtO</id>\n<xpos>235</xpos>\n<ypos>380</ypos>\n<devicename><![CDATA[routdfsdf]]></devicename>\n<devicetype><![CDATA[router]]></devicetype>\n<noofports><![CDATA[1]]></noofports>\n<devclicmds><![CDATA[]]></devclicmds>\n<ports>\n<item>\n<portno><![CDATA[sdf]]></portno>\n<porttype><![CDATA[sdf]]></porttype>\n</item>\n</ports>\n</object>\n<object>\n<type>router</type>\n<id>iAGHHZPRAu8xqQLeTITWPGbWnQXbXmgF</id>\n<xpos>152</xpos>\n<ypos>203</ypos>\n<devicename><![CDATA[sdsdd]]></devicename>\n<devicetype><![CDATA[router]]></devicetype>\n<noofports><![CDATA[1]]></noofports>\n<devclicmds><![CDATA[]]></devclicmds>\n<ports>\n<item>\n<portno><![CDATA[d]]></portno>\n<porttype><![CDATA[d]]></porttype>\n</item>\n</ports>\n</object>\n<object>\n<type>linuxpc</type>\n<id>lwOZHm3ydHLxX1ddEXARnPPmGepchaXC</id>\n<xpos>187</xpos>\n<ypos>279</ypos>\n<devicename><![CDATA[kjk]]></devicename>\n<devicetype><![CDATA[linuxpc]]></devicetype>\n<noofports><![CDATA[1]]></noofports>\n<devclicmds><![CDATA[]]></devclicmds>\n<ports>\n<item>\n<portno><![CDATA[gjh]]></portno>\n<porttype><![CDATA[gj]]></porttype>\n</item>\n</ports>\n</object>\n</objects>\n<connections>\n<connection>\n<sourceId>sVhyo0WiubLFZ2CaxU2Jq3es3JXSsBtO</sourceId>\n<sourcePortId>outputPort4</sourcePortId>\n<targetId>iAGHHZPRAu8xqQLeTITWPGbWnQXbXmgF</targetId>\n<targetPortId>outputPort11</targetPortId>\n</connection>\n<connection>\n<sourceId>sVhyo0WiubLFZ2CaxU2Jq3es3JXSsBtO</sourceId>\n<sourcePortId>outputPort6</sourcePortId>\n<targetId>lwOZHm3ydHLxX1ddEXARnPPmGepchaXC</targetId>\n<targetPortId>inputPort</targetPortId>\n</connection>\n</connections>\n<params>\n<theObjects>\n<![CDATA[router,235,380|router,152,203|linuxpc,187,279]]></theObjects>\n<theConnections>\n<![CDATA[290,435,290,456|122,455,291,455|122,215,122,456|122,215,143,215[*]260,440,260,461|251,460,261,460|251,254,251,461|242,254,252,254|242,254,242,275]]></theConnections>\n</params>\n</drawing>\n","N");
INSERT INTO ez_topology VALUES("221","ngin_topo2009","2009-12-04 18:53:10","2","","","<?xml version=\"1.0\" encoding=\"ISO-8859-1\"?>\n<drawing>\n<objects>\n<object>\n<type>router</type>\n<id>e26Wt8a72JAw8bNB4UyOtlFUJ64vevko</id>\n<xpos>68</xpos>\n<ypos>198</ypos>\n<devicename><![CDATA[ab ]]></devicename>\n<devicetype><![CDATA[router]]></devicetype>\n<noofports><![CDATA[1]]></noofports>\n<devclicmds><![CDATA[]]></devclicmds>\n<ports>\n<item>\n<portno><![CDATA[sd]]></portno>\n<porttype><![CDATA[d]]></porttype>\n</item>\n</ports>\n</object>\n<object>\n<type>linuxpc</type>\n<id>fx0Oyrw02DLH2NGTA0mBD3gD2TpMfTdQ</id>\n<xpos>202</xpos>\n<ypos>204</ypos>\n<devicename><![CDATA[aa]]></devicename>\n<devicetype><![CDATA[linuxpc]]></devicetype>\n<noofports><![CDATA[1]]></noofports>\n<devclicmds><![CDATA[]]></devclicmds>\n<ports>\n<item>\n<portno><![CDATA[ss]]></portno>\n<porttype><![CDATA[ss]]></porttype>\n</item>\n</ports>\n</object>\n<object>\n<type>windowspc</type>\n<id>tbtklvJ2Io6X1Tb4DIfaHvVQ22u4I9O5</id>\n<xpos>342</xpos>\n<ypos>205</ypos>\n<devicename><![CDATA[abcd]]></devicename>\n<devicetype><![CDATA[windowspc]]></devicetype>\n<noofports><![CDATA[1]]></noofports>\n<devclicmds><![CDATA[]]></devclicmds>\n<ports>\n<item>\n<portno><![CDATA[sd]]></portno>\n<porttype><![CDATA[fd]]></porttype>\n</item>\n</ports>\n</object>\n<object>\n<type>server</type>\n<id>zVQcuS7Ft2daTBlOCGz4OgRR3QJzkVQD</id>\n<xpos>486</xpos>\n<ypos>218</ypos>\n<devicename><![CDATA[aacc]]></devicename>\n<devicetype><![CDATA[server]]></devicetype>\n<noofports><![CDATA[1]]></noofports>\n<devclicmds><![CDATA[]]></devclicmds>\n<ports>\n<item>\n<portno><![CDATA[fc]]></portno>\n<porttype><![CDATA[fc]]></porttype>\n</item>\n</ports>\n</object>\n<object>\n<type>hub</type>\n<id>14UAZF5eGUTd5BcCfNpPze1TtbyoFW4P</id>\n<xpos>621</xpos>\n<ypos>215</ypos>\n<devicename><![CDATA[ss]]></devicename>\n<devicetype><![CDATA[hub]]></devicetype>\n<noofports><![CDATA[1]]></noofports>\n<devclicmds><![CDATA[]]></devclicmds>\n<ports>\n<item>\n<portno><![CDATA[ss]]></portno>\n<porttype><![CDATA[s]]></porttype>\n</item>\n</ports>\n</object>\n<object>\n<type>wireless</type>\n<id>2Fa5qWBSnHvFHePd80HsoUwyR2UW5Glc</id>\n<xpos>756</xpos>\n<ypos>213</ypos>\n<devicename><![CDATA[ee]]></devicename>\n<devicetype><![CDATA[wireless]]></devicetype>\n<noofports><![CDATA[1]]></noofports>\n<devclicmds><![CDATA[]]></devclicmds>\n<ports>\n<item>\n<portno><![CDATA[ee]]></portno>\n<porttype><![CDATA[eee]]></porttype>\n</item>\n</ports>\n</object>\n<object>\n<type>ixia</type>\n<id>0MXdZvhXKGuKlbSBQxfeJwsr7ZQDntdT</id>\n<xpos>891</xpos>\n<ypos>211</ypos>\n<devicename><![CDATA[aac]]></devicename>\n<devicetype><![CDATA[ixia]]></devicetype>\n<noofports><![CDATA[1]]></noofports>\n<devclicmds><![CDATA[]]></devclicmds>\n<ports>\n<item>\n<portno><![CDATA[sdf]]></portno>\n<porttype><![CDATA[dfd]]></porttype>\n</item>\n</ports>\n</object>\n</objects>\n<connections>\n<connection>\n<sourceId>e26Wt8a72JAw8bNB4UyOtlFUJ64vevko</sourceId>\n<sourcePortId>outputPort2</sourcePortId>\n<targetId>fx0Oyrw02DLH2NGTA0mBD3gD2TpMfTdQ</targetId>\n<targetPortId>inputPort10</targetPortId>\n</connection>\n<connection>\n<sourceId>tbtklvJ2Io6X1Tb4DIfaHvVQ22u4I9O5</sourceId>\n<sourcePortId>inputPort10</sourcePortId>\n<targetId>fx0Oyrw02DLH2NGTA0mBD3gD2TpMfTdQ</targetId>\n<targetPortId>inputPort2</targetPortId>\n</connection>\n<connection>\n<sourceId>zVQcuS7Ft2daTBlOCGz4OgRR3QJzkVQD</sourceId>\n<sourcePortId>inputPort10</sourcePortId>\n<targetId>tbtklvJ2Io6X1Tb4DIfaHvVQ22u4I9O5</targetId>\n<targetPortId>inputPort2</targetPortId>\n</connection>\n<connection>\n<sourceId>14UAZF5eGUTd5BcCfNpPze1TtbyoFW4P</sourceId>\n<sourcePortId>inputPort9</sourcePortId>\n<targetId>zVQcuS7Ft2daTBlOCGz4OgRR3QJzkVQD</targetId>\n<targetPortId>inputPort2</targetPortId>\n</connection>\n<connection>\n<sourceId>2Fa5qWBSnHvFHePd80HsoUwyR2UW5Glc</sourceId>\n<sourcePortId>inputPort9</sourcePortId>\n<targetId>14UAZF5eGUTd5BcCfNpPze1TtbyoFW4P</targetId>\n<targetPortId>inputPort2</targetPortId>\n</connection>\n<connection>\n<sourceId>0MXdZvhXKGuKlbSBQxfeJwsr7ZQDntdT</sourceId>\n<sourcePortId>inputPort9</sourcePortId>\n<targetId>2Fa5qWBSnHvFHePd80HsoUwyR2UW5Glc</targetId>\n<targetPortId>inputPort2</targetPortId>\n</connection>\n</connections>\n<params>\n<theObjects>\n<![CDATA[router,68,198|linuxpc,202,204|windowspc,342,205|server,486,218|hub,621,215|wireless,756,213|ixia,891,211]]></theObjects>\n<theConnections>\n<![CDATA[128,223,161,223|160,223,160,230|160,229,193,229[*]297,230,333,230|297,229,297,231|262,229,298,229[*]439,243,477,243|439,230,439,244|402,230,440,230[*]578,252,612,252|578,243,578,253|546,243,579,243[*]713,250,747,250|713,240,713,251|681,240,714,240[*]848,248,882,248|848,238,848,249|816,238,849,238]]></theConnections>\n</params>\n</drawing>\n","N");
INSERT INTO ez_topology VALUES("222","test__topology","2009-12-04 18:53:10","2","","","<?xml version=\"1.0\" encoding=\"ISO-8859-1\"?>\n<drawing>\n<objects>\n<object>\n<type>router</type>\n<id>8vATVUlrbDASMXCo9WhLKNcgvtksv1hH</id>\n<xpos>366</xpos>\n<ypos>91</ypos>\n<devicename><![CDATA[sdfs]]></devicename>\n<devicetype><![CDATA[router]]></devicetype>\n<noofports><![CDATA[1]]></noofports>\n<devclicmds><![CDATA[]]></devclicmds>\n<ports>\n<item>\n<portno><![CDATA[sdf]]></portno>\n<porttype><![CDATA[sdf]]></porttype>\n</item>\n</ports>\n</object>\n</objects>\n<connections>\n</connections>\n</drawing>\n","N");
INSERT INTO ez_topology VALUES("223","eztest_topo","2009-12-04 18:53:10","2","","","<?xml version=\"1.0\" encoding=\"ISO-8859-1\"?>\n<drawing>\n<objects>\n<object>\n<type>router</type>\n<id>Kd7pO9ugLzWZoMW74dytl9MptyMcLhk7</id>\n<xpos>256</xpos>\n<ypos>111</ypos>\n<devicename><![CDATA[dfsd]]></devicename>\n<devicetype><![CDATA[router]]></devicetype>\n<noofports><![CDATA[1]]></noofports>\n<devclicmds><![CDATA[]]></devclicmds>\n<ports>\n<item>\n<portno><![CDATA[sdf]]></portno>\n<porttype><![CDATA[dfsdf]]></porttype>\n</item>\n</ports>\n</object>\n</objects>\n<connections>\n</connections>\n</drawing>\n","N");
INSERT INTO ez_topology VALUES("224","zzfff","2009-12-04 18:53:10","2","","","<?xml version=\"1.0\" encoding=\"ISO-8859-1\"?>\n<drawing>\n<objects>\n<object>\n<type>router</type>\n<id>H8hJOl87wG8xNI2PhTaenlLqGTUGyQGa</id>\n<xpos>195</xpos>\n<ypos>125</ypos>\n<devicename><![CDATA[sdfsdf]]></devicename>\n<devicetype><![CDATA[router]]></devicetype>\n<noofports><![CDATA[1]]></noofports>\n<devclicmds><![CDATA[]]></devclicmds>\n<ports>\n<item>\n<portno><![CDATA[sdf]]></portno>\n<porttype><![CDATA[dsfsdf]]></porttype>\n</item>\n</ports>\n</object>\n</objects>\n<connections>\n</connections>\n</drawing>\n","N");
INSERT INTO ez_topology VALUES("225","ngin_topo2","2009-12-04 18:53:10","2","","","<?xml version=\"1.0\" encoding=\"ISO-8859-1\"?>\n<drawing>\n<objects>\n<object>\n<type>router</type>\n<id>sVhyo0WiubLFZ2CaxU2Jq3es3JXSsBtO</id>\n<xpos>677</xpos>\n<ypos>61</ypos>\n<devicename><![CDATA[rout]]></devicename>\n<devicetype><![CDATA[router]]></devicetype>\n<noofports><![CDATA[1]]></noofports>\n<devclicmds><![CDATA[]]></devclicmds>\n<ports>\n<item>\n<portno><![CDATA[sdf]]></portno>\n<porttype><![CDATA[sdf]]></porttype>\n</item>\n</ports>\n</object>\n<object>\n<type>router</type>\n<id>iAGHHZPRAu8xqQLeTITWPGbWnQXbXmgF</id>\n<xpos>660</xpos>\n<ypos>369</ypos>\n<devicename><![CDATA[sdsdd]]></devicename>\n<devicetype><![CDATA[router]]></devicetype>\n<noofports><![CDATA[1]]></noofports>\n<devclicmds><![CDATA[]]></devclicmds>\n<ports>\n<item>\n<portno><![CDATA[d]]></portno>\n<porttype><![CDATA[d]]></porttype>\n</item>\n</ports>\n</object>\n</objects>\n<connections>\n<connection>\n<sourceId>sVhyo0WiubLFZ2CaxU2Jq3es3JXSsBtO</sourceId>\n<sourcePortId>outputPort4</sourcePortId>\n<targetId>iAGHHZPRAu8xqQLeTITWPGbWnQXbXmgF</targetId>\n<targetPortId>outputPort11</targetPortId>\n</connection>\n</connections>\n<params>\n<theObjects>\n<![CDATA[router,677,61|router,660,369]]></theObjects>\n<theConnections>\n<![CDATA[732,116,732,249|630,248,733,248|630,248,630,382|630,381,651,381]]></theConnections>\n</params>\n</drawing>\n","N");
INSERT INTO ez_topology VALUES("226","a","2009-12-04 18:53:10","2","","","<?xml version=\"1.0\" encoding=\"ISO-8859-1\"?>\n<drawing>\n<objects>\n<object>\n<type>router</type>\n<id>ZE1CJ59HkfgqEEexzSairOTCPyrZlAJg</id>\n<xpos>181</xpos>\n<ypos>111</ypos>\n<devicename><![CDATA[a]]></devicename>\n<devicetype><![CDATA[router]]></devicetype>\n<noofports><![CDATA[1]]></noofports>\n<devclicmds><![CDATA[]]></devclicmds>\n<ports>\n<item>\n<portno><![CDATA[a]]></portno>\n<porttype><![CDATA[a]]></porttype>\n</item>\n</ports>\n</object>\n</objects>\n<connections>\n</connections>\n</drawing>\n","N");
INSERT INTO ez_topology VALUES("227","test25996633","2009-12-04 18:53:10","2","","","<?xml version=\"1.0\" encoding=\"ISO-8859-1\"?>\n<drawing>\n<objects>\n<object>\n<type>router</type>\n<id>pNtk1XT2Tdgs05xo1We2Vu4FtrhiNmDt</id>\n<xpos>436</xpos>\n<ypos>98</ypos>\n<devicename><![CDATA[sdfsdfsdf]]></devicename>\n<devicetype><![CDATA[router]]></devicetype>\n<noofports><![CDATA[1]]></noofports>\n<devclicmds><![CDATA[]]></devclicmds>\n<ports>\n<item>\n<portno><![CDATA[sdf]]></portno>\n<porttype><![CDATA[dsf]]></porttype>\n</item>\n</ports>\n</object>\n</objects>\n<connections>\n</connections>\n</drawing>\n","N");
INSERT INTO ez_topology VALUES("228","topology","2009-12-04 18:53:10","2","","","helow","N");
INSERT INTO ez_topology VALUES("229","test20000000009","2009-12-04 18:53:10","2","","","<?xml version=\"1.0\" encoding=\"ISO-8859-1\"?>\n<drawing>\n<objects>\n<object>\n<type>router</type>\n<id>RUdAcpkr1xigXrxQdmEOKO5Qt3M2UD1l</id>\n<xpos>296</xpos>\n<ypos>127</ypos>\n<devicename><![CDATA[sdsd]]></devicename>\n<devicetype><![CDATA[router]]></devicetype>\n<noofports><![CDATA[1]]></noofports>\n<devclicmds><![CDATA[]]></devclicmds>\n<ports>\n<item>\n<portno><![CDATA[sd]]></portno>\n<porttype><![CDATA[sdsd]]></porttype>\n</item>\n</ports>\n</object>\n<object>\n<type>ixia</type>\n<id>lTDM63xeLm73iJGe8A9phtHBy70vE0Q6</id>\n<xpos>310</xpos>\n<ypos>244</ypos>\n<devicename><![CDATA[sdasda]]></devicename>\n<devicetype><![CDATA[ixia]]></devicetype>\n<noofports><![CDATA[1]]></noofports>\n<devclicmds><![CDATA[]]></devclicmds>\n<ports>\n<item>\n<portno><![CDATA[asdfasdf]]></portno>\n<porttype><![CDATA[sdfsdf]]></porttype>\n</item>\n</ports>\n</object>\n<object>\n<type>wavesat</type>\n<id>V2sdnn4hMX8uRO1QTwCHqZTtwNtRos6n</id>\n<xpos>135</xpos>\n<ypos>176</ypos>\n<devicename><![CDATA[ss]]></devicename>\n<devicetype><![CDATA[wavesat]]></devicetype>\n<noofports><![CDATA[1]]></noofports>\n<devclicmds><![CDATA[]]></devclicmds>\n<ports>\n<item>\n<portno><![CDATA[ss]]></portno>\n<porttype><![CDATA[ss]]></porttype>\n</item>\n</ports>\n</object>\n<object>\n<type>extreme</type>\n<id>so6hzDv6WLyPvZDJ8KZ7zazEAd6JIprZ</id>\n<xpos>448</xpos>\n<ypos>178</ypos>\n<devicename><![CDATA[sdfdsaa]]></devicename>\n<devicetype><![CDATA[extreme]]></devicetype>\n<noofports><![CDATA[1]]></noofports>\n<devclicmds><![CDATA[]]></devclicmds>\n<ports>\n<item>\n<portno><![CDATA[ss]]></portno>\n<porttype><![CDATA[dfdf]]></porttype>\n</item>\n</ports>\n</object>\n</objects>\n<connections>\n<connection>\n<sourceId>RUdAcpkr1xigXrxQdmEOKO5Qt3M2UD1l</sourceId>\n<sourcePortId>outputPort9</sourcePortId>\n<targetId>V2sdnn4hMX8uRO1QTwCHqZTtwNtRos6n</targetId>\n<targetPortId>inputPort1</targetPortId>\n</connection>\n<connection>\n<sourceId>lTDM63xeLm73iJGe8A9phtHBy70vE0Q6</sourceId>\n<sourcePortId>inputPort9</sourcePortId>\n<targetId>V2sdnn4hMX8uRO1QTwCHqZTtwNtRos6n</targetId>\n<targetPortId>inputPort6</targetPortId>\n</connection>\n<connection>\n<sourceId>so6hzDv6WLyPvZDJ8KZ7zazEAd6JIprZ</sourceId>\n<sourcePortId>outputPort5</sourcePortId>\n<targetId>lTDM63xeLm73iJGe8A9phtHBy70vE0Q6</targetId>\n<targetPortId>inputPort3</targetPortId>\n</connection>\n<connection>\n<sourceId>RUdAcpkr1xigXrxQdmEOKO5Qt3M2UD1l</sourceId>\n<sourcePortId>outputPort2</sourcePortId>\n<targetId>so6hzDv6WLyPvZDJ8KZ7zazEAd6JIprZ</targetId>\n<targetPortId>outputPort13</targetPortId>\n</connection>\n</connections>\n<params>\n<theObjects>\n<![CDATA[router,296,127|ixia,310,244|wavesat,135,176|extreme,448,178]]></theObjects>\n<theConnections>\n<![CDATA[240,164,287,164|240,164,240,189|195,188,241,188[*]160,281,301,281|160,236,160,282[*]485,238,485,282|370,281,486,281[*]356,152,461,152|460,152,460,169]]></theConnections>\n</params>\n</drawing>\n","N");
INSERT INTO ez_topology VALUES("230","sszs","2009-12-04 18:53:10","2","","","<?xml version=\"1.0\" encoding=\"ISO-8859-1\"?>\n<drawing>\n<objects>\n<object>\n<type>router</type>\n<id>DMQh5EhDpURoeWINcM2e83DPrmhAnTxZ</id>\n<xpos>351</xpos>\n<ypos>140</ypos>\n<devicename><![CDATA[ddd]]></devicename>\n<devicetype><![CDATA[router]]></devicetype>\n<noofports><![CDATA[1]]></noofports>\n<devclicmds><![CDATA[]]></devclicmds>\n<ports>\n<item>\n<portno><![CDATA[ddd]]></portno>\n<porttype><![CDATA[dddddd]]></porttype>\n</item>\n</ports>\n</object>\n<object>\n<type>router</type>\n<id>1y8F6ycHSiTvSG6yFV3FaVxTKX5W3T1k</id>\n<xpos>252</xpos>\n<ypos>123</ypos>\n<devicename><![CDATA[sss]]></devicename>\n<devicetype><![CDATA[router]]></devicetype>\n<noofports><![CDATA[1]]></noofports>\n<devclicmds><![CDATA[]]></devclicmds>\n<ports>\n<item>\n<portno><![CDATA[ss]]></portno>\n<porttype><![CDATA[ss]]></porttype>\n</item>\n</ports>\n</object>\n</objects>\n<connections>\n</connections>\n</drawing>\n","N");
INSERT INTO ez_topology VALUES("231","axx","2009-12-04 18:53:10","2","","","<?xml version=\"1.0\" encoding=\"ISO-8859-1\"?>\n<drawing>\n<objects>\n<object>\n<type>router</type>\n<id>Z35sN7hG9pa06MTy3MSan7deq195gdRq</id>\n<xpos>462</xpos>\n<ypos>182</ypos>\n<devicename><![CDATA[testr]]></devicename>\n<devicetype><![CDATA[router]]></devicetype>\n<noofports><![CDATA[1]]></noofports>\n<devclicmds><![CDATA[]]></devclicmds>\n<ports>\n<item>\n<portno><![CDATA[fdg]]></portno>\n<porttype><![CDATA[fdfg]]></porttype>\n</item>\n</ports>\n</object>\n<object>\n<type>extreme</type>\n<id>hdu1HxW1r6fpJkM1hm0aFJhIZVeUW0oS</id>\n<xpos>324</xpos>\n<ypos>271</ypos>\n<ports>\n</ports>\n</object>\n</objects>\n<connections>\n</connections>\n</drawing>\n","N");
INSERT INTO ez_topology VALUES("232","ddddddfddddddd","2009-12-07 13:24:09","3","","","<?xml version=\"1.0\" encoding=\"ISO-8859-1\"?>\n<drawing>\n<objects>\n<object>\n<type>router</type>\n<id>Kd7pO9ugLzWZoMW74dytl9MptyMcLhk7</id>\n<xpos>256</xpos>\n<ypos>111</ypos>\n<devicename><![CDATA[dfsd]]></devicename>\n<devicetype><![CDATA[router]]></devicetype>\n<noofports><![CDATA[1]]></noofports>\n<devclicmds><![CDATA[]]></devclicmds>\n<ports>\n<item>\n<portno><![CDATA[sdf]]></portno>\n<porttype><![CDATA[dfsdf]]></porttype>\n</item>\n</ports>\n</object>\n</objects>\n<connections>\n</connections>\n</drawing>\n","N");
INSERT INTO ez_topology VALUES("233","qqww","2009-12-07 13:24:09","3","","","<?xml version=\"1.0\" encoding=\"ISO-8859-1\"?>\n<drawing>\n<objects>\n<object>\n<type>router</type>\n<id>SwbinCQ2tSZ7POXbNKwMQKpZDmI2q0ah</id>\n<xpos>292</xpos>\n<ypos>172</ypos>\n<devicename><![CDATA[zxcdd11111111111111111118833333333]]></devicename>\n<devicetype><![CDATA[router]]></devicetype>\n<noofports><![CDATA[1]]></noofports>\n<devclicmds><![CDATA[]]></devclicmds>\n<ports>\n<item>\n<portno><![CDATA[dfd]]></portno>\n<porttype><![CDATA[df]]></porttype>\n</item>\n</ports>\n</object>\n</objects>\n<connections>\n</connections>\n</drawing>\n","N");
INSERT INTO ez_topology VALUES("234","ttttttttttt","2009-12-07 13:24:09","3","","","<?xml version=\"1.0\" encoding=\"ISO-8859-1\"?>\n<drawing>\n<objects>\n<object>\n<type>router</type>\n<id>CVulbAJpfH3c5Uk20gBlCt27Ba5ds50S</id>\n<xpos>291</xpos>\n<ypos>134</ypos>\n<devicename><![CDATA[sdfsdf]]></devicename>\n<devicetype><![CDATA[router]]></devicetype>\n<noofports><![CDATA[1]]></noofports>\n<devclicmds><![CDATA[]]></devclicmds>\n<ports>\n<item>\n<portno><![CDATA[sdf]]></portno>\n<porttype><![CDATA[sdf]]></porttype>\n</item>\n</ports>\n</object>\n</objects>\n<connections>\n</connections>\n</drawing>\n","N");
INSERT INTO ez_topology VALUES("235","dtd","2009-12-07 13:24:09","3","","","<?xml version=\"1.0\" encoding=\"ISO-8859-1\"?>\n<drawing>\n<objects>\n<object>\n<type>router</type>\n<id>c3kfco8G29mfMOdePyUIhp7TKZGwALku</id>\n<xpos>249</xpos>\n<ypos>136</ypos>\n<devicename><![CDATA[fgfg]]></devicename>\n<devicetype><![CDATA[router]]></devicetype>\n<noofports><![CDATA[1]]></noofports>\n<devclicmds><![CDATA[]]></devclicmds>\n<ports>\n<item>\n<portno><![CDATA[dfg]]></portno>\n<porttype><![CDATA[fgdfg]]></porttype>\n</item>\n</ports>\n</object>\n</objects>\n<connections>\n</connections>\n</drawing>\n","N");
INSERT INTO ez_topology VALUES("236","f","2009-12-07 13:24:09","3","","","<?xml version=\"1.0\" encoding=\"ISO-8859-1\"?>\n<drawing>\n<objects>\n<object>\n<type>router</type>\n<id>603aQEKp6JBKqyffggu6Il3kmZCCcau3</id>\n<xpos>327</xpos>\n<ypos>145</ypos>\n<devicename><![CDATA[sdf]]></devicename>\n<devicetype><![CDATA[router]]></devicetype>\n<noofports><![CDATA[1]]></noofports>\n<devclicmds><![CDATA[]]></devclicmds>\n<ports>\n<item>\n<portno><![CDATA[dsf]]></portno>\n<porttype><![CDATA[ffd]]></porttype>\n</item>\n</ports>\n</object>\n<object>\n<type>linuxpc</type>\n<id>uouVCe17C0bVLbhrW6ByTGwPNNU9OPNg</id>\n<xpos>450</xpos>\n<ypos>146</ypos>\n<devicename><![CDATA[dsf]]></devicename>\n<devicetype><![CDATA[linuxpc]]></devicetype>\n<noofports><![CDATA[1]]></noofports>\n<devclicmds><![CDATA[]]></devclicmds>\n<ports>\n<item>\n<portno><![CDATA[dsf]]></portno>\n<porttype><![CDATA[df]]></porttype>\n</item>\n</ports>\n</object>\n</objects>\n<connections>\n<connection>\n<sourceId>603aQEKp6JBKqyffggu6Il3kmZCCcau3</sourceId>\n<sourcePortId>outputPort4</sourcePortId>\n<targetId>uouVCe17C0bVLbhrW6ByTGwPNNU9OPNg</targetId>\n<targetPortId>inputPort11</targetPortId>\n</connection>\n</connections>\n<params>\n<theObjects>\nrouter,327,145|linuxpc,450,146</theObjects>\n<theConnections>\n382,200,382,221|382,220,412,220|411,158,411,221|411,158,441,158</theConnections>\n<params>\n</drawing>\n","N");
INSERT INTO ez_topology VALUES("237","test_topo_","2009-12-07 13:24:09","3","","","<?xml version=\"1.0\" encoding=\"ISO-8859-1\"?>\n<drawing>\n<objects>\n<object>\n<type>router</type>\n<id>9HeoCkmyzQdcAUvURDWu24GgGs4mrCdv</id>\n<xpos>341</xpos>\n<ypos>118</ypos>\n<devicename><![CDATA[ff]]></devicename>\n<devicetype><![CDATA[router]]></devicetype>\n<noofports><![CDATA[1]]></noofports>\n<devclicmds><![CDATA[]]></devclicmds>\n<ports>\n<item>\n<portno><![CDATA[f]]></portno>\n<porttype><![CDATA[f]]></porttype>\n</item>\n</ports>\n</object>\n</objects>\n<connections>\n</connections>\n</drawing>\n","N");
INSERT INTO ez_topology VALUES("238","__f","2009-12-07 13:24:09","3","","","<?xml version=\"1.0\" encoding=\"ISO-8859-1\"?>\n<drawing>\n<objects>\n<object>\n<type>router</type>\n<id>EWkGpLBKIHOHhPRT18MUc5AbAeQhp0BX</id>\n<xpos>257</xpos>\n<ypos>132</ypos>\n<devicename><![CDATA[sd]]></devicename>\n<devicetype><![CDATA[router]]></devicetype>\n<noofports><![CDATA[1]]></noofports>\n<devclicmds><![CDATA[]]></devclicmds>\n<ports>\n<item>\n<portno><![CDATA[s]]></portno>\n<porttype><![CDATA[s]]></porttype>\n</item>\n</ports>\n</object>\n<object>\n<type>windowspc</type>\n<id>LucvECMZlESG6uWFNa0TkLXwGJrGiJMw</id>\n<xpos>456</xpos>\n<ypos>121</ypos>\n<devicename><![CDATA[sdww]]></devicename>\n<devicetype><![CDATA[windowspc]]></devicetype>\n<noofports><![CDATA[1]]></noofports>\n<devclicmds><![CDATA[]]></devclicmds>\n<ports>\n<item>\n<portno><![CDATA[s]]></portno>\n<porttype><![CDATA[s]]></porttype>\n</item>\n</ports>\n</object>\n<object>\n<type>router</type>\n<id>puNGu9KWT8gTNamV0Sn1ComHo9OuH11X</id>\n<xpos>392</xpos>\n<ypos>284</ypos>\n<devicename><![CDATA[deawd]]></devicename>\n<devicetype><![CDATA[router]]></devicetype>\n<noofports><![CDATA[1]]></noofports>\n<devclicmds><![CDATA[]]></devclicmds>\n<ports>\n<item>\n<portno><![CDATA[asd]]></portno>\n<porttype><![CDATA[sd]]></porttype>\n</item>\n</ports>\n</object>\n</objects>\n<connections>\n<connection>\n<sourceId>EWkGpLBKIHOHhPRT18MUc5AbAeQhp0BX</sourceId>\n<sourcePortId>outputPort6</sourcePortId>\n<targetId>puNGu9KWT8gTNamV0Sn1ComHo9OuH11X</targetId>\n<targetPortId>outputPort9</targetPortId>\n</connection>\n<connection>\n<sourceId>EWkGpLBKIHOHhPRT18MUc5AbAeQhp0BX</sourceId>\n<sourcePortId>outputPort1</sourcePortId>\n<targetId>LucvECMZlESG6uWFNa0TkLXwGJrGiJMw</targetId>\n<targetPortId>inputPort9</targetPortId>\n</connection>\n<connection>\n<sourceId>puNGu9KWT8gTNamV0Sn1ComHo9OuH11X</sourceId>\n<sourcePortId>outputPort2</sourcePortId>\n<targetId>LucvECMZlESG6uWFNa0TkLXwGJrGiJMw</targetId>\n<targetPortId>inputPort5</targetPortId>\n</connection>\n</connections>\n<params>\n<theObjects>\nrouter,257,132|windowspc,456,121|router,392,284</theObjects>\n<theConnections>\n282,192,282,322|282,321,383,321[*]317,144,382,144|381,144,381,159|381,158,447,158[*]452,309,494,309|493,181,493,310</theConnections>\n<params>\n</drawing>\n","N");
INSERT INTO ez_topology VALUES("239","dfdf","2009-12-07 13:24:09","3","","","<?xml version=\"1.0\" encoding=\"ISO-8859-1\"?>\n<drawing>\n<objects>\n<object>\n<type>router</type>\n<id>dgSoKTGUtZyhkLZFlLnUPMz4BTbLNVco</id>\n<xpos>377</xpos>\n<ypos>200</ypos>\n<devicename><![CDATA[router123]]></devicename>\n<devicetype><![CDATA[router]]></devicetype>\n<noofports><![CDATA[1]]></noofports>\n<devclicmds><![CDATA[]]></devclicmds>\n<ports>\n<item>\n<portno><![CDATA[dd]]></portno>\n<porttype><![CDATA[dd]]></porttype>\n</item>\n</ports>\n</object>\n</objects>\n<connections>\n</connections>\n</drawing>\n","N");
INSERT INTO ez_topology VALUES("240","xcvxc","2009-12-07 13:24:09","3","","","<?xml version=\"1.0\" encoding=\"ISO-8859-1\"?>\n<drawing>\n<objects>\n<object>\n<type>router</type>\n<id>B74Sm4OmX3sUZ9wlifv9pAKIsAydlRqs</id>\n<xpos>363</xpos>\n<ypos>119</ypos>\n<devicename><![CDATA[tgghgfh]]></devicename>\n<devicetype><![CDATA[router]]></devicetype>\n<noofports><![CDATA[1]]></noofports>\n<devclicmds><![CDATA[]]></devclicmds>\n<ports>\n<item>\n<portno><![CDATA[gfh]]></portno>\n<porttype><![CDATA[gfh]]></porttype>\n</item>\n</ports>\n</object>\n</objects>\n<connections>\n</connections>\n</drawing>\n","N");
INSERT INTO ez_topology VALUES("241","dd","2009-12-07 13:24:09","3","","","<?xml version=\"1.0\" encoding=\"ISO-8859-1\"?>\n<drawing>\n<objects>\n<object>\n<type>router</type>\n<id>WpCtWXefJ6sSbTTNqn5MIbFvHw5mlV8E</id>\n<xpos>438</xpos>\n<ypos>134</ypos>\n<devicename><![CDATA[dfg]]></devicename>\n<devicetype><![CDATA[router]]></devicetype>\n<noofports><![CDATA[1]]></noofports>\n<devclicmds><![CDATA[]]></devclicmds>\n<ports>\n<item>\n<portno><![CDATA[d]]></portno>\n<porttype><![CDATA[d]]></porttype>\n</item>\n</ports>\n</object>\n</objects>\n<connections>\n</connections>\n</drawing>\n","N");
INSERT INTO ez_topology VALUES("242","test_topo_ngin","2009-12-07 13:24:09","3","","","<?xml version=\"1.0\" encoding=\"ISO-8859-1\"?>\n<drawing>\n<objects>\n<object>\n<type>router</type>\n<id>ciA5JeyJF908HFaw2tATPCwL82khrOsW</id>\n<xpos>227</xpos>\n<ypos>122</ypos>\n<devicename><![CDATA[rout1]]></devicename>\n<devicetype><![CDATA[router]]></devicetype>\n<noofports><![CDATA[2]]></noofports>\n<devclicmds><![CDATA[]]></devclicmds>\n<ports>\n<item>\n<portno><![CDATA[rout1pname1]]></portno>\n<porttype><![CDATA[rout1ptype1]]></porttype>\n</item>\n<item>\n<portno><![CDATA[rout1pname2]]></portno>\n<porttype><![CDATA[rout1ptype2]]></porttype>\n</item>\n</ports>\n</object>\n<object>\n<type>router</type>\n<id>GuFsLTyTBtN0sCMqbH7BQpBARzwVnbMb</id>\n<xpos>552</xpos>\n<ypos>127</ypos>\n<devicename><![CDATA[rout2]]></devicename>\n<devicetype><![CDATA[router]]></devicetype>\n<noofports><![CDATA[2]]></noofports>\n<devclicmds><![CDATA[]]></devclicmds>\n<ports>\n<item>\n<portno><![CDATA[rout2pname1]]></portno>\n<porttype><![CDATA[rout2ptype1]]></porttype>\n</item>\n<item>\n<portno><![CDATA[rout2pname2]]></portno>\n<porttype><![CDATA[rout2ptype2]]></porttype>\n</item>\n</ports>\n</object>\n<object>\n<type>router</type>\n<id>3ZTCg3TWIpxTXlGVGExy9BpoLqXgCEnW</id>\n<xpos>388</xpos>\n<ypos>281</ypos>\n<devicename><![CDATA[rout3]]></devicename>\n<devicetype><![CDATA[router]]></devicetype>\n<noofports><![CDATA[2]]></noofports>\n<devclicmds><![CDATA[]]></devclicmds>\n<ports>\n<item>\n<portno><![CDATA[rout3pname1]]></portno>\n<porttype><![CDATA[rout3ptype1]]></porttype>\n</item>\n<item>\n<portno><![CDATA[rout3pname2]]></portno>\n<porttype><![CDATA[rout3ptype2]]></porttype>\n</item>\n</ports>\n</object>\n</objects>\n<connections>\n<connection>\n<sourceId>ciA5JeyJF908HFaw2tATPCwL82khrOsW</sourceId>\n<sourcePortId>outputPort2</sourcePortId>\n<targetId>GuFsLTyTBtN0sCMqbH7BQpBARzwVnbMb</targetId>\n<targetPortId>outputPort9</targetPortId>\n</connection>\n<connection>\n<sourceId>ciA5JeyJF908HFaw2tATPCwL82khrOsW</sourceId>\n<sourcePortId>outputPort6</sourcePortId>\n<targetId>3ZTCg3TWIpxTXlGVGExy9BpoLqXgCEnW</targetId>\n<targetPortId>outputPort9</targetPortId>\n</connection>\n<connection>\n<sourceId>GuFsLTyTBtN0sCMqbH7BQpBARzwVnbMb</sourceId>\n<sourcePortId>outputPort5</sourcePortId>\n<targetId>3ZTCg3TWIpxTXlGVGExy9BpoLqXgCEnW</targetId>\n<targetPortId>outputPort1</targetPortId>\n</connection>\n</connections>\n</drawing>\n","N");
INSERT INTO ez_topology VALUES("243","ssaz","2009-12-07 13:24:09","3","","","<?xml version=\"1.0\" encoding=\"ISO-8859-1\"?>\n<drawing>\n<objects>\n<object>\n<type>router</type>\n<id>SwbinCQ2tSZ7POXbNKwMQKpZDmI2q0ah</id>\n<xpos>415</xpos>\n<ypos>179</ypos>\n<devicename><![CDATA[zxcdd111111111ccc1]]></devicename>\n<devicetype><![CDATA[router]]></devicetype>\n<noofports><![CDATA[1]]></noofports>\n<devclicmds><![CDATA[]]></devclicmds>\n<ports>\n<item>\n<portno><![CDATA[dfd]]></portno>\n<porttype><![CDATA[df]]></porttype>\n</item>\n</ports>\n</object>\n</objects>\n<connections>\n</connections>\n</drawing>\n","N");
INSERT INTO ez_topology VALUES("244","ngin_topology1","2009-12-07 13:24:09","3","","","<?xml version=\"1.0\" encoding=\"ISO-8859-1\"?>\n<drawing>\n<objects>\n<object>\n<type>router</type>\n<id>iAGHHZPRAu8xqQLeTITWPGbWnQXbXmgF</id>\n<xpos>677</xpos>\n<ypos>309</ypos>\n<devicename><![CDATA[sdsdd]]></devicename>\n<devicetype><![CDATA[router]]></devicetype>\n<noofports><![CDATA[1]]></noofports>\n<devclicmds><![CDATA[]]></devclicmds>\n<ports>\n<item>\n<portno><![CDATA[d]]></portno>\n<porttype><![CDATA[d]]></porttype>\n</item>\n</ports>\n</object>\n<object>\n<type>linuxpc</type>\n<id>oUmznx1AUPZEP8fBXMy9qTDLPiQHvTZc</id>\n<xpos>209</xpos>\n<ypos>209</ypos>\n<devicename><![CDATA[sdfss]]></devicename>\n<devicetype><![CDATA[linuxpc]]></devicetype>\n<noofports><![CDATA[2]]></noofports>\n<devclicmds><![CDATA[]]></devclicmds>\n<ports>\n<item>\n<portno><![CDATA[sdf]]></portno>\n<porttype><![CDATA[df]]></porttype>\n</item>\n<item>\n<portno><![CDATA[sdfe]]></portno>\n<porttype><![CDATA[ffe]]></porttype>\n</item>\n</ports>\n</object>\n<object>\n<type>router</type>\n<id>sVhyo0WiubLFZ2CaxU2Jq3es3JXSsBtO</id>\n<xpos>526</xpos>\n<ypos>139</ypos>\n<devicename><![CDATA[rout]]></devicename>\n<devicetype><![CDATA[router]]></devicetype>\n<noofports><![CDATA[1]]></noofports>\n<devclicmds><![CDATA[]]></devclicmds>\n<ports>\n<item>\n<portno><![CDATA[ss]]></portno>\n<porttype><![CDATA[sss]]></porttype>\n</item>\n</ports>\n</object>\n</objects>\n<connections>\n<connection>\n<sourceId>sVhyo0WiubLFZ2CaxU2Jq3es3JXSsBtO</sourceId>\n<sourcePortId>outputPort4</sourcePortId>\n<targetId>iAGHHZPRAu8xqQLeTITWPGbWnQXbXmgF</targetId>\n<targetPortId>outputPort11</targetPortId>\n</connection>\n<connection>\n<sourceId>sVhyo0WiubLFZ2CaxU2Jq3es3JXSsBtO</sourceId>\n<sourcePortId>outputPort9</sourcePortId>\n<targetId>oUmznx1AUPZEP8fBXMy9qTDLPiQHvTZc</targetId>\n<targetPortId>inputPort3</targetPortId>\n</connection>\n</connections>\n<params>\n<theObjects>\n<![CDATA[router,677,309|linuxpc,209,209|router,526,139]]></theObjects>\n<theConnections>\n<![CDATA[581,194,581,322|581,321,668,321[*]392,176,517,176|392,176,392,247|269,246,393,246]]></theConnections>\n</params>\n</drawing>\n","N");
INSERT INTO ez_topology VALUES("245","ax","2009-12-07 13:24:09","3","","","<?xml version=\"1.0\" encoding=\"ISO-8859-1\"?>\n<drawing>\n<objects>\n<object>\n<type>router</type>\n<id>EktovpkP1XVuyyUzvOtu3mcEyWFbzMgg</id>\n<xpos>313</xpos>\n<ypos>108</ypos>\n<devicename><![CDATA[aa]]></devicename>\n<devicetype><![CDATA[router]]></devicetype>\n<noofports><![CDATA[1]]></noofports>\n<devclicmds><![CDATA[]]></devclicmds>\n<ports>\n<item>\n<portno><![CDATA[a]]></portno>\n<porttype><![CDATA[a]]></porttype>\n</item>\n</ports>\n</object>\n</objects>\n<connections>\n</connections>\n</drawing>\n","N");
INSERT INTO ez_topology VALUES("246","sasasaasasasas","2009-12-07 13:24:09","3","","","<?xml version=\"1.0\" encoding=\"ISO-8859-1\"?>\n<drawing>\n<objects>\n<object>\n<type>router</type>\n<id>ZENl8cQSN3gzsbJLu2Fk0q34dcmwfOB4</id>\n<xpos>234</xpos>\n<ypos>149</ypos>\n<devicename><![CDATA[dfdfsdf]]></devicename>\n<devicetype><![CDATA[router]]></devicetype>\n<noofports><![CDATA[1]]></noofports>\n<devclicmds><![CDATA[]]></devclicmds>\n<ports>\n<item>\n<portno><![CDATA[dfsdfd]]></portno>\n<porttype><![CDATA[fsdfsdfsdf]]></porttype>\n</item>\n</ports>\n</object>\n</objects>\n<connections>\n</connections>\n</drawing>\n","N");
INSERT INTO ez_topology VALUES("247","ggg","2009-12-07 13:24:09","3","","","<?xml version=\"1.0\" encoding=\"ISO-8859-1\"?>\n<drawing>\n<objects>\n<object>\n<type>router</type>\n<id>sOknOElAxQIMPwsAEZnmZTP4dzyUdADd</id>\n<xpos>266</xpos>\n<ypos>116</ypos>\n<devicename><![CDATA[asd]]></devicename>\n<devicetype><![CDATA[router]]></devicetype>\n<noofports><![CDATA[1]]></noofports>\n<devclicmds><![CDATA[]]></devclicmds>\n<ports>\n<item>\n<portno><![CDATA[asdas]]></portno>\n<porttype><![CDATA[d]]></porttype>\n</item>\n</ports>\n</object>\n</objects>\n<connections>\n</connections>\n</drawing>\n","N");
INSERT INTO ez_topology VALUES("248","testtopology2006","2009-12-07 13:24:09","3","","","<?xml version=\"1.0\" encoding=\"ISO-8859-1\"?>\n<drawing>\n<objects>\n<object>\n<type>router</type>\n<id>Po41TLSyhsId5zTEEQmtP9OyGhSUDTaV</id>\n<xpos>325</xpos>\n<ypos>132</ypos>\n<devicename><![CDATA[dfdf]]></devicename>\n<devicetype><![CDATA[router]]></devicetype>\n<noofports><![CDATA[1]]></noofports>\n<devclicmds><![CDATA[]]></devclicmds>\n<ports>\n<item>\n<portno><![CDATA[sdf]]></portno>\n<porttype><![CDATA[sdf]]></porttype>\n</item>\n</ports>\n</object>\n</objects>\n<connections>\n</connections>\n</drawing>\n","N");
INSERT INTO ez_topology VALUES("249","dxxxx","2009-12-07 13:24:09","3","","","<?xml version=\"1.0\" encoding=\"ISO-8859-1\"?>\n<drawing>\n<objects>\n<object>\n<type>router</type>\n<id>S7ycmvGrdyFszVrIqNQCXlTUtJC1wNGI</id>\n<xpos>237</xpos>\n<ypos>127</ypos>\n<devicename><![CDATA[dddf]]></devicename>\n<devicetype><![CDATA[router]]></devicetype>\n<noofports><![CDATA[1]]></noofports>\n<devclicmds><![CDATA[]]></devclicmds>\n<ports>\n<item>\n<portno><![CDATA[dfg]]></portno>\n<porttype><![CDATA[gf]]></porttype>\n</item>\n</ports>\n</object>\n</objects>\n<connections>\n</connections>\n</drawing>\n","N");
INSERT INTO ez_topology VALUES("250","zzff","2009-12-07 13:24:09","3","","","<?xml version=\"1.0\" encoding=\"ISO-8859-1\"?>\n<drawing>\n<objects>\n<object>\n<type>router</type>\n<id>SwbinCQ2tSZ7POXbNKwMQKpZDmI2q0ah</id>\n<xpos>291</xpos>\n<ypos>171</ypos>\n<devicename><![CDATA[zxcdd]]></devicename>\n<devicetype><![CDATA[router]]></devicetype>\n<noofports><![CDATA[1]]></noofports>\n<devclicmds><![CDATA[]]></devclicmds>\n<ports>\n<item>\n<portno><![CDATA[dfd]]></portno>\n<porttype><![CDATA[df]]></porttype>\n</item>\n</ports>\n</object>\n</objects>\n<connections>\n</connections>\n</drawing>\n","N");
INSERT INTO ez_topology VALUES("251","zzzzzzzzzzz","2009-12-07 13:24:09","3","","","<?xml version=\"1.0\" encoding=\"ISO-8859-1\"?>\n<drawing>\n<objects>\n<object>\n<type>router</type>\n<id>CVulbAJpfH3c5Uk20gBlCt27Ba5ds50S</id>\n<xpos>291</xpos>\n<ypos>134</ypos>\n<devicename><![CDATA[sdfsdf]]></devicename>\n<devicetype><![CDATA[router]]></devicetype>\n<noofports><![CDATA[1]]></noofports>\n<devclicmds><![CDATA[]]></devclicmds>\n<ports>\n<item>\n<portno><![CDATA[sdf]]></portno>\n<porttype><![CDATA[sdf]]></porttype>\n</item>\n</ports>\n</object>\n</objects>\n<connections>\n</connections>\n</drawing>\n","N");
INSERT INTO ez_topology VALUES("252","_f","2009-12-07 13:24:09","3","","","<?xml version=\"1.0\" encoding=\"ISO-8859-1\"?>\n<drawing>\n<objects>\n<object>\n<type>router</type>\n<id>EktovpkP1XVuyyUzvOtu3mcEyWFbzMgg</id>\n<xpos>315</xpos>\n<ypos>110</ypos>\n<devicename><![CDATA[aa]]></devicename>\n<devicetype><![CDATA[router]]></devicetype>\n<noofports><![CDATA[1]]></noofports>\n<devclicmds><![CDATA[]]></devclicmds>\n<ports>\n<item>\n<portno><![CDATA[a]]></portno>\n<porttype><![CDATA[a]]></porttype>\n</item>\n</ports>\n</object>\n</objects>\n<connections>\n</connections>\n<params>\n<theObjects>\nrouter,315,110</theObjects>\n<theConnections>\n\n</theConnections>\n<params>\n</drawing>\n","N");
INSERT INTO ez_topology VALUES("253","nginTopo","2009-12-07 13:24:09","3","","","<?xml version=\"1.0\" encoding=\"ISO-8859-1\"?>\n<drawing>\n<objects>\n<object>\n<type>router</type>\n<id>sVhyo0WiubLFZ2CaxU2Jq3es3JXSsBtO</id>\n<xpos>235</xpos>\n<ypos>380</ypos>\n<devicename><![CDATA[routdfsdf]]></devicename>\n<devicetype><![CDATA[router]]></devicetype>\n<noofports><![CDATA[1]]></noofports>\n<devclicmds><![CDATA[]]></devclicmds>\n<ports>\n<item>\n<portno><![CDATA[sdf]]></portno>\n<porttype><![CDATA[sdf]]></porttype>\n</item>\n</ports>\n</object>\n<object>\n<type>router</type>\n<id>iAGHHZPRAu8xqQLeTITWPGbWnQXbXmgF</id>\n<xpos>152</xpos>\n<ypos>203</ypos>\n<devicename><![CDATA[sdsdd]]></devicename>\n<devicetype><![CDATA[router]]></devicetype>\n<noofports><![CDATA[1]]></noofports>\n<devclicmds><![CDATA[]]></devclicmds>\n<ports>\n<item>\n<portno><![CDATA[d]]></portno>\n<porttype><![CDATA[d]]></porttype>\n</item>\n</ports>\n</object>\n<object>\n<type>linuxpc</type>\n<id>lwOZHm3ydHLxX1ddEXARnPPmGepchaXC</id>\n<xpos>187</xpos>\n<ypos>279</ypos>\n<devicename><![CDATA[kjk]]></devicename>\n<devicetype><![CDATA[linuxpc]]></devicetype>\n<noofports><![CDATA[1]]></noofports>\n<devclicmds><![CDATA[]]></devclicmds>\n<ports>\n<item>\n<portno><![CDATA[gjh]]></portno>\n<porttype><![CDATA[gj]]></porttype>\n</item>\n</ports>\n</object>\n</objects>\n<connections>\n<connection>\n<sourceId>sVhyo0WiubLFZ2CaxU2Jq3es3JXSsBtO</sourceId>\n<sourcePortId>outputPort4</sourcePortId>\n<targetId>iAGHHZPRAu8xqQLeTITWPGbWnQXbXmgF</targetId>\n<targetPortId>outputPort11</targetPortId>\n</connection>\n<connection>\n<sourceId>sVhyo0WiubLFZ2CaxU2Jq3es3JXSsBtO</sourceId>\n<sourcePortId>outputPort6</sourcePortId>\n<targetId>lwOZHm3ydHLxX1ddEXARnPPmGepchaXC</targetId>\n<targetPortId>inputPort</targetPortId>\n</connection>\n</connections>\n<params>\n<theObjects>\n<![CDATA[router,235,380|router,152,203|linuxpc,187,279]]></theObjects>\n<theConnections>\n<![CDATA[290,435,290,456|122,455,291,455|122,215,122,456|122,215,143,215[*]260,440,260,461|251,460,261,460|251,254,251,461|242,254,252,254|242,254,242,275]]></theConnections>\n</params>\n</drawing>\n","N");
INSERT INTO ez_topology VALUES("254","ngin_topo2009","2009-12-07 13:24:09","3","","","<?xml version=\"1.0\" encoding=\"ISO-8859-1\"?>\n<drawing>\n<objects>\n<object>\n<type>router</type>\n<id>e26Wt8a72JAw8bNB4UyOtlFUJ64vevko</id>\n<xpos>68</xpos>\n<ypos>198</ypos>\n<devicename><![CDATA[ab ]]></devicename>\n<devicetype><![CDATA[router]]></devicetype>\n<noofports><![CDATA[1]]></noofports>\n<devclicmds><![CDATA[]]></devclicmds>\n<ports>\n<item>\n<portno><![CDATA[sd]]></portno>\n<porttype><![CDATA[d]]></porttype>\n</item>\n</ports>\n</object>\n<object>\n<type>linuxpc</type>\n<id>fx0Oyrw02DLH2NGTA0mBD3gD2TpMfTdQ</id>\n<xpos>202</xpos>\n<ypos>204</ypos>\n<devicename><![CDATA[aa]]></devicename>\n<devicetype><![CDATA[linuxpc]]></devicetype>\n<noofports><![CDATA[1]]></noofports>\n<devclicmds><![CDATA[]]></devclicmds>\n<ports>\n<item>\n<portno><![CDATA[ss]]></portno>\n<porttype><![CDATA[ss]]></porttype>\n</item>\n</ports>\n</object>\n<object>\n<type>windowspc</type>\n<id>tbtklvJ2Io6X1Tb4DIfaHvVQ22u4I9O5</id>\n<xpos>342</xpos>\n<ypos>205</ypos>\n<devicename><![CDATA[abcd]]></devicename>\n<devicetype><![CDATA[windowspc]]></devicetype>\n<noofports><![CDATA[1]]></noofports>\n<devclicmds><![CDATA[]]></devclicmds>\n<ports>\n<item>\n<portno><![CDATA[sd]]></portno>\n<porttype><![CDATA[fd]]></porttype>\n</item>\n</ports>\n</object>\n<object>\n<type>server</type>\n<id>zVQcuS7Ft2daTBlOCGz4OgRR3QJzkVQD</id>\n<xpos>486</xpos>\n<ypos>218</ypos>\n<devicename><![CDATA[aacc]]></devicename>\n<devicetype><![CDATA[server]]></devicetype>\n<noofports><![CDATA[1]]></noofports>\n<devclicmds><![CDATA[]]></devclicmds>\n<ports>\n<item>\n<portno><![CDATA[fc]]></portno>\n<porttype><![CDATA[fc]]></porttype>\n</item>\n</ports>\n</object>\n<object>\n<type>hub</type>\n<id>14UAZF5eGUTd5BcCfNpPze1TtbyoFW4P</id>\n<xpos>621</xpos>\n<ypos>215</ypos>\n<devicename><![CDATA[ss]]></devicename>\n<devicetype><![CDATA[hub]]></devicetype>\n<noofports><![CDATA[1]]></noofports>\n<devclicmds><![CDATA[]]></devclicmds>\n<ports>\n<item>\n<portno><![CDATA[ss]]></portno>\n<porttype><![CDATA[s]]></porttype>\n</item>\n</ports>\n</object>\n<object>\n<type>wireless</type>\n<id>2Fa5qWBSnHvFHePd80HsoUwyR2UW5Glc</id>\n<xpos>756</xpos>\n<ypos>213</ypos>\n<devicename><![CDATA[ee]]></devicename>\n<devicetype><![CDATA[wireless]]></devicetype>\n<noofports><![CDATA[1]]></noofports>\n<devclicmds><![CDATA[]]></devclicmds>\n<ports>\n<item>\n<portno><![CDATA[ee]]></portno>\n<porttype><![CDATA[eee]]></porttype>\n</item>\n</ports>\n</object>\n<object>\n<type>ixia</type>\n<id>0MXdZvhXKGuKlbSBQxfeJwsr7ZQDntdT</id>\n<xpos>891</xpos>\n<ypos>211</ypos>\n<devicename><![CDATA[aac]]></devicename>\n<devicetype><![CDATA[ixia]]></devicetype>\n<noofports><![CDATA[1]]></noofports>\n<devclicmds><![CDATA[]]></devclicmds>\n<ports>\n<item>\n<portno><![CDATA[sdf]]></portno>\n<porttype><![CDATA[dfd]]></porttype>\n</item>\n</ports>\n</object>\n</objects>\n<connections>\n<connection>\n<sourceId>e26Wt8a72JAw8bNB4UyOtlFUJ64vevko</sourceId>\n<sourcePortId>outputPort2</sourcePortId>\n<targetId>fx0Oyrw02DLH2NGTA0mBD3gD2TpMfTdQ</targetId>\n<targetPortId>inputPort10</targetPortId>\n</connection>\n<connection>\n<sourceId>tbtklvJ2Io6X1Tb4DIfaHvVQ22u4I9O5</sourceId>\n<sourcePortId>inputPort10</sourcePortId>\n<targetId>fx0Oyrw02DLH2NGTA0mBD3gD2TpMfTdQ</targetId>\n<targetPortId>inputPort2</targetPortId>\n</connection>\n<connection>\n<sourceId>zVQcuS7Ft2daTBlOCGz4OgRR3QJzkVQD</sourceId>\n<sourcePortId>inputPort10</sourcePortId>\n<targetId>tbtklvJ2Io6X1Tb4DIfaHvVQ22u4I9O5</targetId>\n<targetPortId>inputPort2</targetPortId>\n</connection>\n<connection>\n<sourceId>14UAZF5eGUTd5BcCfNpPze1TtbyoFW4P</sourceId>\n<sourcePortId>inputPort9</sourcePortId>\n<targetId>zVQcuS7Ft2daTBlOCGz4OgRR3QJzkVQD</targetId>\n<targetPortId>inputPort2</targetPortId>\n</connection>\n<connection>\n<sourceId>2Fa5qWBSnHvFHePd80HsoUwyR2UW5Glc</sourceId>\n<sourcePortId>inputPort9</sourcePortId>\n<targetId>14UAZF5eGUTd5BcCfNpPze1TtbyoFW4P</targetId>\n<targetPortId>inputPort2</targetPortId>\n</connection>\n<connection>\n<sourceId>0MXdZvhXKGuKlbSBQxfeJwsr7ZQDntdT</sourceId>\n<sourcePortId>inputPort9</sourcePortId>\n<targetId>2Fa5qWBSnHvFHePd80HsoUwyR2UW5Glc</targetId>\n<targetPortId>inputPort2</targetPortId>\n</connection>\n</connections>\n<params>\n<theObjects>\n<![CDATA[router,68,198|linuxpc,202,204|windowspc,342,205|server,486,218|hub,621,215|wireless,756,213|ixia,891,211]]></theObjects>\n<theConnections>\n<![CDATA[128,223,161,223|160,223,160,230|160,229,193,229[*]297,230,333,230|297,229,297,231|262,229,298,229[*]439,243,477,243|439,230,439,244|402,230,440,230[*]578,252,612,252|578,243,578,253|546,243,579,243[*]713,250,747,250|713,240,713,251|681,240,714,240[*]848,248,882,248|848,238,848,249|816,238,849,238]]></theConnections>\n</params>\n</drawing>\n","N");
INSERT INTO ez_topology VALUES("255","test__topology","2009-12-07 13:24:09","3","","","<?xml version=\"1.0\" encoding=\"ISO-8859-1\"?>\n<drawing>\n<objects>\n<object>\n<type>router</type>\n<id>8vATVUlrbDASMXCo9WhLKNcgvtksv1hH</id>\n<xpos>366</xpos>\n<ypos>91</ypos>\n<devicename><![CDATA[sdfs]]></devicename>\n<devicetype><![CDATA[router]]></devicetype>\n<noofports><![CDATA[1]]></noofports>\n<devclicmds><![CDATA[]]></devclicmds>\n<ports>\n<item>\n<portno><![CDATA[sdf]]></portno>\n<porttype><![CDATA[sdf]]></porttype>\n</item>\n</ports>\n</object>\n</objects>\n<connections>\n</connections>\n</drawing>\n","N");
INSERT INTO ez_topology VALUES("256","eztest_topo","2009-12-07 13:24:09","3","","","<?xml version=\"1.0\" encoding=\"ISO-8859-1\"?>\n<drawing>\n<objects>\n<object>\n<type>router</type>\n<id>Kd7pO9ugLzWZoMW74dytl9MptyMcLhk7</id>\n<xpos>256</xpos>\n<ypos>111</ypos>\n<devicename><![CDATA[dfsd]]></devicename>\n<devicetype><![CDATA[router]]></devicetype>\n<noofports><![CDATA[1]]></noofports>\n<devclicmds><![CDATA[]]></devclicmds>\n<ports>\n<item>\n<portno><![CDATA[sdf]]></portno>\n<porttype><![CDATA[dfsdf]]></porttype>\n</item>\n</ports>\n</object>\n</objects>\n<connections>\n</connections>\n</drawing>\n","N");
INSERT INTO ez_topology VALUES("257","zzfff","2009-12-07 13:24:09","3","","","<?xml version=\"1.0\" encoding=\"ISO-8859-1\"?>\n<drawing>\n<objects>\n<object>\n<type>router</type>\n<id>H8hJOl87wG8xNI2PhTaenlLqGTUGyQGa</id>\n<xpos>195</xpos>\n<ypos>125</ypos>\n<devicename><![CDATA[sdfsdf]]></devicename>\n<devicetype><![CDATA[router]]></devicetype>\n<noofports><![CDATA[1]]></noofports>\n<devclicmds><![CDATA[]]></devclicmds>\n<ports>\n<item>\n<portno><![CDATA[sdf]]></portno>\n<porttype><![CDATA[dsfsdf]]></porttype>\n</item>\n</ports>\n</object>\n</objects>\n<connections>\n</connections>\n</drawing>\n","N");
INSERT INTO ez_topology VALUES("258","ngin_topo2","2009-12-07 13:24:09","3","","","<?xml version=\"1.0\" encoding=\"ISO-8859-1\"?>\n<drawing>\n<objects>\n<object>\n<type>router</type>\n<id>sVhyo0WiubLFZ2CaxU2Jq3es3JXSsBtO</id>\n<xpos>677</xpos>\n<ypos>61</ypos>\n<devicename><![CDATA[rout]]></devicename>\n<devicetype><![CDATA[router]]></devicetype>\n<noofports><![CDATA[1]]></noofports>\n<devclicmds><![CDATA[]]></devclicmds>\n<ports>\n<item>\n<portno><![CDATA[sdf]]></portno>\n<porttype><![CDATA[sdf]]></porttype>\n</item>\n</ports>\n</object>\n<object>\n<type>router</type>\n<id>iAGHHZPRAu8xqQLeTITWPGbWnQXbXmgF</id>\n<xpos>660</xpos>\n<ypos>369</ypos>\n<devicename><![CDATA[sdsdd]]></devicename>\n<devicetype><![CDATA[router]]></devicetype>\n<noofports><![CDATA[1]]></noofports>\n<devclicmds><![CDATA[]]></devclicmds>\n<ports>\n<item>\n<portno><![CDATA[d]]></portno>\n<porttype><![CDATA[d]]></porttype>\n</item>\n</ports>\n</object>\n</objects>\n<connections>\n<connection>\n<sourceId>sVhyo0WiubLFZ2CaxU2Jq3es3JXSsBtO</sourceId>\n<sourcePortId>outputPort4</sourcePortId>\n<targetId>iAGHHZPRAu8xqQLeTITWPGbWnQXbXmgF</targetId>\n<targetPortId>outputPort11</targetPortId>\n</connection>\n</connections>\n<params>\n<theObjects>\n<![CDATA[router,677,61|router,660,369]]></theObjects>\n<theConnections>\n<![CDATA[732,116,732,249|630,248,733,248|630,248,630,382|630,381,651,381]]></theConnections>\n</params>\n</drawing>\n","N");
INSERT INTO ez_topology VALUES("259","a","2009-12-07 13:24:09","3","","","<?xml version=\"1.0\" encoding=\"ISO-8859-1\"?>\n<drawing>\n<objects>\n<object>\n<type>router</type>\n<id>ZE1CJ59HkfgqEEexzSairOTCPyrZlAJg</id>\n<xpos>181</xpos>\n<ypos>111</ypos>\n<devicename><![CDATA[a]]></devicename>\n<devicetype><![CDATA[router]]></devicetype>\n<noofports><![CDATA[1]]></noofports>\n<devclicmds><![CDATA[]]></devclicmds>\n<ports>\n<item>\n<portno><![CDATA[a]]></portno>\n<porttype><![CDATA[a]]></porttype>\n</item>\n</ports>\n</object>\n</objects>\n<connections>\n</connections>\n</drawing>\n","N");
INSERT INTO ez_topology VALUES("260","test25996633","2009-12-07 13:24:09","3","","","<?xml version=\"1.0\" encoding=\"ISO-8859-1\"?>\n<drawing>\n<objects>\n<object>\n<type>router</type>\n<id>pNtk1XT2Tdgs05xo1We2Vu4FtrhiNmDt</id>\n<xpos>436</xpos>\n<ypos>98</ypos>\n<devicename><![CDATA[sdfsdfsdf]]></devicename>\n<devicetype><![CDATA[router]]></devicetype>\n<noofports><![CDATA[1]]></noofports>\n<devclicmds><![CDATA[]]></devclicmds>\n<ports>\n<item>\n<portno><![CDATA[sdf]]></portno>\n<porttype><![CDATA[dsf]]></porttype>\n</item>\n</ports>\n</object>\n</objects>\n<connections>\n</connections>\n</drawing>\n","N");
INSERT INTO ez_topology VALUES("261","topology","2009-12-07 13:24:09","3","","","helow","N");
INSERT INTO ez_topology VALUES("262","test20000000009","2009-12-07 13:24:09","3","","","<?xml version=\"1.0\" encoding=\"ISO-8859-1\"?>\n<drawing>\n<objects>\n<object>\n<type>router</type>\n<id>RUdAcpkr1xigXrxQdmEOKO5Qt3M2UD1l</id>\n<xpos>296</xpos>\n<ypos>127</ypos>\n<devicename><![CDATA[sdsd]]></devicename>\n<devicetype><![CDATA[router]]></devicetype>\n<noofports><![CDATA[1]]></noofports>\n<devclicmds><![CDATA[]]></devclicmds>\n<ports>\n<item>\n<portno><![CDATA[sd]]></portno>\n<porttype><![CDATA[sdsd]]></porttype>\n</item>\n</ports>\n</object>\n<object>\n<type>ixia</type>\n<id>lTDM63xeLm73iJGe8A9phtHBy70vE0Q6</id>\n<xpos>310</xpos>\n<ypos>244</ypos>\n<devicename><![CDATA[sdasda]]></devicename>\n<devicetype><![CDATA[ixia]]></devicetype>\n<noofports><![CDATA[1]]></noofports>\n<devclicmds><![CDATA[]]></devclicmds>\n<ports>\n<item>\n<portno><![CDATA[asdfasdf]]></portno>\n<porttype><![CDATA[sdfsdf]]></porttype>\n</item>\n</ports>\n</object>\n<object>\n<type>wavesat</type>\n<id>V2sdnn4hMX8uRO1QTwCHqZTtwNtRos6n</id>\n<xpos>135</xpos>\n<ypos>176</ypos>\n<devicename><![CDATA[ss]]></devicename>\n<devicetype><![CDATA[wavesat]]></devicetype>\n<noofports><![CDATA[1]]></noofports>\n<devclicmds><![CDATA[]]></devclicmds>\n<ports>\n<item>\n<portno><![CDATA[ss]]></portno>\n<porttype><![CDATA[ss]]></porttype>\n</item>\n</ports>\n</object>\n<object>\n<type>extreme</type>\n<id>so6hzDv6WLyPvZDJ8KZ7zazEAd6JIprZ</id>\n<xpos>448</xpos>\n<ypos>178</ypos>\n<devicename><![CDATA[sdfdsaa]]></devicename>\n<devicetype><![CDATA[extreme]]></devicetype>\n<noofports><![CDATA[1]]></noofports>\n<devclicmds><![CDATA[]]></devclicmds>\n<ports>\n<item>\n<portno><![CDATA[ss]]></portno>\n<porttype><![CDATA[dfdf]]></porttype>\n</item>\n</ports>\n</object>\n</objects>\n<connections>\n<connection>\n<sourceId>RUdAcpkr1xigXrxQdmEOKO5Qt3M2UD1l</sourceId>\n<sourcePortId>outputPort9</sourcePortId>\n<targetId>V2sdnn4hMX8uRO1QTwCHqZTtwNtRos6n</targetId>\n<targetPortId>inputPort1</targetPortId>\n</connection>\n<connection>\n<sourceId>lTDM63xeLm73iJGe8A9phtHBy70vE0Q6</sourceId>\n<sourcePortId>inputPort9</sourcePortId>\n<targetId>V2sdnn4hMX8uRO1QTwCHqZTtwNtRos6n</targetId>\n<targetPortId>inputPort6</targetPortId>\n</connection>\n<connection>\n<sourceId>so6hzDv6WLyPvZDJ8KZ7zazEAd6JIprZ</sourceId>\n<sourcePortId>outputPort5</sourcePortId>\n<targetId>lTDM63xeLm73iJGe8A9phtHBy70vE0Q6</targetId>\n<targetPortId>inputPort3</targetPortId>\n</connection>\n<connection>\n<sourceId>RUdAcpkr1xigXrxQdmEOKO5Qt3M2UD1l</sourceId>\n<sourcePortId>outputPort2</sourcePortId>\n<targetId>so6hzDv6WLyPvZDJ8KZ7zazEAd6JIprZ</targetId>\n<targetPortId>outputPort13</targetPortId>\n</connection>\n</connections>\n<params>\n<theObjects>\n<![CDATA[router,296,127|ixia,310,244|wavesat,135,176|extreme,448,178]]></theObjects>\n<theConnections>\n<![CDATA[240,164,287,164|240,164,240,189|195,188,241,188[*]160,281,301,281|160,236,160,282[*]485,238,485,282|370,281,486,281[*]356,152,461,152|460,152,460,169]]></theConnections>\n</params>\n</drawing>\n","N");
INSERT INTO ez_topology VALUES("263","sszs","2009-12-07 13:24:09","3","","","<?xml version=\"1.0\" encoding=\"ISO-8859-1\"?>\n<drawing>\n<objects>\n<object>\n<type>router</type>\n<id>DMQh5EhDpURoeWINcM2e83DPrmhAnTxZ</id>\n<xpos>351</xpos>\n<ypos>140</ypos>\n<devicename><![CDATA[ddd]]></devicename>\n<devicetype><![CDATA[router]]></devicetype>\n<noofports><![CDATA[1]]></noofports>\n<devclicmds><![CDATA[]]></devclicmds>\n<ports>\n<item>\n<portno><![CDATA[ddd]]></portno>\n<porttype><![CDATA[dddddd]]></porttype>\n</item>\n</ports>\n</object>\n<object>\n<type>router</type>\n<id>1y8F6ycHSiTvSG6yFV3FaVxTKX5W3T1k</id>\n<xpos>252</xpos>\n<ypos>123</ypos>\n<devicename><![CDATA[sss]]></devicename>\n<devicetype><![CDATA[router]]></devicetype>\n<noofports><![CDATA[1]]></noofports>\n<devclicmds><![CDATA[]]></devclicmds>\n<ports>\n<item>\n<portno><![CDATA[ss]]></portno>\n<porttype><![CDATA[ss]]></porttype>\n</item>\n</ports>\n</object>\n</objects>\n<connections>\n</connections>\n</drawing>\n","N");
INSERT INTO ez_topology VALUES("264","axx","2009-12-07 13:24:09","3","","","<?xml version=\"1.0\" encoding=\"ISO-8859-1\"?>\n<drawing>\n<objects>\n<object>\n<type>router</type>\n<id>Z35sN7hG9pa06MTy3MSan7deq195gdRq</id>\n<xpos>462</xpos>\n<ypos>182</ypos>\n<devicename><![CDATA[testr]]></devicename>\n<devicetype><![CDATA[router]]></devicetype>\n<noofports><![CDATA[1]]></noofports>\n<devclicmds><![CDATA[]]></devclicmds>\n<ports>\n<item>\n<portno><![CDATA[fdg]]></portno>\n<porttype><![CDATA[fdfg]]></porttype>\n</item>\n</ports>\n</object>\n<object>\n<type>extreme</type>\n<id>hdu1HxW1r6fpJkM1hm0aFJhIZVeUW0oS</id>\n<xpos>324</xpos>\n<ypos>271</ypos>\n<ports>\n</ports>\n</object>\n</objects>\n<connections>\n</connections>\n</drawing>\n","N");
INSERT INTO ez_topology VALUES("265","zzzaa","2009-12-07 16:00:37","2","","","<?xml version=\"1.0\" encoding=\"ISO-8859-1\"?>\n<drawing>\n<objects>\n<object>\n<type>router</type>\n<id>dzQuQtECZnwuQ0xDi3OEXluxmBFit771</id>\n<xpos>317</xpos>\n<ypos>113</ypos>\n<devicename><![CDATA[sdsdss]]></devicename>\n<devicetype><![CDATA[router]]></devicetype>\n<noofports><![CDATA[1]]></noofports>\n<devclicmds><![CDATA[]]></devclicmds>\n<ports>\n<item>\n<portno><![CDATA[sd]]></portno>\n<porttype><![CDATA[sdsd]]></porttype>\n</item>\n</ports>\n</object>\n</objects>\n<connections>\n</connections>\n</drawing>\n","N");
INSERT INTO ez_topology VALUES("266","ddddddfddddddd","2009-12-07 16:00:37","2","","","<?xml version=\"1.0\" encoding=\"ISO-8859-1\"?>\n<drawing>\n<objects>\n<object>\n<type>router</type>\n<id>Kd7pO9ugLzWZoMW74dytl9MptyMcLhk7</id>\n<xpos>256</xpos>\n<ypos>111</ypos>\n<devicename><![CDATA[dfsd]]></devicename>\n<devicetype><![CDATA[router]]></devicetype>\n<noofports><![CDATA[1]]></noofports>\n<devclicmds><![CDATA[]]></devclicmds>\n<ports>\n<item>\n<portno><![CDATA[sdf]]></portno>\n<porttype><![CDATA[dfsdf]]></porttype>\n</item>\n</ports>\n</object>\n</objects>\n<connections>\n</connections>\n</drawing>\n","N");
INSERT INTO ez_topology VALUES("267","qqww","2009-12-07 16:00:37","2","","","<?xml version=\"1.0\" encoding=\"ISO-8859-1\"?>\n<drawing>\n<objects>\n<object>\n<type>router</type>\n<id>SwbinCQ2tSZ7POXbNKwMQKpZDmI2q0ah</id>\n<xpos>292</xpos>\n<ypos>172</ypos>\n<devicename><![CDATA[zxcdd11111111111111111118833333333]]></devicename>\n<devicetype><![CDATA[router]]></devicetype>\n<noofports><![CDATA[1]]></noofports>\n<devclicmds><![CDATA[]]></devclicmds>\n<ports>\n<item>\n<portno><![CDATA[dfd]]></portno>\n<porttype><![CDATA[df]]></porttype>\n</item>\n</ports>\n</object>\n</objects>\n<connections>\n</connections>\n</drawing>\n","N");
INSERT INTO ez_topology VALUES("268","rrr","2009-12-07 16:00:37","2","","","<?xml version=\"1.0\" encoding=\"ISO-8859-1\"?>\n<drawing>\n<objects>\n<object>\n<type>router</type>\n<id>c3kfco8G29mfMOdePyUIhp7TKZGwALku</id>\n<xpos>249</xpos>\n<ypos>136</ypos>\n<devicename><![CDATA[fgfg]]></devicename>\n<devicetype><![CDATA[router]]></devicetype>\n<noofports><![CDATA[1]]></noofports>\n<devclicmds><![CDATA[]]></devclicmds>\n<ports>\n<item>\n<portno><![CDATA[dfg]]></portno>\n<porttype><![CDATA[fgdfg]]></porttype>\n</item>\n</ports>\n</object>\n</objects>\n<connections>\n</connections>\n</drawing>\n","N");
INSERT INTO ez_topology VALUES("269","aaqa","2009-12-07 16:00:37","2","","","<?xml version=\"1.0\" encoding=\"ISO-8859-1\"?>\n<drawing>\n<objects>\n<object>\n<type>router</type>\n<id>7f0pInDERdHbOG08i4UaRueqDUR0UKZF</id>\n<xpos>231</xpos>\n<ypos>105</ypos>\n<devicename><![CDATA[fggf]]></devicename>\n<devicetype><![CDATA[router]]></devicetype>\n<noofports><![CDATA[1]]></noofports>\n<devclicmds><![CDATA[]]></devclicmds>\n<ports>\n<item>\n<portno><![CDATA[fg]]></portno>\n<porttype><![CDATA[gf]]></porttype>\n</item>\n</ports>\n</object>\n</objects>\n<connections>\n</connections>\n</drawing>\n","N");
INSERT INTO ez_topology VALUES("270","jjj","2009-12-07 16:00:37","2","","","<?xml version=\"1.0\" encoding=\"ISO-8859-1\"?>\n<drawing>\n<objects>\n<object>\n<type>router</type>\n<id>sOknOElAxQIMPwsAEZnmZTP4dzyUdADd</id>\n<xpos>266</xpos>\n<ypos>116</ypos>\n<devicename><![CDATA[asd]]></devicename>\n<devicetype><![CDATA[router]]></devicetype>\n<noofports><![CDATA[1]]></noofports>\n<devclicmds><![CDATA[]]></devclicmds>\n<ports>\n<item>\n<portno><![CDATA[asdas]]></portno>\n<porttype><![CDATA[d]]></porttype>\n</item>\n</ports>\n</object>\n</objects>\n<connections>\n</connections>\n</drawing>\n","N");
INSERT INTO ez_topology VALUES("271","ttttttttttt","2009-12-07 16:00:37","2","","","<?xml version=\"1.0\" encoding=\"ISO-8859-1\"?>\n<drawing>\n<objects>\n<object>\n<type>router</type>\n<id>CVulbAJpfH3c5Uk20gBlCt27Ba5ds50S</id>\n<xpos>291</xpos>\n<ypos>134</ypos>\n<devicename><![CDATA[sdfsdf]]></devicename>\n<devicetype><![CDATA[router]]></devicetype>\n<noofports><![CDATA[1]]></noofports>\n<devclicmds><![CDATA[]]></devclicmds>\n<ports>\n<item>\n<portno><![CDATA[sdf]]></portno>\n<porttype><![CDATA[sdf]]></porttype>\n</item>\n</ports>\n</object>\n</objects>\n<connections>\n</connections>\n</drawing>\n","N");
INSERT INTO ez_topology VALUES("272","dtd","2009-12-07 16:00:37","2","","","<?xml version=\"1.0\" encoding=\"ISO-8859-1\"?>\n<drawing>\n<objects>\n<object>\n<type>router</type>\n<id>c3kfco8G29mfMOdePyUIhp7TKZGwALku</id>\n<xpos>249</xpos>\n<ypos>136</ypos>\n<devicename><![CDATA[fgfg]]></devicename>\n<devicetype><![CDATA[router]]></devicetype>\n<noofports><![CDATA[1]]></noofports>\n<devclicmds><![CDATA[]]></devclicmds>\n<ports>\n<item>\n<portno><![CDATA[dfg]]></portno>\n<porttype><![CDATA[fgdfg]]></porttype>\n</item>\n</ports>\n</object>\n</objects>\n<connections>\n</connections>\n</drawing>\n","N");
INSERT INTO ez_topology VALUES("273","f","2009-12-07 16:00:37","2","","","<?xml version=\"1.0\" encoding=\"ISO-8859-1\"?>\n<drawing>\n<objects>\n<object>\n<type>router</type>\n<id>603aQEKp6JBKqyffggu6Il3kmZCCcau3</id>\n<xpos>327</xpos>\n<ypos>145</ypos>\n<devicename><![CDATA[sdf]]></devicename>\n<devicetype><![CDATA[router]]></devicetype>\n<noofports><![CDATA[1]]></noofports>\n<devclicmds><![CDATA[]]></devclicmds>\n<ports>\n<item>\n<portno><![CDATA[dsf]]></portno>\n<porttype><![CDATA[ffd]]></porttype>\n</item>\n</ports>\n</object>\n<object>\n<type>linuxpc</type>\n<id>uouVCe17C0bVLbhrW6ByTGwPNNU9OPNg</id>\n<xpos>450</xpos>\n<ypos>146</ypos>\n<devicename><![CDATA[dsf]]></devicename>\n<devicetype><![CDATA[linuxpc]]></devicetype>\n<noofports><![CDATA[1]]></noofports>\n<devclicmds><![CDATA[]]></devclicmds>\n<ports>\n<item>\n<portno><![CDATA[dsf]]></portno>\n<porttype><![CDATA[df]]></porttype>\n</item>\n</ports>\n</object>\n</objects>\n<connections>\n<connection>\n<sourceId>603aQEKp6JBKqyffggu6Il3kmZCCcau3</sourceId>\n<sourcePortId>outputPort4</sourcePortId>\n<targetId>uouVCe17C0bVLbhrW6ByTGwPNNU9OPNg</targetId>\n<targetPortId>inputPort11</targetPortId>\n</connection>\n</connections>\n<params>\n<theObjects>\nrouter,327,145|linuxpc,450,146</theObjects>\n<theConnections>\n382,200,382,221|382,220,412,220|411,158,411,221|411,158,441,158</theConnections>\n<params>\n</drawing>\n","N");
INSERT INTO ez_topology VALUES("274","fgmbghjdfhg","2009-12-07 16:00:37","2","","","<?xml version=\"1.0\" encoding=\"ISO-8859-1\"?>\n<drawing>\n<objects>\n<object>\n<type>router</type>\n<id>KF2cw8aQtC1dutGOf43LbzxzS0GxmeFk</id>\n<xpos>229</xpos>\n<ypos>115</ypos>\n<devicename><![CDATA[tgfh]]></devicename>\n<devicetype><![CDATA[router]]></devicetype>\n<noofports><![CDATA[1]]></noofports>\n<devclicmds><![CDATA[]]></devclicmds>\n<ports>\n<item>\n<portno><![CDATA[gh]]></portno>\n<porttype><![CDATA[hgf]]></porttype>\n</item>\n</ports>\n</object>\n</objects>\n<connections>\n</connections>\n</drawing>\n","N");
INSERT INTO ez_topology VALUES("275","aaqq","2009-12-07 16:00:37","2","","","<?xml version=\"1.0\" encoding=\"ISO-8859-1\"?>\n<drawing>\n<objects>\n<object>\n<type>router</type>\n<id>SwbinCQ2tSZ7POXbNKwMQKpZDmI2q0ah</id>\n<xpos>292</xpos>\n<ypos>172</ypos>\n<devicename><![CDATA[zxcdd1111111111111111111]]></devicename>\n<devicetype><![CDATA[router]]></devicetype>\n<noofports><![CDATA[1]]></noofports>\n<devclicmds><![CDATA[]]></devclicmds>\n<ports>\n<item>\n<portno><![CDATA[dfd]]></portno>\n<porttype><![CDATA[df]]></porttype>\n</item>\n</ports>\n</object>\n</objects>\n<connections>\n</connections>\n</drawing>\n","N");
INSERT INTO ez_topology VALUES("276","test_topo_","2009-12-07 16:00:37","2","","","<?xml version=\"1.0\" encoding=\"ISO-8859-1\"?>\n<drawing>\n<objects>\n<object>\n<type>router</type>\n<id>9HeoCkmyzQdcAUvURDWu24GgGs4mrCdv</id>\n<xpos>341</xpos>\n<ypos>118</ypos>\n<devicename><![CDATA[ff]]></devicename>\n<devicetype><![CDATA[router]]></devicetype>\n<noofports><![CDATA[1]]></noofports>\n<devclicmds><![CDATA[]]></devclicmds>\n<ports>\n<item>\n<portno><![CDATA[f]]></portno>\n<porttype><![CDATA[f]]></porttype>\n</item>\n</ports>\n</object>\n</objects>\n<connections>\n</connections>\n</drawing>\n","N");
INSERT INTO ez_topology VALUES("277","hhhhhhhhhhhhhhhhhhhhhhhhhhh","2009-12-07 16:00:37","2","","","<?xml version=\"1.0\" encoding=\"ISO-8859-1\"?>\n<drawing>\n<objects>\n<object>\n<type>router</type>\n<id>ECegVHdFoMARhkkAq0Tp1hMPuRWtZ05S</id>\n<xpos>228</xpos>\n<ypos>101</ypos>\n<devicename><![CDATA[sdfsdf]]></devicename>\n<devicetype><![CDATA[router]]></devicetype>\n<noofports><![CDATA[1]]></noofports>\n<devclicmds><![CDATA[]]></devclicmds>\n<ports>\n<item>\n<portno><![CDATA[sdf]]></portno>\n<porttype><![CDATA[fdfsdf]]></porttype>\n</item>\n</ports>\n</object>\n</objects>\n<connections>\n</connections>\n</drawing>\n","N");
INSERT INTO ez_topology VALUES("278","_a","2009-12-07 16:00:37","2","","","<?xml version=\"1.0\" encoding=\"ISO-8859-1\"?>\n<drawing>\n<objects>\n<object>\n<type>router</type>\n<id>LZNMzL9CWg231bfcMF7AgMmefIkBi5fn</id>\n<xpos>289</xpos>\n<ypos>118</ypos>\n<devicename><![CDATA[trtgrtr]]></devicename>\n<devicetype><![CDATA[router]]></devicetype>\n<noofports><![CDATA[1]]></noofports>\n<devclicmds><![CDATA[]]></devclicmds>\n<ports>\n<item>\n<portno><![CDATA[rt]]></portno>\n<porttype><![CDATA[trrt]]></porttype>\n</item>\n</ports>\n</object>\n<object>\n<type>router</type>\n<id>I3srvBzu989Lhf8oZ9L79hDpi1QFnbBG</id>\n<xpos>456</xpos>\n<ypos>307</ypos>\n<devicename><![CDATA[dfd]]></devicename>\n<devicetype><![CDATA[router]]></devicetype>\n<noofports><![CDATA[1]]></noofports>\n<devclicmds><![CDATA[]]></devclicmds>\n<ports>\n<item>\n<portno><![CDATA[df]]></portno>\n<porttype><![CDATA[df]]></porttype>\n</item>\n</ports>\n</object>\n</objects>\n<connections>\n<connection>\n<sourceId>LZNMzL9CWg231bfcMF7AgMmefIkBi5fn</sourceId>\n<sourcePortId>outputPort4</sourcePortId>\n<targetId>I3srvBzu989Lhf8oZ9L79hDpi1QFnbBG</targetId>\n<targetPortId>outputPort12</targetPortId>\n</connection>\n</connections>\n<params>\n<theObjects>\nrouter,289,118|router,456,307</theObjects>\n<theConnections>\n344,173,344,238|344,237,452,237|451,237,451,303</theConnections>\n<params>\n</drawing>\n","N");
INSERT INTO ez_topology VALUES("279","__f","2009-12-07 16:00:37","2","","","<?xml version=\"1.0\" encoding=\"ISO-8859-1\"?>\n<drawing>\n<objects>\n<object>\n<type>router</type>\n<id>EWkGpLBKIHOHhPRT18MUc5AbAeQhp0BX</id>\n<xpos>257</xpos>\n<ypos>132</ypos>\n<devicename><![CDATA[sd]]></devicename>\n<devicetype><![CDATA[router]]></devicetype>\n<noofports><![CDATA[1]]></noofports>\n<devclicmds><![CDATA[]]></devclicmds>\n<ports>\n<item>\n<portno><![CDATA[s]]></portno>\n<porttype><![CDATA[s]]></porttype>\n</item>\n</ports>\n</object>\n<object>\n<type>windowspc</type>\n<id>LucvECMZlESG6uWFNa0TkLXwGJrGiJMw</id>\n<xpos>456</xpos>\n<ypos>121</ypos>\n<devicename><![CDATA[sdww]]></devicename>\n<devicetype><![CDATA[windowspc]]></devicetype>\n<noofports><![CDATA[1]]></noofports>\n<devclicmds><![CDATA[]]></devclicmds>\n<ports>\n<item>\n<portno><![CDATA[s]]></portno>\n<porttype><![CDATA[s]]></porttype>\n</item>\n</ports>\n</object>\n<object>\n<type>router</type>\n<id>puNGu9KWT8gTNamV0Sn1ComHo9OuH11X</id>\n<xpos>392</xpos>\n<ypos>284</ypos>\n<devicename><![CDATA[deawd]]></devicename>\n<devicetype><![CDATA[router]]></devicetype>\n<noofports><![CDATA[1]]></noofports>\n<devclicmds><![CDATA[]]></devclicmds>\n<ports>\n<item>\n<portno><![CDATA[asd]]></portno>\n<porttype><![CDATA[sd]]></porttype>\n</item>\n</ports>\n</object>\n</objects>\n<connections>\n<connection>\n<sourceId>EWkGpLBKIHOHhPRT18MUc5AbAeQhp0BX</sourceId>\n<sourcePortId>outputPort6</sourcePortId>\n<targetId>puNGu9KWT8gTNamV0Sn1ComHo9OuH11X</targetId>\n<targetPortId>outputPort9</targetPortId>\n</connection>\n<connection>\n<sourceId>EWkGpLBKIHOHhPRT18MUc5AbAeQhp0BX</sourceId>\n<sourcePortId>outputPort1</sourcePortId>\n<targetId>LucvECMZlESG6uWFNa0TkLXwGJrGiJMw</targetId>\n<targetPortId>inputPort9</targetPortId>\n</connection>\n<connection>\n<sourceId>puNGu9KWT8gTNamV0Sn1ComHo9OuH11X</sourceId>\n<sourcePortId>outputPort2</sourcePortId>\n<targetId>LucvECMZlESG6uWFNa0TkLXwGJrGiJMw</targetId>\n<targetPortId>inputPort5</targetPortId>\n</connection>\n</connections>\n<params>\n<theObjects>\nrouter,257,132|windowspc,456,121|router,392,284</theObjects>\n<theConnections>\n282,192,282,322|282,321,383,321[*]317,144,382,144|381,144,381,159|381,158,447,158[*]452,309,494,309|493,181,493,310</theConnections>\n<params>\n</drawing>\n","N");
INSERT INTO ez_topology VALUES("280","dfdf","2009-12-07 16:00:37","2","","","<?xml version=\"1.0\" encoding=\"ISO-8859-1\"?>\n<drawing>\n<objects>\n<object>\n<type>router</type>\n<id>dgSoKTGUtZyhkLZFlLnUPMz4BTbLNVco</id>\n<xpos>377</xpos>\n<ypos>200</ypos>\n<devicename><![CDATA[router123]]></devicename>\n<devicetype><![CDATA[router]]></devicetype>\n<noofports><![CDATA[1]]></noofports>\n<devclicmds><![CDATA[]]></devclicmds>\n<ports>\n<item>\n<portno><![CDATA[dd]]></portno>\n<porttype><![CDATA[dd]]></porttype>\n</item>\n</ports>\n</object>\n</objects>\n<connections>\n</connections>\n</drawing>\n","N");
INSERT INTO ez_topology VALUES("281","jj","2009-12-07 16:00:37","2","","","<?xml version=\"1.0\" encoding=\"ISO-8859-1\"?>\n<drawing>\n<objects>\n<object>\n<type>router</type>\n<id>sOknOElAxQIMPwsAEZnmZTP4dzyUdADd</id>\n<xpos>266</xpos>\n<ypos>116</ypos>\n<devicename><![CDATA[asd]]></devicename>\n<devicetype><![CDATA[router]]></devicetype>\n<noofports><![CDATA[1]]></noofports>\n<devclicmds><![CDATA[]]></devclicmds>\n<ports>\n<item>\n<portno><![CDATA[asdas]]></portno>\n<porttype><![CDATA[d]]></porttype>\n</item>\n</ports>\n</object>\n</objects>\n<connections>\n</connections>\n</drawing>\n","N");
INSERT INTO ez_topology VALUES("282","xcvxc","2009-12-07 16:00:37","2","","","<?xml version=\"1.0\" encoding=\"ISO-8859-1\"?>\n<drawing>\n<objects>\n<object>\n<type>router</type>\n<id>B74Sm4OmX3sUZ9wlifv9pAKIsAydlRqs</id>\n<xpos>363</xpos>\n<ypos>119</ypos>\n<devicename><![CDATA[tgghgfh]]></devicename>\n<devicetype><![CDATA[router]]></devicetype>\n<noofports><![CDATA[1]]></noofports>\n<devclicmds><![CDATA[]]></devclicmds>\n<ports>\n<item>\n<portno><![CDATA[gfh]]></portno>\n<porttype><![CDATA[gfh]]></porttype>\n</item>\n</ports>\n</object>\n</objects>\n<connections>\n</connections>\n</drawing>\n","N");
INSERT INTO ez_topology VALUES("283","dd","2009-12-07 16:00:37","2","","","<?xml version=\"1.0\" encoding=\"ISO-8859-1\"?>\n<drawing>\n<objects>\n<object>\n<type>router</type>\n<id>WpCtWXefJ6sSbTTNqn5MIbFvHw5mlV8E</id>\n<xpos>438</xpos>\n<ypos>134</ypos>\n<devicename><![CDATA[dfg]]></devicename>\n<devicetype><![CDATA[router]]></devicetype>\n<noofports><![CDATA[1]]></noofports>\n<devclicmds><![CDATA[]]></devclicmds>\n<ports>\n<item>\n<portno><![CDATA[d]]></portno>\n<porttype><![CDATA[d]]></porttype>\n</item>\n</ports>\n</object>\n</objects>\n<connections>\n</connections>\n</drawing>\n","N");
INSERT INTO ez_topology VALUES("284","test_topo_ngin","2009-12-07 16:00:37","2","","","<?xml version=\"1.0\" encoding=\"ISO-8859-1\"?>\n<drawing>\n<objects>\n<object>\n<type>router</type>\n<id>ciA5JeyJF908HFaw2tATPCwL82khrOsW</id>\n<xpos>227</xpos>\n<ypos>122</ypos>\n<devicename><![CDATA[rout1]]></devicename>\n<devicetype><![CDATA[router]]></devicetype>\n<noofports><![CDATA[2]]></noofports>\n<devclicmds><![CDATA[]]></devclicmds>\n<ports>\n<item>\n<portno><![CDATA[rout1pname1]]></portno>\n<porttype><![CDATA[rout1ptype1]]></porttype>\n</item>\n<item>\n<portno><![CDATA[rout1pname2]]></portno>\n<porttype><![CDATA[rout1ptype2]]></porttype>\n</item>\n</ports>\n</object>\n<object>\n<type>router</type>\n<id>GuFsLTyTBtN0sCMqbH7BQpBARzwVnbMb</id>\n<xpos>552</xpos>\n<ypos>127</ypos>\n<devicename><![CDATA[rout2]]></devicename>\n<devicetype><![CDATA[router]]></devicetype>\n<noofports><![CDATA[2]]></noofports>\n<devclicmds><![CDATA[]]></devclicmds>\n<ports>\n<item>\n<portno><![CDATA[rout2pname1]]></portno>\n<porttype><![CDATA[rout2ptype1]]></porttype>\n</item>\n<item>\n<portno><![CDATA[rout2pname2]]></portno>\n<porttype><![CDATA[rout2ptype2]]></porttype>\n</item>\n</ports>\n</object>\n<object>\n<type>router</type>\n<id>3ZTCg3TWIpxTXlGVGExy9BpoLqXgCEnW</id>\n<xpos>388</xpos>\n<ypos>281</ypos>\n<devicename><![CDATA[rout3]]></devicename>\n<devicetype><![CDATA[router]]></devicetype>\n<noofports><![CDATA[2]]></noofports>\n<devclicmds><![CDATA[]]></devclicmds>\n<ports>\n<item>\n<portno><![CDATA[rout3pname1]]></portno>\n<porttype><![CDATA[rout3ptype1]]></porttype>\n</item>\n<item>\n<portno><![CDATA[rout3pname2]]></portno>\n<porttype><![CDATA[rout3ptype2]]></porttype>\n</item>\n</ports>\n</object>\n</objects>\n<connections>\n<connection>\n<sourceId>ciA5JeyJF908HFaw2tATPCwL82khrOsW</sourceId>\n<sourcePortId>outputPort2</sourcePortId>\n<targetId>GuFsLTyTBtN0sCMqbH7BQpBARzwVnbMb</targetId>\n<targetPortId>outputPort9</targetPortId>\n</connection>\n<connection>\n<sourceId>ciA5JeyJF908HFaw2tATPCwL82khrOsW</sourceId>\n<sourcePortId>outputPort6</sourcePortId>\n<targetId>3ZTCg3TWIpxTXlGVGExy9BpoLqXgCEnW</targetId>\n<targetPortId>outputPort9</targetPortId>\n</connection>\n<connection>\n<sourceId>GuFsLTyTBtN0sCMqbH7BQpBARzwVnbMb</sourceId>\n<sourcePortId>outputPort5</sourcePortId>\n<targetId>3ZTCg3TWIpxTXlGVGExy9BpoLqXgCEnW</targetId>\n<targetPortId>outputPort1</targetPortId>\n</connection>\n</connections>\n</drawing>\n","N");
INSERT INTO ez_topology VALUES("285","ssaz","2009-12-07 16:00:37","2","","","<?xml version=\"1.0\" encoding=\"ISO-8859-1\"?>\n<drawing>\n<objects>\n<object>\n<type>router</type>\n<id>SwbinCQ2tSZ7POXbNKwMQKpZDmI2q0ah</id>\n<xpos>415</xpos>\n<ypos>179</ypos>\n<devicename><![CDATA[zxcdd111111111ccc1]]></devicename>\n<devicetype><![CDATA[router]]></devicetype>\n<noofports><![CDATA[1]]></noofports>\n<devclicmds><![CDATA[]]></devclicmds>\n<ports>\n<item>\n<portno><![CDATA[dfd]]></portno>\n<porttype><![CDATA[df]]></porttype>\n</item>\n</ports>\n</object>\n</objects>\n<connections>\n</connections>\n</drawing>\n","N");
INSERT INTO ez_topology VALUES("286","ngin_topology1","2009-12-07 16:00:37","2","","","<?xml version=\"1.0\" encoding=\"ISO-8859-1\"?>\n<drawing>\n<objects>\n<object>\n<type>router</type>\n<id>iAGHHZPRAu8xqQLeTITWPGbWnQXbXmgF</id>\n<xpos>677</xpos>\n<ypos>309</ypos>\n<devicename><![CDATA[sdsdd]]></devicename>\n<devicetype><![CDATA[router]]></devicetype>\n<noofports><![CDATA[1]]></noofports>\n<devclicmds><![CDATA[]]></devclicmds>\n<ports>\n<item>\n<portno><![CDATA[d]]></portno>\n<porttype><![CDATA[d]]></porttype>\n</item>\n</ports>\n</object>\n<object>\n<type>linuxpc</type>\n<id>oUmznx1AUPZEP8fBXMy9qTDLPiQHvTZc</id>\n<xpos>209</xpos>\n<ypos>209</ypos>\n<devicename><![CDATA[sdfss]]></devicename>\n<devicetype><![CDATA[linuxpc]]></devicetype>\n<noofports><![CDATA[2]]></noofports>\n<devclicmds><![CDATA[]]></devclicmds>\n<ports>\n<item>\n<portno><![CDATA[sdf]]></portno>\n<porttype><![CDATA[df]]></porttype>\n</item>\n<item>\n<portno><![CDATA[sdfe]]></portno>\n<porttype><![CDATA[ffe]]></porttype>\n</item>\n</ports>\n</object>\n<object>\n<type>router</type>\n<id>sVhyo0WiubLFZ2CaxU2Jq3es3JXSsBtO</id>\n<xpos>526</xpos>\n<ypos>139</ypos>\n<devicename><![CDATA[rout]]></devicename>\n<devicetype><![CDATA[router]]></devicetype>\n<noofports><![CDATA[1]]></noofports>\n<devclicmds><![CDATA[]]></devclicmds>\n<ports>\n<item>\n<portno><![CDATA[ss]]></portno>\n<porttype><![CDATA[sss]]></porttype>\n</item>\n</ports>\n</object>\n</objects>\n<connections>\n<connection>\n<sourceId>sVhyo0WiubLFZ2CaxU2Jq3es3JXSsBtO</sourceId>\n<sourcePortId>outputPort4</sourcePortId>\n<targetId>iAGHHZPRAu8xqQLeTITWPGbWnQXbXmgF</targetId>\n<targetPortId>outputPort11</targetPortId>\n</connection>\n<connection>\n<sourceId>sVhyo0WiubLFZ2CaxU2Jq3es3JXSsBtO</sourceId>\n<sourcePortId>outputPort9</sourcePortId>\n<targetId>oUmznx1AUPZEP8fBXMy9qTDLPiQHvTZc</targetId>\n<targetPortId>inputPort3</targetPortId>\n</connection>\n</connections>\n<params>\n<theObjects>\n<![CDATA[router,677,309|linuxpc,209,209|router,526,139]]></theObjects>\n<theConnections>\n<![CDATA[581,194,581,322|581,321,668,321[*]392,176,517,176|392,176,392,247|269,246,393,246]]></theConnections>\n</params>\n</drawing>\n","N");
INSERT INTO ez_topology VALUES("287","ax","2009-12-07 16:00:37","2","","","<?xml version=\"1.0\" encoding=\"ISO-8859-1\"?>\n<drawing>\n<objects>\n<object>\n<type>router</type>\n<id>EktovpkP1XVuyyUzvOtu3mcEyWFbzMgg</id>\n<xpos>313</xpos>\n<ypos>108</ypos>\n<devicename><![CDATA[aa]]></devicename>\n<devicetype><![CDATA[router]]></devicetype>\n<noofports><![CDATA[1]]></noofports>\n<devclicmds><![CDATA[]]></devclicmds>\n<ports>\n<item>\n<portno><![CDATA[a]]></portno>\n<porttype><![CDATA[a]]></porttype>\n</item>\n</ports>\n</object>\n</objects>\n<connections>\n</connections>\n</drawing>\n","N");
INSERT INTO ez_topology VALUES("288","dsdfd","2009-12-07 16:00:37","2","","","<?xml version=\"1.0\" encoding=\"ISO-8859-1\"?>\n<drawing>\n<objects>\n<object>\n<type>router</type>\n<id>ZHqrz9nTrTTwbl566e7kcvfiH2ETt6lg</id>\n<xpos>284</xpos>\n<ypos>127</ypos>\n<devicename><![CDATA[gfgdf]]></devicename>\n<devicetype><![CDATA[router]]></devicetype>\n<noofports><![CDATA[1]]></noofports>\n<devclicmds><![CDATA[]]></devclicmds>\n<ports>\n<item>\n<portno><![CDATA[dfg]]></portno>\n<porttype><![CDATA[dfg]]></porttype>\n</item>\n</ports>\n</object>\n</objects>\n<connections>\n</connections>\n</drawing>\n","N");
INSERT INTO ez_topology VALUES("289","sasasaasasasas","2009-12-07 16:00:37","2","","","<?xml version=\"1.0\" encoding=\"ISO-8859-1\"?>\n<drawing>\n<objects>\n<object>\n<type>router</type>\n<id>ZENl8cQSN3gzsbJLu2Fk0q34dcmwfOB4</id>\n<xpos>234</xpos>\n<ypos>149</ypos>\n<devicename><![CDATA[dfdfsdf]]></devicename>\n<devicetype><![CDATA[router]]></devicetype>\n<noofports><![CDATA[1]]></noofports>\n<devclicmds><![CDATA[]]></devclicmds>\n<ports>\n<item>\n<portno><![CDATA[dfsdfd]]></portno>\n<porttype><![CDATA[fsdfsdfsdf]]></porttype>\n</item>\n</ports>\n</object>\n</objects>\n<connections>\n</connections>\n</drawing>\n","N");
INSERT INTO ez_topology VALUES("290","ggg","2009-12-07 16:00:37","2","","","<?xml version=\"1.0\" encoding=\"ISO-8859-1\"?>\n<drawing>\n<objects>\n<object>\n<type>router</type>\n<id>sOknOElAxQIMPwsAEZnmZTP4dzyUdADd</id>\n<xpos>266</xpos>\n<ypos>116</ypos>\n<devicename><![CDATA[asd]]></devicename>\n<devicetype><![CDATA[router]]></devicetype>\n<noofports><![CDATA[1]]></noofports>\n<devclicmds><![CDATA[]]></devclicmds>\n<ports>\n<item>\n<portno><![CDATA[asdas]]></portno>\n<porttype><![CDATA[d]]></porttype>\n</item>\n</ports>\n</object>\n</objects>\n<connections>\n</connections>\n</drawing>\n","N");
INSERT INTO ez_topology VALUES("291","testtopology2006","2009-12-07 16:00:37","2","","","<?xml version=\"1.0\" encoding=\"ISO-8859-1\"?>\n<drawing>\n<objects>\n<object>\n<type>router</type>\n<id>Po41TLSyhsId5zTEEQmtP9OyGhSUDTaV</id>\n<xpos>325</xpos>\n<ypos>132</ypos>\n<devicename><![CDATA[dfdf]]></devicename>\n<devicetype><![CDATA[router]]></devicetype>\n<noofports><![CDATA[1]]></noofports>\n<devclicmds><![CDATA[]]></devclicmds>\n<ports>\n<item>\n<portno><![CDATA[sdf]]></portno>\n<porttype><![CDATA[sdf]]></porttype>\n</item>\n</ports>\n</object>\n</objects>\n<connections>\n</connections>\n</drawing>\n","N");
INSERT INTO ez_topology VALUES("292","dxxxx","2009-12-07 16:00:37","2","","","<?xml version=\"1.0\" encoding=\"ISO-8859-1\"?>\n<drawing>\n<objects>\n<object>\n<type>router</type>\n<id>S7ycmvGrdyFszVrIqNQCXlTUtJC1wNGI</id>\n<xpos>237</xpos>\n<ypos>127</ypos>\n<devicename><![CDATA[dddf]]></devicename>\n<devicetype><![CDATA[router]]></devicetype>\n<noofports><![CDATA[1]]></noofports>\n<devclicmds><![CDATA[]]></devclicmds>\n<ports>\n<item>\n<portno><![CDATA[dfg]]></portno>\n<porttype><![CDATA[gf]]></porttype>\n</item>\n</ports>\n</object>\n</objects>\n<connections>\n</connections>\n</drawing>\n","N");
INSERT INTO ez_topology VALUES("293","zzff","2009-12-07 16:00:37","2","","","<?xml version=\"1.0\" encoding=\"ISO-8859-1\"?>\n<drawing>\n<objects>\n<object>\n<type>router</type>\n<id>SwbinCQ2tSZ7POXbNKwMQKpZDmI2q0ah</id>\n<xpos>291</xpos>\n<ypos>171</ypos>\n<devicename><![CDATA[zxcdd]]></devicename>\n<devicetype><![CDATA[router]]></devicetype>\n<noofports><![CDATA[1]]></noofports>\n<devclicmds><![CDATA[]]></devclicmds>\n<ports>\n<item>\n<portno><![CDATA[dfd]]></portno>\n<porttype><![CDATA[df]]></porttype>\n</item>\n</ports>\n</object>\n</objects>\n<connections>\n</connections>\n</drawing>\n","N");
INSERT INTO ez_topology VALUES("294","zzzzzzzzzzz","2009-12-07 16:00:37","2","","","<?xml version=\"1.0\" encoding=\"ISO-8859-1\"?>\n<drawing>\n<objects>\n<object>\n<type>router</type>\n<id>CVulbAJpfH3c5Uk20gBlCt27Ba5ds50S</id>\n<xpos>291</xpos>\n<ypos>134</ypos>\n<devicename><![CDATA[sdfsdf]]></devicename>\n<devicetype><![CDATA[router]]></devicetype>\n<noofports><![CDATA[1]]></noofports>\n<devclicmds><![CDATA[]]></devclicmds>\n<ports>\n<item>\n<portno><![CDATA[sdf]]></portno>\n<porttype><![CDATA[sdf]]></porttype>\n</item>\n</ports>\n</object>\n</objects>\n<connections>\n</connections>\n</drawing>\n","N");
INSERT INTO ez_topology VALUES("295","_f","2009-12-07 16:00:37","2","","","<?xml version=\"1.0\" encoding=\"ISO-8859-1\"?>\n<drawing>\n<objects>\n<object>\n<type>router</type>\n<id>EktovpkP1XVuyyUzvOtu3mcEyWFbzMgg</id>\n<xpos>315</xpos>\n<ypos>110</ypos>\n<devicename><![CDATA[aa]]></devicename>\n<devicetype><![CDATA[router]]></devicetype>\n<noofports><![CDATA[1]]></noofports>\n<devclicmds><![CDATA[]]></devclicmds>\n<ports>\n<item>\n<portno><![CDATA[a]]></portno>\n<porttype><![CDATA[a]]></porttype>\n</item>\n</ports>\n</object>\n</objects>\n<connections>\n</connections>\n<params>\n<theObjects>\nrouter,315,110</theObjects>\n<theConnections>\n\n</theConnections>\n<params>\n</drawing>\n","N");
INSERT INTO ez_topology VALUES("296","nginTopo","2009-12-07 16:00:37","2","","","<?xml version=\"1.0\" encoding=\"ISO-8859-1\"?>\n<drawing>\n<objects>\n<object>\n<type>router</type>\n<id>sVhyo0WiubLFZ2CaxU2Jq3es3JXSsBtO</id>\n<xpos>235</xpos>\n<ypos>380</ypos>\n<devicename><![CDATA[routdfsdf]]></devicename>\n<devicetype><![CDATA[router]]></devicetype>\n<noofports><![CDATA[1]]></noofports>\n<devclicmds><![CDATA[]]></devclicmds>\n<ports>\n<item>\n<portno><![CDATA[sdf]]></portno>\n<porttype><![CDATA[sdf]]></porttype>\n</item>\n</ports>\n</object>\n<object>\n<type>router</type>\n<id>iAGHHZPRAu8xqQLeTITWPGbWnQXbXmgF</id>\n<xpos>152</xpos>\n<ypos>203</ypos>\n<devicename><![CDATA[sdsdd]]></devicename>\n<devicetype><![CDATA[router]]></devicetype>\n<noofports><![CDATA[1]]></noofports>\n<devclicmds><![CDATA[]]></devclicmds>\n<ports>\n<item>\n<portno><![CDATA[d]]></portno>\n<porttype><![CDATA[d]]></porttype>\n</item>\n</ports>\n</object>\n<object>\n<type>linuxpc</type>\n<id>lwOZHm3ydHLxX1ddEXARnPPmGepchaXC</id>\n<xpos>187</xpos>\n<ypos>279</ypos>\n<devicename><![CDATA[kjk]]></devicename>\n<devicetype><![CDATA[linuxpc]]></devicetype>\n<noofports><![CDATA[1]]></noofports>\n<devclicmds><![CDATA[]]></devclicmds>\n<ports>\n<item>\n<portno><![CDATA[gjh]]></portno>\n<porttype><![CDATA[gj]]></porttype>\n</item>\n</ports>\n</object>\n</objects>\n<connections>\n<connection>\n<sourceId>sVhyo0WiubLFZ2CaxU2Jq3es3JXSsBtO</sourceId>\n<sourcePortId>outputPort4</sourcePortId>\n<targetId>iAGHHZPRAu8xqQLeTITWPGbWnQXbXmgF</targetId>\n<targetPortId>outputPort11</targetPortId>\n</connection>\n<connection>\n<sourceId>sVhyo0WiubLFZ2CaxU2Jq3es3JXSsBtO</sourceId>\n<sourcePortId>outputPort6</sourcePortId>\n<targetId>lwOZHm3ydHLxX1ddEXARnPPmGepchaXC</targetId>\n<targetPortId>inputPort</targetPortId>\n</connection>\n</connections>\n<params>\n<theObjects>\n<![CDATA[router,235,380|router,152,203|linuxpc,187,279]]></theObjects>\n<theConnections>\n<![CDATA[290,435,290,456|122,455,291,455|122,215,122,456|122,215,143,215[*]260,440,260,461|251,460,261,460|251,254,251,461|242,254,252,254|242,254,242,275]]></theConnections>\n</params>\n</drawing>\n","N");
INSERT INTO ez_topology VALUES("297","122222","2009-12-07 16:00:37","2","","","<?xml version=\"1.0\" encoding=\"ISO-8859-1\"?>\n<drawing>\n<objects>\n<object>\n<type>router</type>\n<id>dgSoKTGUtZyhkLZFlLnUPMz4BTbLNVco</id>\n<xpos>381</xpos>\n<ypos>158</ypos>\n<devicename><![CDATA[router123]]></devicename>\n<devicetype><![CDATA[router]]></devicetype>\n<noofports><![CDATA[1]]></noofports>\n<devclicmds><![CDATA[]]></devclicmds>\n<ports>\n<item>\n<portno><![CDATA[dd]]></portno>\n<porttype><![CDATA[dd]]></porttype>\n</item>\n</ports>\n</object>\n</objects>\n<connections>\n</connections>\n</drawing>\n","N");
INSERT INTO ez_topology VALUES("298","ngin_topo2009","2009-12-07 16:00:37","2","","","<?xml version=\"1.0\" encoding=\"ISO-8859-1\"?>\n<drawing>\n<objects>\n<object>\n<type>router</type>\n<id>e26Wt8a72JAw8bNB4UyOtlFUJ64vevko</id>\n<xpos>68</xpos>\n<ypos>198</ypos>\n<devicename><![CDATA[ab ]]></devicename>\n<devicetype><![CDATA[router]]></devicetype>\n<noofports><![CDATA[1]]></noofports>\n<devclicmds><![CDATA[]]></devclicmds>\n<ports>\n<item>\n<portno><![CDATA[sd]]></portno>\n<porttype><![CDATA[d]]></porttype>\n</item>\n</ports>\n</object>\n<object>\n<type>linuxpc</type>\n<id>fx0Oyrw02DLH2NGTA0mBD3gD2TpMfTdQ</id>\n<xpos>202</xpos>\n<ypos>204</ypos>\n<devicename><![CDATA[aa]]></devicename>\n<devicetype><![CDATA[linuxpc]]></devicetype>\n<noofports><![CDATA[1]]></noofports>\n<devclicmds><![CDATA[]]></devclicmds>\n<ports>\n<item>\n<portno><![CDATA[ss]]></portno>\n<porttype><![CDATA[ss]]></porttype>\n</item>\n</ports>\n</object>\n<object>\n<type>windowspc</type>\n<id>tbtklvJ2Io6X1Tb4DIfaHvVQ22u4I9O5</id>\n<xpos>342</xpos>\n<ypos>205</ypos>\n<devicename><![CDATA[abcd]]></devicename>\n<devicetype><![CDATA[windowspc]]></devicetype>\n<noofports><![CDATA[1]]></noofports>\n<devclicmds><![CDATA[]]></devclicmds>\n<ports>\n<item>\n<portno><![CDATA[sd]]></portno>\n<porttype><![CDATA[fd]]></porttype>\n</item>\n</ports>\n</object>\n<object>\n<type>server</type>\n<id>zVQcuS7Ft2daTBlOCGz4OgRR3QJzkVQD</id>\n<xpos>486</xpos>\n<ypos>218</ypos>\n<devicename><![CDATA[aacc]]></devicename>\n<devicetype><![CDATA[server]]></devicetype>\n<noofports><![CDATA[1]]></noofports>\n<devclicmds><![CDATA[]]></devclicmds>\n<ports>\n<item>\n<portno><![CDATA[fc]]></portno>\n<porttype><![CDATA[fc]]></porttype>\n</item>\n</ports>\n</object>\n<object>\n<type>hub</type>\n<id>14UAZF5eGUTd5BcCfNpPze1TtbyoFW4P</id>\n<xpos>621</xpos>\n<ypos>215</ypos>\n<devicename><![CDATA[ss]]></devicename>\n<devicetype><![CDATA[hub]]></devicetype>\n<noofports><![CDATA[1]]></noofports>\n<devclicmds><![CDATA[]]></devclicmds>\n<ports>\n<item>\n<portno><![CDATA[ss]]></portno>\n<porttype><![CDATA[s]]></porttype>\n</item>\n</ports>\n</object>\n<object>\n<type>wireless</type>\n<id>2Fa5qWBSnHvFHePd80HsoUwyR2UW5Glc</id>\n<xpos>756</xpos>\n<ypos>213</ypos>\n<devicename><![CDATA[ee]]></devicename>\n<devicetype><![CDATA[wireless]]></devicetype>\n<noofports><![CDATA[1]]></noofports>\n<devclicmds><![CDATA[]]></devclicmds>\n<ports>\n<item>\n<portno><![CDATA[ee]]></portno>\n<porttype><![CDATA[eee]]></porttype>\n</item>\n</ports>\n</object>\n<object>\n<type>ixia</type>\n<id>0MXdZvhXKGuKlbSBQxfeJwsr7ZQDntdT</id>\n<xpos>891</xpos>\n<ypos>211</ypos>\n<devicename><![CDATA[aac]]></devicename>\n<devicetype><![CDATA[ixia]]></devicetype>\n<noofports><![CDATA[1]]></noofports>\n<devclicmds><![CDATA[]]></devclicmds>\n<ports>\n<item>\n<portno><![CDATA[sdf]]></portno>\n<porttype><![CDATA[dfd]]></porttype>\n</item>\n</ports>\n</object>\n</objects>\n<connections>\n<connection>\n<sourceId>e26Wt8a72JAw8bNB4UyOtlFUJ64vevko</sourceId>\n<sourcePortId>outputPort2</sourcePortId>\n<targetId>fx0Oyrw02DLH2NGTA0mBD3gD2TpMfTdQ</targetId>\n<targetPortId>inputPort10</targetPortId>\n</connection>\n<connection>\n<sourceId>tbtklvJ2Io6X1Tb4DIfaHvVQ22u4I9O5</sourceId>\n<sourcePortId>inputPort10</sourcePortId>\n<targetId>fx0Oyrw02DLH2NGTA0mBD3gD2TpMfTdQ</targetId>\n<targetPortId>inputPort2</targetPortId>\n</connection>\n<connection>\n<sourceId>zVQcuS7Ft2daTBlOCGz4OgRR3QJzkVQD</sourceId>\n<sourcePortId>inputPort10</sourcePortId>\n<targetId>tbtklvJ2Io6X1Tb4DIfaHvVQ22u4I9O5</targetId>\n<targetPortId>inputPort2</targetPortId>\n</connection>\n<connection>\n<sourceId>14UAZF5eGUTd5BcCfNpPze1TtbyoFW4P</sourceId>\n<sourcePortId>inputPort9</sourcePortId>\n<targetId>zVQcuS7Ft2daTBlOCGz4OgRR3QJzkVQD</targetId>\n<targetPortId>inputPort2</targetPortId>\n</connection>\n<connection>\n<sourceId>2Fa5qWBSnHvFHePd80HsoUwyR2UW5Glc</sourceId>\n<sourcePortId>inputPort9</sourcePortId>\n<targetId>14UAZF5eGUTd5BcCfNpPze1TtbyoFW4P</targetId>\n<targetPortId>inputPort2</targetPortId>\n</connection>\n<connection>\n<sourceId>0MXdZvhXKGuKlbSBQxfeJwsr7ZQDntdT</sourceId>\n<sourcePortId>inputPort9</sourcePortId>\n<targetId>2Fa5qWBSnHvFHePd80HsoUwyR2UW5Glc</targetId>\n<targetPortId>inputPort2</targetPortId>\n</connection>\n</connections>\n<params>\n<theObjects>\n<![CDATA[router,68,198|linuxpc,202,204|windowspc,342,205|server,486,218|hub,621,215|wireless,756,213|ixia,891,211]]></theObjects>\n<theConnections>\n<![CDATA[128,223,161,223|160,223,160,230|160,229,193,229[*]297,230,333,230|297,229,297,231|262,229,298,229[*]439,243,477,243|439,230,439,244|402,230,440,230[*]578,252,612,252|578,243,578,253|546,243,579,243[*]713,250,747,250|713,240,713,251|681,240,714,240[*]848,248,882,248|848,238,848,249|816,238,849,238]]></theConnections>\n</params>\n</drawing>\n","N");
INSERT INTO ez_topology VALUES("299","test__topology","2009-12-07 16:00:37","2","","","<?xml version=\"1.0\" encoding=\"ISO-8859-1\"?>\n<drawing>\n<objects>\n<object>\n<type>router</type>\n<id>8vATVUlrbDASMXCo9WhLKNcgvtksv1hH</id>\n<xpos>366</xpos>\n<ypos>91</ypos>\n<devicename><![CDATA[sdfs]]></devicename>\n<devicetype><![CDATA[router]]></devicetype>\n<noofports><![CDATA[1]]></noofports>\n<devclicmds><![CDATA[]]></devclicmds>\n<ports>\n<item>\n<portno><![CDATA[sdf]]></portno>\n<porttype><![CDATA[sdf]]></porttype>\n</item>\n</ports>\n</object>\n</objects>\n<connections>\n</connections>\n</drawing>\n","N");
INSERT INTO ez_topology VALUES("300","hhjjj","2009-12-07 16:00:37","2","","","<?xml version=\"1.0\" encoding=\"ISO-8859-1\"?>\n<drawing>\n<objects>\n<object>\n<type>router</type>\n<id>sOknOElAxQIMPwsAEZnmZTP4dzyUdADd</id>\n<xpos>266</xpos>\n<ypos>116</ypos>\n<devicename><![CDATA[asd]]></devicename>\n<devicetype><![CDATA[router]]></devicetype>\n<noofports><![CDATA[1]]></noofports>\n<devclicmds><![CDATA[]]></devclicmds>\n<ports>\n<item>\n<portno><![CDATA[asdas]]></portno>\n<porttype><![CDATA[d]]></porttype>\n</item>\n</ports>\n</object>\n</objects>\n<connections>\n</connections>\n</drawing>\n","N");
INSERT INTO ez_topology VALUES("301","eztest_topo","2009-12-07 16:00:37","2","","","<?xml version=\"1.0\" encoding=\"ISO-8859-1\"?>\n<drawing>\n<objects>\n<object>\n<type>router</type>\n<id>Kd7pO9ugLzWZoMW74dytl9MptyMcLhk7</id>\n<xpos>256</xpos>\n<ypos>111</ypos>\n<devicename><![CDATA[dfsd]]></devicename>\n<devicetype><![CDATA[router]]></devicetype>\n<noofports><![CDATA[1]]></noofports>\n<devclicmds><![CDATA[]]></devclicmds>\n<ports>\n<item>\n<portno><![CDATA[sdf]]></portno>\n<porttype><![CDATA[dfsdf]]></porttype>\n</item>\n</ports>\n</object>\n</objects>\n<connections>\n</connections>\n</drawing>\n","N");
INSERT INTO ez_topology VALUES("302","zzfff","2009-12-07 16:00:37","2","","","<?xml version=\"1.0\" encoding=\"ISO-8859-1\"?>\n<drawing>\n<objects>\n<object>\n<type>router</type>\n<id>H8hJOl87wG8xNI2PhTaenlLqGTUGyQGa</id>\n<xpos>195</xpos>\n<ypos>125</ypos>\n<devicename><![CDATA[sdfsdf]]></devicename>\n<devicetype><![CDATA[router]]></devicetype>\n<noofports><![CDATA[1]]></noofports>\n<devclicmds><![CDATA[]]></devclicmds>\n<ports>\n<item>\n<portno><![CDATA[sdf]]></portno>\n<porttype><![CDATA[dsfsdf]]></porttype>\n</item>\n</ports>\n</object>\n</objects>\n<connections>\n</connections>\n</drawing>\n","N");
INSERT INTO ez_topology VALUES("303","ngin_topo2","2009-12-07 16:00:37","2","","","<?xml version=\"1.0\" encoding=\"ISO-8859-1\"?>\n<drawing>\n<objects>\n<object>\n<type>router</type>\n<id>sVhyo0WiubLFZ2CaxU2Jq3es3JXSsBtO</id>\n<xpos>677</xpos>\n<ypos>61</ypos>\n<devicename><![CDATA[rout]]></devicename>\n<devicetype><![CDATA[router]]></devicetype>\n<noofports><![CDATA[1]]></noofports>\n<devclicmds><![CDATA[]]></devclicmds>\n<ports>\n<item>\n<portno><![CDATA[sdf]]></portno>\n<porttype><![CDATA[sdf]]></porttype>\n</item>\n</ports>\n</object>\n<object>\n<type>router</type>\n<id>iAGHHZPRAu8xqQLeTITWPGbWnQXbXmgF</id>\n<xpos>660</xpos>\n<ypos>369</ypos>\n<devicename><![CDATA[sdsdd]]></devicename>\n<devicetype><![CDATA[router]]></devicetype>\n<noofports><![CDATA[1]]></noofports>\n<devclicmds><![CDATA[]]></devclicmds>\n<ports>\n<item>\n<portno><![CDATA[d]]></portno>\n<porttype><![CDATA[d]]></porttype>\n</item>\n</ports>\n</object>\n</objects>\n<connections>\n<connection>\n<sourceId>sVhyo0WiubLFZ2CaxU2Jq3es3JXSsBtO</sourceId>\n<sourcePortId>outputPort4</sourcePortId>\n<targetId>iAGHHZPRAu8xqQLeTITWPGbWnQXbXmgF</targetId>\n<targetPortId>outputPort11</targetPortId>\n</connection>\n</connections>\n<params>\n<theObjects>\n<![CDATA[router,677,61|router,660,369]]></theObjects>\n<theConnections>\n<![CDATA[732,116,732,249|630,248,733,248|630,248,630,382|630,381,651,381]]></theConnections>\n</params>\n</drawing>\n","N");
INSERT INTO ez_topology VALUES("304","a","2009-12-07 16:00:37","2","","","<?xml version=\"1.0\" encoding=\"ISO-8859-1\"?>\n<drawing>\n<objects>\n<object>\n<type>router</type>\n<id>ZE1CJ59HkfgqEEexzSairOTCPyrZlAJg</id>\n<xpos>181</xpos>\n<ypos>111</ypos>\n<devicename><![CDATA[a]]></devicename>\n<devicetype><![CDATA[router]]></devicetype>\n<noofports><![CDATA[1]]></noofports>\n<devclicmds><![CDATA[]]></devclicmds>\n<ports>\n<item>\n<portno><![CDATA[a]]></portno>\n<porttype><![CDATA[a]]></porttype>\n</item>\n</ports>\n</object>\n</objects>\n<connections>\n</connections>\n</drawing>\n","N");
INSERT INTO ez_topology VALUES("305","sdfsdf","2009-12-07 16:00:37","2","","","<?xml version=\"1.0\" encoding=\"ISO-8859-1\"?>\n<drawing>\n<objects>\n<object>\n<type>router</type>\n<id>v7eZOw7IgKNaRuNfLrLUaJ1S2HSM1y2B</id>\n<xpos>233</xpos>\n<ypos>156</ypos>\n<devicename><![CDATA[dsdf]]></devicename>\n<devicetype><![CDATA[router]]></devicetype>\n<noofports><![CDATA[1]]></noofports>\n<devclicmds><![CDATA[]]></devclicmds>\n<ports>\n<item>\n<portno><![CDATA[sdfd]]></portno>\n<porttype><![CDATA[sdff]]></porttype>\n</item>\n</ports>\n</object>\n</objects>\n<connections>\n</connections>\n</drawing>\n","N");
INSERT INTO ez_topology VALUES("306","test25996633","2009-12-07 16:00:37","2","","","<?xml version=\"1.0\" encoding=\"ISO-8859-1\"?>\n<drawing>\n<objects>\n<object>\n<type>router</type>\n<id>pNtk1XT2Tdgs05xo1We2Vu4FtrhiNmDt</id>\n<xpos>436</xpos>\n<ypos>98</ypos>\n<devicename><![CDATA[sdfsdfsdf]]></devicename>\n<devicetype><![CDATA[router]]></devicetype>\n<noofports><![CDATA[1]]></noofports>\n<devclicmds><![CDATA[]]></devclicmds>\n<ports>\n<item>\n<portno><![CDATA[sdf]]></portno>\n<porttype><![CDATA[dsf]]></porttype>\n</item>\n</ports>\n</object>\n</objects>\n<connections>\n</connections>\n</drawing>\n","N");
INSERT INTO ez_topology VALUES("307","topology","2009-12-07 16:00:37","2","","","helow","N");
INSERT INTO ez_topology VALUES("308","test20000000009","2009-12-07 16:00:37","2","","","<?xml version=\"1.0\" encoding=\"ISO-8859-1\"?>\n<drawing>\n<objects>\n<object>\n<type>router</type>\n<id>RUdAcpkr1xigXrxQdmEOKO5Qt3M2UD1l</id>\n<xpos>296</xpos>\n<ypos>127</ypos>\n<devicename><![CDATA[sdsd]]></devicename>\n<devicetype><![CDATA[router]]></devicetype>\n<noofports><![CDATA[1]]></noofports>\n<devclicmds><![CDATA[]]></devclicmds>\n<ports>\n<item>\n<portno><![CDATA[sd]]></portno>\n<porttype><![CDATA[sdsd]]></porttype>\n</item>\n</ports>\n</object>\n<object>\n<type>ixia</type>\n<id>lTDM63xeLm73iJGe8A9phtHBy70vE0Q6</id>\n<xpos>310</xpos>\n<ypos>244</ypos>\n<devicename><![CDATA[sdasda]]></devicename>\n<devicetype><![CDATA[ixia]]></devicetype>\n<noofports><![CDATA[1]]></noofports>\n<devclicmds><![CDATA[]]></devclicmds>\n<ports>\n<item>\n<portno><![CDATA[asdfasdf]]></portno>\n<porttype><![CDATA[sdfsdf]]></porttype>\n</item>\n</ports>\n</object>\n<object>\n<type>wavesat</type>\n<id>V2sdnn4hMX8uRO1QTwCHqZTtwNtRos6n</id>\n<xpos>135</xpos>\n<ypos>176</ypos>\n<devicename><![CDATA[ss]]></devicename>\n<devicetype><![CDATA[wavesat]]></devicetype>\n<noofports><![CDATA[1]]></noofports>\n<devclicmds><![CDATA[]]></devclicmds>\n<ports>\n<item>\n<portno><![CDATA[ss]]></portno>\n<porttype><![CDATA[ss]]></porttype>\n</item>\n</ports>\n</object>\n<object>\n<type>extreme</type>\n<id>so6hzDv6WLyPvZDJ8KZ7zazEAd6JIprZ</id>\n<xpos>448</xpos>\n<ypos>178</ypos>\n<devicename><![CDATA[sdfdsaa]]></devicename>\n<devicetype><![CDATA[extreme]]></devicetype>\n<noofports><![CDATA[1]]></noofports>\n<devclicmds><![CDATA[]]></devclicmds>\n<ports>\n<item>\n<portno><![CDATA[ss]]></portno>\n<porttype><![CDATA[dfdf]]></porttype>\n</item>\n</ports>\n</object>\n</objects>\n<connections>\n<connection>\n<sourceId>RUdAcpkr1xigXrxQdmEOKO5Qt3M2UD1l</sourceId>\n<sourcePortId>outputPort9</sourcePortId>\n<targetId>V2sdnn4hMX8uRO1QTwCHqZTtwNtRos6n</targetId>\n<targetPortId>inputPort1</targetPortId>\n</connection>\n<connection>\n<sourceId>lTDM63xeLm73iJGe8A9phtHBy70vE0Q6</sourceId>\n<sourcePortId>inputPort9</sourcePortId>\n<targetId>V2sdnn4hMX8uRO1QTwCHqZTtwNtRos6n</targetId>\n<targetPortId>inputPort6</targetPortId>\n</connection>\n<connection>\n<sourceId>so6hzDv6WLyPvZDJ8KZ7zazEAd6JIprZ</sourceId>\n<sourcePortId>outputPort5</sourcePortId>\n<targetId>lTDM63xeLm73iJGe8A9phtHBy70vE0Q6</targetId>\n<targetPortId>inputPort3</targetPortId>\n</connection>\n<connection>\n<sourceId>RUdAcpkr1xigXrxQdmEOKO5Qt3M2UD1l</sourceId>\n<sourcePortId>outputPort2</sourcePortId>\n<targetId>so6hzDv6WLyPvZDJ8KZ7zazEAd6JIprZ</targetId>\n<targetPortId>outputPort13</targetPortId>\n</connection>\n</connections>\n<params>\n<theObjects>\n<![CDATA[router,296,127|ixia,310,244|wavesat,135,176|extreme,448,178]]></theObjects>\n<theConnections>\n<![CDATA[240,164,287,164|240,164,240,189|195,188,241,188[*]160,281,301,281|160,236,160,282[*]485,238,485,282|370,281,486,281[*]356,152,461,152|460,152,460,169]]></theConnections>\n</params>\n</drawing>\n","N");
INSERT INTO ez_topology VALUES("309","tee","2009-12-07 16:00:37","2","","","<?xml version=\"1.0\" encoding=\"ISO-8859-1\"?>\n<drawing>\n<objects>\n<object>\n<type>router</type>\n<id>c3kfco8G29mfMOdePyUIhp7TKZGwALku</id>\n<xpos>292</xpos>\n<ypos>30</ypos>\n<devicename><![CDATA[fgfg]]></devicename>\n<devicetype><![CDATA[router]]></devicetype>\n<noofports><![CDATA[1]]></noofports>\n<devclicmds><![CDATA[]]></devclicmds>\n<ports>\n<item>\n<portno><![CDATA[dfg]]></portno>\n<porttype><![CDATA[fgdfg]]></porttype>\n</item>\n</ports>\n</object>\n</objects>\n<connections>\n</connections>\n</drawing>\n","N");
INSERT INTO ez_topology VALUES("310","sszs","2009-12-07 16:00:37","2","","","<?xml version=\"1.0\" encoding=\"ISO-8859-1\"?>\n<drawing>\n<objects>\n<object>\n<type>router</type>\n<id>DMQh5EhDpURoeWINcM2e83DPrmhAnTxZ</id>\n<xpos>351</xpos>\n<ypos>140</ypos>\n<devicename><![CDATA[ddd]]></devicename>\n<devicetype><![CDATA[router]]></devicetype>\n<noofports><![CDATA[1]]></noofports>\n<devclicmds><![CDATA[]]></devclicmds>\n<ports>\n<item>\n<portno><![CDATA[ddd]]></portno>\n<porttype><![CDATA[dddddd]]></porttype>\n</item>\n</ports>\n</object>\n<object>\n<type>router</type>\n<id>1y8F6ycHSiTvSG6yFV3FaVxTKX5W3T1k</id>\n<xpos>252</xpos>\n<ypos>123</ypos>\n<devicename><![CDATA[sss]]></devicename>\n<devicetype><![CDATA[router]]></devicetype>\n<noofports><![CDATA[1]]></noofports>\n<devclicmds><![CDATA[]]></devclicmds>\n<ports>\n<item>\n<portno><![CDATA[ss]]></portno>\n<porttype><![CDATA[ss]]></porttype>\n</item>\n</ports>\n</object>\n</objects>\n<connections>\n</connections>\n</drawing>\n","N");
INSERT INTO ez_topology VALUES("311","axx","2009-12-07 16:00:37","2","","","<?xml version=\"1.0\" encoding=\"ISO-8859-1\"?>\n<drawing>\n<objects>\n<object>\n<type>router</type>\n<id>Z35sN7hG9pa06MTy3MSan7deq195gdRq</id>\n<xpos>462</xpos>\n<ypos>182</ypos>\n<devicename><![CDATA[testr]]></devicename>\n<devicetype><![CDATA[router]]></devicetype>\n<noofports><![CDATA[1]]></noofports>\n<devclicmds><![CDATA[]]></devclicmds>\n<ports>\n<item>\n<portno><![CDATA[fdg]]></portno>\n<porttype><![CDATA[fdfg]]></porttype>\n</item>\n</ports>\n</object>\n<object>\n<type>extreme</type>\n<id>hdu1HxW1r6fpJkM1hm0aFJhIZVeUW0oS</id>\n<xpos>324</xpos>\n<ypos>271</ypos>\n<ports>\n</ports>\n</object>\n</objects>\n<connections>\n</connections>\n</drawing>\n","N");



CREATE TABLE `ez_users` (
  `userid` int(11) NOT NULL auto_increment,
  `firstname` varchar(45) default NULL,
  `lastname` varchar(45) default NULL,
  `username` varchar(32) NOT NULL,
  `password` varbinary(64) default NULL,
  `email` varchar(255) default NULL,
  `phone` varchar(25) NOT NULL COMMENT 'user''s phone number',
  `usertype` enum('Administrator','SQA Manager','Tester','Senior Tester','Executive') NOT NULL default 'Tester',
  `status` enum('E','D') NOT NULL default 'E' COMMENT 'indicates that the user is enabled or not.if disabled he cannot login',
  `importpath` varchar(255) default NULL COMMENT 'to store the last testcase import path',
  `svn_uname` varchar(45) NOT NULL COMMENT 'cvs username ',
  `svn_pword` varchar(45) NOT NULL COMMENT 'cvs password',
  `lastlogin` datetime default NULL,
  `autocomplete` enum('E','D') NOT NULL default 'E',
  PRIMARY KEY  (`userid`)
) ENGINE=MyISAM AUTO_INCREMENT=58 DEFAULT CHARSET=latin1;

INSERT INTO ez_users VALUES("1","Administrator","","admin","21232f297a57a5a743894a0e4a801fc3","kumar@ngintech.com","","Administrator","E","","","","0000-00-00 00:00:00","E");
INSERT INTO ez_users VALUES("2","Harry","James","harry","3b87c97d15e8eb11e51aa25e9a5770e9","harry@ngintech.com","","Tester","E","","ramki","ramki123","2009-12-02 00:00:00","E");
INSERT INTO ez_users VALUES("3","Larry","Morgan","larry","66f4b449b3a98abf87f2521e35513542","kumar@ngintech.com","","SQA Manager","E","../tems/testscripts/cvs/Extreme/larry/automation/","ramki","ramki123","2009-11-04 18:50:03","E");
INSERT INTO ez_users VALUES("44","Kumar","Sundaram","kumar","79cfac6387e0d582f83a29a04d0bcdc4","kumar@ngintech.com","","SQA Manager","E","","abdul","abdul123","2009-11-04 10:57:37","E");
INSERT INTO ez_users VALUES("36","Ramki","RS","ramki","1656eaf9cfe75bd49cdde50981106432","kumar@ngintech.com","","Executive","E","","ramki","ramki","","E");
INSERT INTO ez_users VALUES("46","kiruba","karan","kiruba","d5dfbdb14235027f3bc89b365daaac0a","kiruba@ngintech.com","9841962229","Tester","E","","kiruba","kiruba123","2009-11-04 12:35:58","D");
INSERT INTO ez_users VALUES("43","Abdul","Samad","abdul","82027888c5bb8fc395411cb6804a066c","abdul@ngintech.com","","Tester","E","","abdul","abdul123","2009-11-04 15:05:25","E");
INSERT INTO ez_users VALUES("55","vimal","raj","vimal","b743a101400a153d5ee5e4247d9c018b","vimal@ngintech.com","","Tester","E","","ramki","ramki123","2009-11-26 19:37:23","E");
INSERT INTO ez_users VALUES("48","karan","karan","karan","db068ce9f744fbb35eedc9a883f91085","kiruba@ngintech.com","","Tester","E","","kiruba","kiruba123","0000-00-00 00:00:00","E");
INSERT INTO ez_users VALUES("56","manojk","manoj","manojp","5e81f9859d223ea420aca993c647b839","manoj@sdfsd.sdfsd","97895125145458","Tester","E","","ramki","ramki123","2009-11-30 16:59:48","E");
INSERT INTO ez_users VALUES("54","raja","kumar","raja","526e34d04735124f05a090181f3e6e8a","hi2kiruba@gmail.com","966584455555","SQA Manager","E","","raja","raja","2009-11-25 17:35:55","E");



CREATE TABLE `login_details` (
  `id` int(11) NOT NULL auto_increment,
  `userid` int(11) NOT NULL COMMENT 'User id( prim key)',
  `projectid` int(11) NOT NULL COMMENT 'Projects id( prim key)',
  `lastlogin` timestamp NOT NULL default CURRENT_TIMESTAMP COMMENT 'To know about the user login to the projects',
  PRIMARY KEY  (`id`)
) ENGINE=MyISAM AUTO_INCREMENT=11 DEFAULT CHARSET=latin1 COMMENT='To find the user''s login to the particular project';

INSERT INTO login_details VALUES("9","3","6","2009-12-07 13:24:06");
INSERT INTO login_details VALUES("10","2","6","2009-12-07 16:00:35");
INSERT INTO login_details VALUES("8","2","73","2009-12-04 18:53:09");



CREATE TABLE `package_details` (
  `packageid` int(11) NOT NULL,
  `packageset` int(11) default NULL,
  `testcaseid` int(11) NOT NULL,
  `status` enum('N','P','F','E') NOT NULL default 'N',
  `executedby` int(11) NOT NULL,
  `executedon` datetime default NULL,
  `pkg_executedon` timestamp NOT NULL default CURRENT_TIMESTAMP on update CURRENT_TIMESTAMP,
  `logfile` text
) ENGINE=MyISAM DEFAULT CHARSET=latin1;

INSERT INTO package_details VALUES("1","","20","P","2","2009-11-02 16:11:04","2009-11-02 16:11:03","111.tcl-021109-16:11:04:498318.log");
INSERT INTO package_details VALUES("1","","17","P","2","2009-11-02 16:12:32","2009-11-02 16:12:31","11111.tcl-021109-16:12:32:467848.log");
INSERT INTO package_details VALUES("1","","20","P","2","2009-11-02 16:12:45","2009-11-02 16:12:31","111.tcl-021109-16:12:45:675215.log");
INSERT INTO package_details VALUES("2","","56","P","2","2009-11-03 16:56:36","2009-11-03 16:56:36","133.tcl-031109-16:56:36:646273.log");
INSERT INTO package_details VALUES("2","","56","P","2","2009-11-03 17:37:51","2009-11-03 17:37:50","133.tcl-031109-17:37:51:307501.log");
INSERT INTO package_details VALUES("2","","43","P","2","2009-11-03 17:38:01","2009-11-03 17:37:50","11.tcl-031109-17:38:01:423940.log");
INSERT INTO package_details VALUES("3","","74","P","43","2009-11-04 11:18:23","2009-11-04 11:18:23","11.tcl-041109-11:18:23:824057.log");
INSERT INTO package_details VALUES("4","","4","F","2","2009-11-20 14:54:30","2009-11-20 14:54:29","abc123.tcl-201109-14:54:30:408313.log");
INSERT INTO package_details VALUES("4","","2","F","2","2009-11-20 14:54:30","2009-11-20 14:54:29","123.tcl-201109-14:54:30:450342.log");
INSERT INTO package_details VALUES("4","","5","F","2","2009-11-20 14:54:32","2009-11-20 14:54:29","205.tcl-201109-14:54:32:609553.log");
INSERT INTO package_details VALUES("4","","1","F","2","2009-11-20 14:54:38","2009-11-20 14:54:29","2.0.4.tcl-201109-14:54:38:631606.log");
INSERT INTO package_details VALUES("4","","4","F","2","2009-11-20 14:55:50","2009-11-20 14:55:49","abc123.tcl-201109-14:55:50:523293.log");
INSERT INTO package_details VALUES("4","","1","F","2","2009-11-20 14:55:50","2009-11-20 14:55:49","2.0.4.tcl-201109-14:55:50:557559.log");
INSERT INTO package_details VALUES("4","","2","F","2","2009-11-20 14:55:58","2009-11-20 14:55:49","123.tcl-201109-14:55:58:736564.log");
INSERT INTO package_details VALUES("4","","5","F","2","2009-11-20 14:56:06","2009-11-20 14:55:49","205.tcl-201109-14:56:06:804578.log");
INSERT INTO package_details VALUES("4","","4","F","2","2009-11-20 15:14:17","2009-11-20 15:08:16","abc123.tcl-201109-15:14:17:395574.log");
INSERT INTO package_details VALUES("4","","5","F","2","2009-11-20 15:14:17","2009-11-20 15:08:16","205.tcl-201109-15:14:17:369520.log");
INSERT INTO package_details VALUES("4","","2","F","2","2009-11-20 15:14:17","2009-11-20 15:08:16","123.tcl-201109-15:14:17:438344.log");
INSERT INTO package_details VALUES("4","","1","F","2","2009-11-20 15:14:25","2009-11-20 15:08:16","2.0.4.tcl-201109-15:14:25:602458.log");
INSERT INTO package_details VALUES("4","","5","F","2","2009-11-20 15:27:09","2009-11-20 15:27:07","205.tcl-201109-15:27:09:909518.log");
INSERT INTO package_details VALUES("4","","4","F","2","2009-11-20 15:27:09","2009-11-20 15:27:07","abc123.tcl-201109-15:27:09:940055.log");
INSERT INTO package_details VALUES("4","","1","F","2","2009-11-20 15:27:18","2009-11-20 15:27:07","2.0.4.tcl-201109-15:27:18:42593.log");
INSERT INTO package_details VALUES("4","","2","F","2","2009-11-20 15:27:26","2009-11-20 15:27:07","123.tcl-201109-15:27:26:161627.log");
INSERT INTO package_details VALUES("4","","4","F","2","2009-11-20 15:28:42","2009-11-20 15:28:40","abc123.tcl-201109-15:28:42:245413.log");
INSERT INTO package_details VALUES("4","","5","F","2","2009-11-20 15:28:42","2009-11-20 15:28:40","205.tcl-201109-15:28:42:220121.log");
INSERT INTO package_details VALUES("4","","2","F","2","2009-11-20 15:28:42","2009-11-20 15:28:40","123.tcl-201109-15:28:42:282369.log");
INSERT INTO package_details VALUES("4","","1","F","2","2009-11-20 15:28:50","2009-11-20 15:28:40","2.0.4.tcl-201109-15:28:50:437592.log");
INSERT INTO package_details VALUES("4","","5","F","2","2009-11-20 15:45:21","2009-11-20 15:45:19","205.tcl-201109-15:45:21:943366.log");
INSERT INTO package_details VALUES("4","","2","F","2","2009-11-20 15:45:21","2009-11-20 15:45:19","123.tcl-201109-15:45:21:983254.log");
INSERT INTO package_details VALUES("4","","1","F","2","2009-11-20 15:45:22","2009-11-20 15:45:19","2.0.4.tcl-201109-15:45:22:47254.log");
INSERT INTO package_details VALUES("4","","4","F","2","2009-11-20 15:45:27","2009-11-20 15:45:19","abc123.tcl-201109-15:45:27:196644.log");
INSERT INTO package_details VALUES("4","","2","F","2","2009-11-20 15:46:10","2009-11-20 15:46:08","123.tcl-201109-15:46:10:975537.log");
INSERT INTO package_details VALUES("4","","4","F","2","2009-11-20 15:46:18","2009-11-20 15:46:08","abc123.tcl-201109-15:46:18:113200.log");
INSERT INTO package_details VALUES("4","","5","F","2","2009-11-20 15:46:23","2009-11-20 15:46:08","205.tcl-201109-15:46:23:181786.log");
INSERT INTO package_details VALUES("4","","1","F","2","2009-11-20 15:46:28","2009-11-20 15:46:08","2.0.4.tcl-201109-15:46:28:252780.log");
INSERT INTO package_details VALUES("4","","5","F","2","2009-11-20 15:49:03","2009-11-20 15:49:01","205.tcl-201109-15:49:03:877021.log");
INSERT INTO package_details VALUES("4","","4","F","2","2009-11-20 15:49:11","2009-11-20 15:49:01","abc123.tcl-201109-15:49:11:947357.log");
INSERT INTO package_details VALUES("4","","2","F","2","2009-11-20 15:49:20","2009-11-20 15:49:01","123.tcl-201109-15:49:20:18268.log");
INSERT INTO package_details VALUES("4","","1","F","2","2009-11-20 15:49:28","2009-11-20 15:49:01","2.0.4.tcl-201109-15:49:28:86352.log");
INSERT INTO package_details VALUES("4","","5","F","2","2009-11-20 15:50:08","2009-11-20 15:50:06","205.tcl-201109-15:50:08:454306.log");
INSERT INTO package_details VALUES("4","","4","F","2","2009-11-20 15:50:16","2009-11-20 15:50:06","abc123.tcl-201109-15:50:16:522288.log");
INSERT INTO package_details VALUES("4","","2","F","2","2009-11-20 15:50:24","2009-11-20 15:50:06","123.tcl-201109-15:50:24:591336.log");
INSERT INTO package_details VALUES("4","","1","F","2","2009-11-20 15:50:32","2009-11-20 15:50:06","2.0.4.tcl-201109-15:50:32:660196.log");
INSERT INTO package_details VALUES("4","","5","F","2","2009-11-20 15:52:58","2009-11-20 15:52:56","205.tcl-201109-15:52:58:429263.log");
INSERT INTO package_details VALUES("4","","4","F","2","2009-11-20 15:53:06","2009-11-20 15:52:56","abc123.tcl-201109-15:53:06:498210.log");
INSERT INTO package_details VALUES("4","","2","F","2","2009-11-20 15:53:14","2009-11-20 15:52:56","123.tcl-201109-15:53:14:566317.log");
INSERT INTO package_details VALUES("4","","1","F","2","2009-11-20 15:53:22","2009-11-20 15:52:56","2.0.4.tcl-201109-15:53:22:634268.log");
INSERT INTO package_details VALUES("4","","5","F","2","2009-11-20 15:57:26","2009-11-20 15:57:21","205.tcl-201109-15:57:26:814649.log");
INSERT INTO package_details VALUES("4","","1","F","2","2009-11-20 15:57:34","2009-11-20 15:57:21","2.0.4.tcl-201109-15:57:34:883290.log");
INSERT INTO package_details VALUES("4","","4","F","2","2009-11-20 15:57:42","2009-11-20 15:57:21","abc123.tcl-201109-15:57:42:951337.log");
INSERT INTO package_details VALUES("4","","2","F","2","2009-11-20 15:57:51","2009-11-20 15:57:21","123.tcl-201109-15:57:51:19344.log");
INSERT INTO package_details VALUES("4","","5","F","2","2009-11-20 15:58:59","2009-11-20 15:58:58","205.tcl-201109-15:58:59:774406.log");
INSERT INTO package_details VALUES("4","","1","F","2","2009-11-20 15:59:07","2009-11-20 15:58:58","2.0.4.tcl-201109-15:59:07:843643.log");
INSERT INTO package_details VALUES("4","","4","F","2","2009-11-20 15:59:15","2009-11-20 15:58:58","abc123.tcl-201109-15:59:15:911609.log");
INSERT INTO package_details VALUES("4","","2","F","2","2009-11-20 15:59:23","2009-11-20 15:58:58","123.tcl-201109-15:59:23:980620.log");
INSERT INTO package_details VALUES("4","","1","F","2","2009-11-20 16:09:21","2009-11-20 16:09:19","2.0.4.tcl-201109-16:09:21:879703.log");
INSERT INTO package_details VALUES("4","","5","F","2","2009-11-20 16:09:21","2009-11-20 16:09:19","205.tcl-201109-16:09:21:947282.log");
INSERT INTO package_details VALUES("4","","2","F","2","2009-11-20 16:09:30","2009-11-20 16:09:19","123.tcl-201109-16:09:30:87360.log");
INSERT INTO package_details VALUES("4","","4","F","2","2009-11-20 16:09:30","2009-11-20 16:09:19","abc123.tcl-201109-16:09:30:103730.log");
INSERT INTO package_details VALUES("4","","1","F","2","2009-11-20 16:12:11","2009-11-20 16:12:09","2.0.4.tcl-201109-16:12:11:261730.log");
INSERT INTO package_details VALUES("4","","5","F","2","2009-11-20 16:12:11","2009-11-20 16:12:09","205.tcl-201109-16:12:11:329191.log");
INSERT INTO package_details VALUES("4","","4","F","2","2009-11-20 16:12:11","2009-11-20 16:12:09","abc123.tcl-201109-16:12:11:301315.log");
INSERT INTO package_details VALUES("4","","2","F","2","2009-11-20 16:12:19","2009-11-20 16:12:09","123.tcl-201109-16:12:19:504538.log");
INSERT INTO package_details VALUES("4","","1","F","2","2009-11-20 16:13:32","2009-11-20 16:13:30","2.0.4.tcl-201109-16:13:32:227827.log");
INSERT INTO package_details VALUES("4","","4","F","2","2009-11-20 16:13:32","2009-11-20 16:13:30","abc123.tcl-201109-16:13:32:252263.log");
INSERT INTO package_details VALUES("4","","5","F","2","2009-11-20 16:13:32","2009-11-20 16:13:30","205.tcl-201109-16:13:32:276404.log");
INSERT INTO package_details VALUES("4","","2","F","2","2009-11-20 16:13:40","2009-11-20 16:13:30","123.tcl-201109-16:13:40:430647.log");
INSERT INTO package_details VALUES("4","","56","P","2","2009-11-20 16:44:21","2009-11-20 16:44:18","133.tcl-201109-16:44:21:807184.log");
INSERT INTO package_details VALUES("4","","56","P","2","2009-11-20 16:45:11","2009-11-20 16:44:57","133.tcl-201109-16:45:11:330140.log");



CREATE TABLE `package_schedule` (
  `packageid` int(11) NOT NULL COMMENT 'primay key of ez_packages table',
  `sch_date` date NOT NULL COMMENT 'Date for execute the particular package',
  `sch_time` time NOT NULL COMMENT 'Time for execute the particular package',
  `pre_requisite` enum('Y','N') NOT NULL COMMENT 'To execute the test pre-requisite testcase(s) for testcase(s)',
  `cleanup` enum('Y','N') NOT NULL COMMENT 'To add cleanup file for testcase execution',
  `sch_status` enum('Y','N') NOT NULL default 'Y' COMMENT 'Status of the record ',
  `curr_date` timestamp NOT NULL default CURRENT_TIMESTAMP
) ENGINE=MyISAM DEFAULT CHARSET=latin1 COMMENT='This table for schedule the packge to execute the testcases ';

INSERT INTO package_schedule VALUES("2","2009-11-21","01:01:00","N","Y","Y","2009-11-20 11:40:38");
INSERT INTO package_schedule VALUES("2","2009-11-21","02:00:00","N","Y","Y","2009-11-20 11:41:06");
INSERT INTO package_schedule VALUES("4","2009-11-30","18:00:00","N","Y","Y","2009-11-20 18:15:18");
INSERT INTO package_schedule VALUES("4","2009-11-30","14:00:00","N","Y","Y","2009-11-25 13:54:12");



CREATE TABLE `testbed_details` (
  `testbedid` int(11) NOT NULL,
  `topologyid` int(11) default NULL,
  `deviceid` varchar(32) default NULL,
  `devicename` varchar(32) default NULL,
  `devicetype` varchar(45) default NULL,
  `portno` varchar(32) default NULL,
  `portname` varchar(32) default NULL,
  `porttype` varchar(32) default NULL,
  `mgmtipaddress` varchar(15) default NULL,
  `conntype` enum('SSH','TELNET') default 'TELNET',
  `connport` int(10) unsigned default NULL,
  `username` varchar(32) default NULL,
  `password` varchar(32) default NULL
) ENGINE=MyISAM DEFAULT CHARSET=latin1;

INSERT INTO testbed_details VALUES("5","2","EoJDhIHTQ3RmZ4n9n4d6yHlTMJo3828z","router","router","p1","gg","etho","192.16.8.55","SSH","22","g","g");
INSERT INTO testbed_details VALUES("6","3","A46eFuNrnhQvywNhwTd86lnarq5T9WU6","r1","router","rname","eth0","rtype","192.168.1.131","TELNET","23","admin","admin");
INSERT INTO testbed_details VALUES("4","2","EoJDhIHTQ3RmZ4n9n4d6yHlTMJo3828z","router","router","p1","etho111","etho","192.168.1.111","TELNET","23","manoj","manoj");
INSERT INTO testbed_details VALUES("7","3","A46eFuNrnhQvywNhwTd86lnarq5T9WU6","r1","router","rname","eth0","rtype","192.168.1.131","TELNET","23","admin","admin");
INSERT INTO testbed_details VALUES("8","4","PrZbmGuLdIrTcvnJX02ta3HZTluhc2vJ","B1","router","rname","eth0","rtype","192.168.1.131","TELNET","23","admin","admin");
INSERT INTO testbed_details VALUES("9","4","PrZbmGuLdIrTcvnJX02ta3HZTluhc2vJ","B1","router","rname","eth0","rtype","192.168.1.131","TELNET","23","admin","admin");
INSERT INTO testbed_details VALUES("10","5","TXZfBvu7owdEXgzT8sisSrtwRgIahDd4","linuxpc","linuxpc","p1","etho","p2","192.168.1.148","SSH","22","manoj","manoj123");
INSERT INTO testbed_details VALUES("12","4","PrZbmGuLdIrTcvnJX02ta3HZTluhc2vJ","B1","router","rname","eth0","rtype","192.168.1.131","TELNET","23","admin","admin");
INSERT INTO testbed_details VALUES("16","10","tD5yt5aKCmL70TZ9h2lbbTktxu8Otyah","B3","router","eth0","fastEthernet0","fastEthernet","192.168.1.27","TELNET","6801","root3","redhat");
INSERT INTO testbed_details VALUES("16","10","LuAwzfr6U7gn306aZlkF4dvXq17rtmfv","B2","linuxpc","eth0","fastEthernet0","fastEthernet","192.168.1.54","SSH","6801","root2","redhat");
INSERT INTO testbed_details VALUES("16","10","5ClQBbTge4HQIxAbsxOQdelL8mBss3fx","B1","router","eth0","fastEthernet0","fastEthernet","192.168.1.21","TELNET","6801","root1","redhat");
INSERT INTO testbed_details VALUES("16","10","HENZTPeMuiT3H4BpJaR0LLVHHpwTboWS","B4","router","eth0","fastEthernet0","fastEthernet","192.168.1.123","SSH","6801","root4","redhat");
INSERT INTO testbed_details VALUES("17","9","zTz7ywW2x9u5R7ewt85UGr9elgiXGH8e","router   ","router","router   ","aa","router   ","111.111.111.11","SSH","22","ss","ss");
INSERT INTO testbed_details VALUES("18","10","tD5yt5aKCmL70TZ9h2lbbTktxu8Otyah","B3","router","eth0","fastEthernet01","fastEthernet","111.168.1.27","SSH","22","root31","redhat33333");
INSERT INTO testbed_details VALUES("18","10","LuAwzfr6U7gn306aZlkF4dvXq17rtmfv","B2","linuxpc","eth0","fastEthernet02","fastEthernet","222.168.1.54","","0","root22","redhat");
INSERT INTO testbed_details VALUES("18","10","HENZTPeMuiT3H4BpJaR0LLVHHpwTboWS","B4","router","eth0","fastEthernet03","fastEthernet","333.168.1.123","TELNET","23","root43","redhat");
INSERT INTO testbed_details VALUES("18","10","5ClQBbTge4HQIxAbsxOQdelL8mBss3fx","B1","router","eth0","fastEthernet04","fastEthernet","444.168.1.21","SSH","22","root14","redhat");
INSERT INTO testbed_details VALUES("19","10","5ClQBbTge4HQIxAbsxOQdelL8mBss3fx","B1","router","eth0","fastEthernet04","fastEthernet","111.168.1.21","","0","root11111","redhat1111");
INSERT INTO testbed_details VALUES("19","10","HENZTPeMuiT3H4BpJaR0LLVHHpwTboWS","B4","router","eth0","fastEthernet03","fastEthernet","222.168.1.123","TELNET","23222","root222222222","redhat22222");
INSERT INTO testbed_details VALUES("19","10","LuAwzfr6U7gn306aZlkF4dvXq17rtmfv","B2","linuxpc","eth0","fastEthernet02","fastEthernet","223.168.1.54","SSH","22333","root33333333","redhat");
INSERT INTO testbed_details VALUES("19","10","tD5yt5aKCmL70TZ9h2lbbTktxu8Otyah","B3","router","eth0","fastEthernet01","fastEthernet","224.168.1.27","TELNET","23","root44","redhat333334444");
INSERT INTO testbed_details VALUES("20","5","TXZfBvu7owdEXgzT8sisSrtwRgIahDd4","linuxpc","linuxpc","p1","etho123","p2","111.222.222.222","SSH","22","aa","aaa");
INSERT INTO testbed_details VALUES("21","10","5ClQBbTge4HQIxAbsxOQdelL8mBss3fx","B1","router","eth0","fastEthernet04","fastEthernet","111.168.1.21","","0","root11111","redhat1111");
INSERT INTO testbed_details VALUES("21","10","HENZTPeMuiT3H4BpJaR0LLVHHpwTboWS","B4","router","eth0","fastEthernet03","fastEthernet","222.168.1.123","TELNET","23222","root222222222","redhat22222");
INSERT INTO testbed_details VALUES("21","10","LuAwzfr6U7gn306aZlkF4dvXq17rtmfv","B2","linuxpc","eth0","fastEthernet02","fastEthernet","223.168.1.54","SSH","22333","root33333333","redhat");
INSERT INTO testbed_details VALUES("21","10","tD5yt5aKCmL70TZ9h2lbbTktxu8Otyah","B3","router","eth0","fastEthernet01","fastEthernet","224.168.1.27","TELNET","23","root44","redhat333334444");
INSERT INTO testbed_details VALUES("22","10","5ClQBbTge4HQIxAbsxOQdelL8mBss3fx","B1","router","eth0","fastEthernet04","fastEthernet","11.168.1.21","SSH","22","root14","redhat");
INSERT INTO testbed_details VALUES("22","10","HENZTPeMuiT3H4BpJaR0LLVHHpwTboWS","B4","router","eth0","fastEthernet03","fastEthernet","22.168.1.123","TELNET","23","root43","redhat");
INSERT INTO testbed_details VALUES("22","10","LuAwzfr6U7gn306aZlkF4dvXq17rtmfv","B2","linuxpc","eth0","fastEthernet02","fastEthernet","222.168.1.54","","0","root22","redhat");
INSERT INTO testbed_details VALUES("22","10","tD5yt5aKCmL70TZ9h2lbbTktxu8Otyah","B3","router","eth0","fastEthernet01","fastEthernet","111.168.1.27","SSH","22","root31","redhat33333");
INSERT INTO testbed_details VALUES("23","3","A46eFuNrnhQvywNhwTd86lnarq5T9WU6","r1","router","rname","eth0111","rtype","192.168.1.111","SSH","2211","admin1","admin1");



CREATE TABLE `testcase_details` (
  `testcaseid` int(11) NOT NULL,
  `steps` longtext,
  `result` longtext,
  `cleanup` longtext,
  PRIMARY KEY  (`testcaseid`)
) ENGINE=MyISAM DEFAULT CHARSET=latin1 COMMENT='for storing test plan. the actual testplan content';

INSERT INTO testcase_details VALUES("39","","","");
INSERT INTO testcase_details VALUES("44","","","");
INSERT INTO testcase_details VALUES("45","","","");
INSERT INTO testcase_details VALUES("46","","","");
INSERT INTO testcase_details VALUES("47","","","");
INSERT INTO testcase_details VALUES("48","","","");
INSERT INTO testcase_details VALUES("49","","","");
INSERT INTO testcase_details VALUES("50","","","");
INSERT INTO testcase_details VALUES("51","","","");
INSERT INTO testcase_details VALUES("52","","","");
INSERT INTO testcase_details VALUES("53","","","");
INSERT INTO testcase_details VALUES("54","","","");
INSERT INTO testcase_details VALUES("55","","","");
INSERT INTO testcase_details VALUES("103","","","");
INSERT INTO testcase_details VALUES("104","","","");
INSERT INTO testcase_details VALUES("105","","","");
INSERT INTO testcase_details VALUES("160","","","");
INSERT INTO testcase_details VALUES("161","","","");
INSERT INTO testcase_details VALUES("162","","","");
INSERT INTO testcase_details VALUES("163","","","");
INSERT INTO testcase_details VALUES("164","","","");
INSERT INTO testcase_details VALUES("165","","","");
INSERT INTO testcase_details VALUES("166","","","");
INSERT INTO testcase_details VALUES("167","","","");
INSERT INTO testcase_details VALUES("168","","","");
INSERT INTO testcase_details VALUES("169","","","");
INSERT INTO testcase_details VALUES("170","","","");
INSERT INTO testcase_details VALUES("171","","","");
INSERT INTO testcase_details VALUES("173","","","");
INSERT INTO testcase_details VALUES("174","","","");
INSERT INTO testcase_details VALUES("175","","","");
INSERT INTO testcase_details VALUES("176","","","");
INSERT INTO testcase_details VALUES("177","","","");
INSERT INTO testcase_details VALUES("178","","","");
INSERT INTO testcase_details VALUES("179","","","");
INSERT INTO testcase_details VALUES("180","","","");
INSERT INTO testcase_details VALUES("181","","","");
INSERT INTO testcase_details VALUES("182","","","");
INSERT INTO testcase_details VALUES("183","","","");
INSERT INTO testcase_details VALUES("184","","","");
INSERT INTO testcase_details VALUES("185","","","");
INSERT INTO testcase_details VALUES("186","","","");
INSERT INTO testcase_details VALUES("187","","","");
INSERT INTO testcase_details VALUES("188","","","");
INSERT INTO testcase_details VALUES("189","","","");
INSERT INTO testcase_details VALUES("190","","","");
INSERT INTO testcase_details VALUES("191","","","");
INSERT INTO testcase_details VALUES("192","","","");
INSERT INTO testcase_details VALUES("193","","","");
INSERT INTO testcase_details VALUES("194","","","");
INSERT INTO testcase_details VALUES("195","","","");
INSERT INTO testcase_details VALUES("196","","","");
INSERT INTO testcase_details VALUES("197","","","");
INSERT INTO testcase_details VALUES("198","","","");
INSERT INTO testcase_details VALUES("199","","","");
INSERT INTO testcase_details VALUES("200","","","");
INSERT INTO testcase_details VALUES("201","","","");
INSERT INTO testcase_details VALUES("202","","","");
INSERT INTO testcase_details VALUES("203","","","");
INSERT INTO testcase_details VALUES("204","","","");
INSERT INTO testcase_details VALUES("205","","","");
INSERT INTO testcase_details VALUES("206","","","");
INSERT INTO testcase_details VALUES("207","","","");
INSERT INTO testcase_details VALUES("208","","","");
INSERT INTO testcase_details VALUES("209","","","");
INSERT INTO testcase_details VALUES("210","","","");
INSERT INTO testcase_details VALUES("211","","","");
INSERT INTO testcase_details VALUES("212","","","");
INSERT INTO testcase_details VALUES("213","","","");
INSERT INTO testcase_details VALUES("214","","","");
INSERT INTO testcase_details VALUES("215","","","");
INSERT INTO testcase_details VALUES("216","","","");
INSERT INTO testcase_details VALUES("217","","","");
INSERT INTO testcase_details VALUES("218","","","");
INSERT INTO testcase_details VALUES("219","","","");
INSERT INTO testcase_details VALUES("220","","","");
INSERT INTO testcase_details VALUES("221","","","");
INSERT INTO testcase_details VALUES("222","","","");
INSERT INTO testcase_details VALUES("223","","","");
INSERT INTO testcase_details VALUES("224","","","");
INSERT INTO testcase_details VALUES("225","","","");
INSERT INTO testcase_details VALUES("226","","","");
INSERT INTO testcase_details VALUES("227","","","");
INSERT INTO testcase_details VALUES("228","","","");
INSERT INTO testcase_details VALUES("229","","","");
INSERT INTO testcase_details VALUES("230","","","");
INSERT INTO testcase_details VALUES("231","","","");
INSERT INTO testcase_details VALUES("232","","","");
INSERT INTO testcase_details VALUES("233","","","");
INSERT INTO testcase_details VALUES("234","","","");
INSERT INTO testcase_details VALUES("235","","","");
INSERT INTO testcase_details VALUES("236","","","");
INSERT INTO testcase_details VALUES("245","","","");
INSERT INTO testcase_details VALUES("246","","","");
INSERT INTO testcase_details VALUES("247","","","");



CREATE TABLE `topology_connections` (
  `topologyid` int(11) NOT NULL,
  `sourceid` varchar(32) default NULL,
  `sourceportid` varchar(32) default NULL,
  `targetid` varchar(32) default NULL,
  `targetportid` varchar(32) default NULL
) ENGINE=MyISAM DEFAULT CHARSET=latin1;




CREATE TABLE `topology_deviceports` (
  `topologyid` int(11) NOT NULL,
  `deviceid` varchar(32) default NULL,
  `portno` varchar(32) default NULL,
  `porttype` varchar(32) default NULL
) ENGINE=MyISAM DEFAULT CHARSET=latin1;

INSERT INTO topology_deviceports VALUES("1","Kd7pO9ugLzWZoMW74dytl9MptyMcLhk7","sdf","dfsdf");
INSERT INTO topology_deviceports VALUES("2","SwbinCQ2tSZ7POXbNKwMQKpZDmI2q0ah","dfd","df");
INSERT INTO topology_deviceports VALUES("3","CVulbAJpfH3c5Uk20gBlCt27Ba5ds50S","sdf","sdf");
INSERT INTO topology_deviceports VALUES("4","c3kfco8G29mfMOdePyUIhp7TKZGwALku","dfg","fgdfg");
INSERT INTO topology_deviceports VALUES("6","9HeoCkmyzQdcAUvURDWu24GgGs4mrCdv","f","f");
INSERT INTO topology_deviceports VALUES("8","dgSoKTGUtZyhkLZFlLnUPMz4BTbLNVco","dd","dd");
INSERT INTO topology_deviceports VALUES("9","B74Sm4OmX3sUZ9wlifv9pAKIsAydlRqs","gfh","gfh");
INSERT INTO topology_deviceports VALUES("10","WpCtWXefJ6sSbTTNqn5MIbFvHw5mlV8E","d","d");
INSERT INTO topology_deviceports VALUES("11","ciA5JeyJF908HFaw2tATPCwL82khrOsW","rout1pname1","rout1ptype1");
INSERT INTO topology_deviceports VALUES("11","ciA5JeyJF908HFaw2tATPCwL82khrOsW","rout1pname2","rout1ptype2");
INSERT INTO topology_deviceports VALUES("11","GuFsLTyTBtN0sCMqbH7BQpBARzwVnbMb","rout2pname1","rout2ptype1");
INSERT INTO topology_deviceports VALUES("11","GuFsLTyTBtN0sCMqbH7BQpBARzwVnbMb","rout2pname2","rout2ptype2");
INSERT INTO topology_deviceports VALUES("11","3ZTCg3TWIpxTXlGVGExy9BpoLqXgCEnW","rout3pname1","rout3ptype1");
INSERT INTO topology_deviceports VALUES("11","3ZTCg3TWIpxTXlGVGExy9BpoLqXgCEnW","rout3pname2","rout3ptype2");
INSERT INTO topology_deviceports VALUES("12","SwbinCQ2tSZ7POXbNKwMQKpZDmI2q0ah","dfd","df");
INSERT INTO topology_deviceports VALUES("13","sVhyo0WiubLFZ2CaxU2Jq3es3JXSsBtO","ss","sss");
INSERT INTO topology_deviceports VALUES("13","oUmznx1AUPZEP8fBXMy9qTDLPiQHvTZc","sdf","df");
INSERT INTO topology_deviceports VALUES("14","EktovpkP1XVuyyUzvOtu3mcEyWFbzMgg","a","a");
INSERT INTO topology_deviceports VALUES("15","ZENl8cQSN3gzsbJLu2Fk0q34dcmwfOB4","dfsdfd","fsdfsdfsdf");
INSERT INTO topology_deviceports VALUES("16","sOknOElAxQIMPwsAEZnmZTP4dzyUdADd","asdas","d");
INSERT INTO topology_deviceports VALUES("17","Po41TLSyhsId5zTEEQmtP9OyGhSUDTaV","sdf","sdf");
INSERT INTO topology_deviceports VALUES("18","S7ycmvGrdyFszVrIqNQCXlTUtJC1wNGI","dfg","gf");
INSERT INTO topology_deviceports VALUES("19","SwbinCQ2tSZ7POXbNKwMQKpZDmI2q0ah","dfd","df");
INSERT INTO topology_deviceports VALUES("20","CVulbAJpfH3c5Uk20gBlCt27Ba5ds50S","sdf","sdf");
INSERT INTO topology_deviceports VALUES("22","sVhyo0WiubLFZ2CaxU2Jq3es3JXSsBtO","sdf","sdf");
INSERT INTO topology_deviceports VALUES("22","iAGHHZPRAu8xqQLeTITWPGbWnQXbXmgF","d","d");
INSERT INTO topology_deviceports VALUES("22","lwOZHm3ydHLxX1ddEXARnPPmGepchaXC","gjh","gj");
INSERT INTO topology_deviceports VALUES("23","e26Wt8a72JAw8bNB4UyOtlFUJ64vevko","sd","d");
INSERT INTO topology_deviceports VALUES("23","fx0Oyrw02DLH2NGTA0mBD3gD2TpMfTdQ","ss","ss");
INSERT INTO topology_deviceports VALUES("23","tbtklvJ2Io6X1Tb4DIfaHvVQ22u4I9O5","sd","fd");
INSERT INTO topology_deviceports VALUES("23","zVQcuS7Ft2daTBlOCGz4OgRR3QJzkVQD","fc","fc");
INSERT INTO topology_deviceports VALUES("23","14UAZF5eGUTd5BcCfNpPze1TtbyoFW4P","ss","s");
INSERT INTO topology_deviceports VALUES("23","2Fa5qWBSnHvFHePd80HsoUwyR2UW5Glc","ee","eee");
INSERT INTO topology_deviceports VALUES("23","0MXdZvhXKGuKlbSBQxfeJwsr7ZQDntdT","sdf","dfd");
INSERT INTO topology_deviceports VALUES("24","8vATVUlrbDASMXCo9WhLKNcgvtksv1hH","sdf","sdf");
INSERT INTO topology_deviceports VALUES("25","Kd7pO9ugLzWZoMW74dytl9MptyMcLhk7","sdf","dfsdf");
INSERT INTO topology_deviceports VALUES("26","H8hJOl87wG8xNI2PhTaenlLqGTUGyQGa","sdf","dsfsdf");
INSERT INTO topology_deviceports VALUES("27","sVhyo0WiubLFZ2CaxU2Jq3es3JXSsBtO","sdf","sdf");
INSERT INTO topology_deviceports VALUES("27","iAGHHZPRAu8xqQLeTITWPGbWnQXbXmgF","d","d");
INSERT INTO topology_deviceports VALUES("28","ZE1CJ59HkfgqEEexzSairOTCPyrZlAJg","a","a");
INSERT INTO topology_deviceports VALUES("29","pNtk1XT2Tdgs05xo1We2Vu4FtrhiNmDt","sdf","dsf");
INSERT INTO topology_deviceports VALUES("31","V2sdnn4hMX8uRO1QTwCHqZTtwNtRos6n","ss","ss");
INSERT INTO topology_deviceports VALUES("31","lTDM63xeLm73iJGe8A9phtHBy70vE0Q6","asdfasdf","sdfsdf");
INSERT INTO topology_deviceports VALUES("31","RUdAcpkr1xigXrxQdmEOKO5Qt3M2UD1l","sd","sdsd");
INSERT INTO topology_deviceports VALUES("32","DMQh5EhDpURoeWINcM2e83DPrmhAnTxZ","ddd","dddddd");
INSERT INTO topology_deviceports VALUES("32","1y8F6ycHSiTvSG6yFV3FaVxTKX5W3T1k","ss","ss");
INSERT INTO topology_deviceports VALUES("33","Z35sN7hG9pa06MTy3MSan7deq195gdRq","fdg","fdfg");
INSERT INTO topology_deviceports VALUES("31","so6hzDv6WLyPvZDJ8KZ7zazEAd6JIprZ","ss","dfdf");
INSERT INTO topology_deviceports VALUES("13","oUmznx1AUPZEP8fBXMy9qTDLPiQHvTZc","sdfe","ffe");
INSERT INTO topology_deviceports VALUES("13","iAGHHZPRAu8xqQLeTITWPGbWnQXbXmgF","d","d");
INSERT INTO topology_deviceports VALUES("34","Kd7pO9ugLzWZoMW74dytl9MptyMcLhk7","sdf","dfsdf");
INSERT INTO topology_deviceports VALUES("35","SwbinCQ2tSZ7POXbNKwMQKpZDmI2q0ah","dfd","df");
INSERT INTO topology_deviceports VALUES("36","CVulbAJpfH3c5Uk20gBlCt27Ba5ds50S","sdf","sdf");
INSERT INTO topology_deviceports VALUES("37","c3kfco8G29mfMOdePyUIhp7TKZGwALku","dfg","fgdfg");
INSERT INTO topology_deviceports VALUES("39","9HeoCkmyzQdcAUvURDWu24GgGs4mrCdv","f","f");
INSERT INTO topology_deviceports VALUES("41","dgSoKTGUtZyhkLZFlLnUPMz4BTbLNVco","dd","dd");
INSERT INTO topology_deviceports VALUES("42","B74Sm4OmX3sUZ9wlifv9pAKIsAydlRqs","gfh","gfh");
INSERT INTO topology_deviceports VALUES("43","WpCtWXefJ6sSbTTNqn5MIbFvHw5mlV8E","d","d");
INSERT INTO topology_deviceports VALUES("44","ciA5JeyJF908HFaw2tATPCwL82khrOsW","rout1pname1","rout1ptype1");
INSERT INTO topology_deviceports VALUES("44","ciA5JeyJF908HFaw2tATPCwL82khrOsW","rout1pname2","rout1ptype2");
INSERT INTO topology_deviceports VALUES("44","GuFsLTyTBtN0sCMqbH7BQpBARzwVnbMb","rout2pname1","rout2ptype1");
INSERT INTO topology_deviceports VALUES("44","GuFsLTyTBtN0sCMqbH7BQpBARzwVnbMb","rout2pname2","rout2ptype2");
INSERT INTO topology_deviceports VALUES("44","3ZTCg3TWIpxTXlGVGExy9BpoLqXgCEnW","rout3pname1","rout3ptype1");
INSERT INTO topology_deviceports VALUES("44","3ZTCg3TWIpxTXlGVGExy9BpoLqXgCEnW","rout3pname2","rout3ptype2");
INSERT INTO topology_deviceports VALUES("45","SwbinCQ2tSZ7POXbNKwMQKpZDmI2q0ah","dfd","df");
INSERT INTO topology_deviceports VALUES("46","iAGHHZPRAu8xqQLeTITWPGbWnQXbXmgF","d","d");
INSERT INTO topology_deviceports VALUES("46","oUmznx1AUPZEP8fBXMy9qTDLPiQHvTZc","sdf","df");
INSERT INTO topology_deviceports VALUES("46","oUmznx1AUPZEP8fBXMy9qTDLPiQHvTZc","sdfe","ffe");
INSERT INTO topology_deviceports VALUES("46","sVhyo0WiubLFZ2CaxU2Jq3es3JXSsBtO","ss","sss");
INSERT INTO topology_deviceports VALUES("47","EktovpkP1XVuyyUzvOtu3mcEyWFbzMgg","a","a");
INSERT INTO topology_deviceports VALUES("48","ZENl8cQSN3gzsbJLu2Fk0q34dcmwfOB4","dfsdfd","fsdfsdfsdf");
INSERT INTO topology_deviceports VALUES("49","sOknOElAxQIMPwsAEZnmZTP4dzyUdADd","asdas","d");
INSERT INTO topology_deviceports VALUES("50","Po41TLSyhsId5zTEEQmtP9OyGhSUDTaV","sdf","sdf");
INSERT INTO topology_deviceports VALUES("51","S7ycmvGrdyFszVrIqNQCXlTUtJC1wNGI","dfg","gf");
INSERT INTO topology_deviceports VALUES("52","SwbinCQ2tSZ7POXbNKwMQKpZDmI2q0ah","dfd","df");
INSERT INTO topology_deviceports VALUES("53","CVulbAJpfH3c5Uk20gBlCt27Ba5ds50S","sdf","sdf");
INSERT INTO topology_deviceports VALUES("55","sVhyo0WiubLFZ2CaxU2Jq3es3JXSsBtO","sdf","sdf");
INSERT INTO topology_deviceports VALUES("55","iAGHHZPRAu8xqQLeTITWPGbWnQXbXmgF","d","d");
INSERT INTO topology_deviceports VALUES("55","lwOZHm3ydHLxX1ddEXARnPPmGepchaXC","gjh","gj");
INSERT INTO topology_deviceports VALUES("56","e26Wt8a72JAw8bNB4UyOtlFUJ64vevko","sd","d");
INSERT INTO topology_deviceports VALUES("56","fx0Oyrw02DLH2NGTA0mBD3gD2TpMfTdQ","ss","ss");
INSERT INTO topology_deviceports VALUES("56","tbtklvJ2Io6X1Tb4DIfaHvVQ22u4I9O5","sd","fd");
INSERT INTO topology_deviceports VALUES("56","zVQcuS7Ft2daTBlOCGz4OgRR3QJzkVQD","fc","fc");
INSERT INTO topology_deviceports VALUES("56","14UAZF5eGUTd5BcCfNpPze1TtbyoFW4P","ss","s");
INSERT INTO topology_deviceports VALUES("56","2Fa5qWBSnHvFHePd80HsoUwyR2UW5Glc","ee","eee");
INSERT INTO topology_deviceports VALUES("56","0MXdZvhXKGuKlbSBQxfeJwsr7ZQDntdT","sdf","dfd");
INSERT INTO topology_deviceports VALUES("57","8vATVUlrbDASMXCo9WhLKNcgvtksv1hH","sdf","sdf");
INSERT INTO topology_deviceports VALUES("58","Kd7pO9ugLzWZoMW74dytl9MptyMcLhk7","sdf","dfsdf");
INSERT INTO topology_deviceports VALUES("59","H8hJOl87wG8xNI2PhTaenlLqGTUGyQGa","sdf","dsfsdf");
INSERT INTO topology_deviceports VALUES("60","sVhyo0WiubLFZ2CaxU2Jq3es3JXSsBtO","sdf","sdf");
INSERT INTO topology_deviceports VALUES("60","iAGHHZPRAu8xqQLeTITWPGbWnQXbXmgF","d","d");
INSERT INTO topology_deviceports VALUES("61","ZE1CJ59HkfgqEEexzSairOTCPyrZlAJg","a","a");
INSERT INTO topology_deviceports VALUES("62","pNtk1XT2Tdgs05xo1We2Vu4FtrhiNmDt","sdf","dsf");
INSERT INTO topology_deviceports VALUES("64","RUdAcpkr1xigXrxQdmEOKO5Qt3M2UD1l","sd","sdsd");
INSERT INTO topology_deviceports VALUES("64","lTDM63xeLm73iJGe8A9phtHBy70vE0Q6","asdfasdf","sdfsdf");
INSERT INTO topology_deviceports VALUES("64","V2sdnn4hMX8uRO1QTwCHqZTtwNtRos6n","ss","ss");
INSERT INTO topology_deviceports VALUES("64","so6hzDv6WLyPvZDJ8KZ7zazEAd6JIprZ","ss","dfdf");
INSERT INTO topology_deviceports VALUES("65","DMQh5EhDpURoeWINcM2e83DPrmhAnTxZ","ddd","dddddd");
INSERT INTO topology_deviceports VALUES("65","1y8F6ycHSiTvSG6yFV3FaVxTKX5W3T1k","ss","ss");
INSERT INTO topology_deviceports VALUES("66","Z35sN7hG9pa06MTy3MSan7deq195gdRq","fdg","fdfg");
INSERT INTO topology_deviceports VALUES("67","Kd7pO9ugLzWZoMW74dytl9MptyMcLhk7","sdf","dfsdf");
INSERT INTO topology_deviceports VALUES("68","SwbinCQ2tSZ7POXbNKwMQKpZDmI2q0ah","dfd","df");
INSERT INTO topology_deviceports VALUES("69","CVulbAJpfH3c5Uk20gBlCt27Ba5ds50S","sdf","sdf");
INSERT INTO topology_deviceports VALUES("70","c3kfco8G29mfMOdePyUIhp7TKZGwALku","dfg","fgdfg");
INSERT INTO topology_deviceports VALUES("72","9HeoCkmyzQdcAUvURDWu24GgGs4mrCdv","f","f");
INSERT INTO topology_deviceports VALUES("74","dgSoKTGUtZyhkLZFlLnUPMz4BTbLNVco","dd","dd");
INSERT INTO topology_deviceports VALUES("75","B74Sm4OmX3sUZ9wlifv9pAKIsAydlRqs","gfh","gfh");
INSERT INTO topology_deviceports VALUES("76","WpCtWXefJ6sSbTTNqn5MIbFvHw5mlV8E","d","d");
INSERT INTO topology_deviceports VALUES("77","ciA5JeyJF908HFaw2tATPCwL82khrOsW","rout1pname1","rout1ptype1");
INSERT INTO topology_deviceports VALUES("77","ciA5JeyJF908HFaw2tATPCwL82khrOsW","rout1pname2","rout1ptype2");
INSERT INTO topology_deviceports VALUES("77","GuFsLTyTBtN0sCMqbH7BQpBARzwVnbMb","rout2pname1","rout2ptype1");
INSERT INTO topology_deviceports VALUES("77","GuFsLTyTBtN0sCMqbH7BQpBARzwVnbMb","rout2pname2","rout2ptype2");
INSERT INTO topology_deviceports VALUES("77","3ZTCg3TWIpxTXlGVGExy9BpoLqXgCEnW","rout3pname1","rout3ptype1");
INSERT INTO topology_deviceports VALUES("77","3ZTCg3TWIpxTXlGVGExy9BpoLqXgCEnW","rout3pname2","rout3ptype2");
INSERT INTO topology_deviceports VALUES("78","SwbinCQ2tSZ7POXbNKwMQKpZDmI2q0ah","dfd","df");
INSERT INTO topology_deviceports VALUES("79","iAGHHZPRAu8xqQLeTITWPGbWnQXbXmgF","d","d");
INSERT INTO topology_deviceports VALUES("79","oUmznx1AUPZEP8fBXMy9qTDLPiQHvTZc","sdf","df");
INSERT INTO topology_deviceports VALUES("79","oUmznx1AUPZEP8fBXMy9qTDLPiQHvTZc","sdfe","ffe");
INSERT INTO topology_deviceports VALUES("79","sVhyo0WiubLFZ2CaxU2Jq3es3JXSsBtO","ss","sss");
INSERT INTO topology_deviceports VALUES("80","EktovpkP1XVuyyUzvOtu3mcEyWFbzMgg","a","a");
INSERT INTO topology_deviceports VALUES("81","ZENl8cQSN3gzsbJLu2Fk0q34dcmwfOB4","dfsdfd","fsdfsdfsdf");
INSERT INTO topology_deviceports VALUES("82","sOknOElAxQIMPwsAEZnmZTP4dzyUdADd","asdas","d");
INSERT INTO topology_deviceports VALUES("83","Po41TLSyhsId5zTEEQmtP9OyGhSUDTaV","sdf","sdf");
INSERT INTO topology_deviceports VALUES("84","S7ycmvGrdyFszVrIqNQCXlTUtJC1wNGI","dfg","gf");
INSERT INTO topology_deviceports VALUES("85","SwbinCQ2tSZ7POXbNKwMQKpZDmI2q0ah","dfd","df");
INSERT INTO topology_deviceports VALUES("86","CVulbAJpfH3c5Uk20gBlCt27Ba5ds50S","sdf","sdf");
INSERT INTO topology_deviceports VALUES("88","sVhyo0WiubLFZ2CaxU2Jq3es3JXSsBtO","sdf","sdf");
INSERT INTO topology_deviceports VALUES("88","iAGHHZPRAu8xqQLeTITWPGbWnQXbXmgF","d","d");
INSERT INTO topology_deviceports VALUES("88","lwOZHm3ydHLxX1ddEXARnPPmGepchaXC","gjh","gj");
INSERT INTO topology_deviceports VALUES("89","e26Wt8a72JAw8bNB4UyOtlFUJ64vevko","sd","d");
INSERT INTO topology_deviceports VALUES("89","fx0Oyrw02DLH2NGTA0mBD3gD2TpMfTdQ","ss","ss");
INSERT INTO topology_deviceports VALUES("89","tbtklvJ2Io6X1Tb4DIfaHvVQ22u4I9O5","sd","fd");
INSERT INTO topology_deviceports VALUES("89","zVQcuS7Ft2daTBlOCGz4OgRR3QJzkVQD","fc","fc");
INSERT INTO topology_deviceports VALUES("89","14UAZF5eGUTd5BcCfNpPze1TtbyoFW4P","ss","s");
INSERT INTO topology_deviceports VALUES("89","2Fa5qWBSnHvFHePd80HsoUwyR2UW5Glc","ee","eee");
INSERT INTO topology_deviceports VALUES("89","0MXdZvhXKGuKlbSBQxfeJwsr7ZQDntdT","sdf","dfd");
INSERT INTO topology_deviceports VALUES("90","8vATVUlrbDASMXCo9WhLKNcgvtksv1hH","sdf","sdf");
INSERT INTO topology_deviceports VALUES("91","Kd7pO9ugLzWZoMW74dytl9MptyMcLhk7","sdf","dfsdf");
INSERT INTO topology_deviceports VALUES("92","H8hJOl87wG8xNI2PhTaenlLqGTUGyQGa","sdf","dsfsdf");
INSERT INTO topology_deviceports VALUES("93","sVhyo0WiubLFZ2CaxU2Jq3es3JXSsBtO","sdf","sdf");
INSERT INTO topology_deviceports VALUES("93","iAGHHZPRAu8xqQLeTITWPGbWnQXbXmgF","d","d");
INSERT INTO topology_deviceports VALUES("94","ZE1CJ59HkfgqEEexzSairOTCPyrZlAJg","a","a");
INSERT INTO topology_deviceports VALUES("95","pNtk1XT2Tdgs05xo1We2Vu4FtrhiNmDt","sdf","dsf");
INSERT INTO topology_deviceports VALUES("97","RUdAcpkr1xigXrxQdmEOKO5Qt3M2UD1l","sd","sdsd");
INSERT INTO topology_deviceports VALUES("97","lTDM63xeLm73iJGe8A9phtHBy70vE0Q6","asdfasdf","sdfsdf");
INSERT INTO topology_deviceports VALUES("97","V2sdnn4hMX8uRO1QTwCHqZTtwNtRos6n","ss","ss");
INSERT INTO topology_deviceports VALUES("97","so6hzDv6WLyPvZDJ8KZ7zazEAd6JIprZ","ss","dfdf");
INSERT INTO topology_deviceports VALUES("98","DMQh5EhDpURoeWINcM2e83DPrmhAnTxZ","ddd","dddddd");
INSERT INTO topology_deviceports VALUES("98","1y8F6ycHSiTvSG6yFV3FaVxTKX5W3T1k","ss","ss");
INSERT INTO topology_deviceports VALUES("99","Z35sN7hG9pa06MTy3MSan7deq195gdRq","fdg","fdfg");
INSERT INTO topology_deviceports VALUES("100","Kd7pO9ugLzWZoMW74dytl9MptyMcLhk7","sdf","dfsdf");
INSERT INTO topology_deviceports VALUES("101","SwbinCQ2tSZ7POXbNKwMQKpZDmI2q0ah","dfd","df");
INSERT INTO topology_deviceports VALUES("102","CVulbAJpfH3c5Uk20gBlCt27Ba5ds50S","sdf","sdf");
INSERT INTO topology_deviceports VALUES("103","c3kfco8G29mfMOdePyUIhp7TKZGwALku","dfg","fgdfg");
INSERT INTO topology_deviceports VALUES("105","9HeoCkmyzQdcAUvURDWu24GgGs4mrCdv","f","f");
INSERT INTO topology_deviceports VALUES("107","dgSoKTGUtZyhkLZFlLnUPMz4BTbLNVco","dd","dd");
INSERT INTO topology_deviceports VALUES("108","B74Sm4OmX3sUZ9wlifv9pAKIsAydlRqs","gfh","gfh");
INSERT INTO topology_deviceports VALUES("109","WpCtWXefJ6sSbTTNqn5MIbFvHw5mlV8E","d","d");
INSERT INTO topology_deviceports VALUES("110","ciA5JeyJF908HFaw2tATPCwL82khrOsW","rout1pname1","rout1ptype1");
INSERT INTO topology_deviceports VALUES("110","ciA5JeyJF908HFaw2tATPCwL82khrOsW","rout1pname2","rout1ptype2");
INSERT INTO topology_deviceports VALUES("110","GuFsLTyTBtN0sCMqbH7BQpBARzwVnbMb","rout2pname1","rout2ptype1");
INSERT INTO topology_deviceports VALUES("110","GuFsLTyTBtN0sCMqbH7BQpBARzwVnbMb","rout2pname2","rout2ptype2");
INSERT INTO topology_deviceports VALUES("110","3ZTCg3TWIpxTXlGVGExy9BpoLqXgCEnW","rout3pname1","rout3ptype1");
INSERT INTO topology_deviceports VALUES("110","3ZTCg3TWIpxTXlGVGExy9BpoLqXgCEnW","rout3pname2","rout3ptype2");
INSERT INTO topology_deviceports VALUES("111","SwbinCQ2tSZ7POXbNKwMQKpZDmI2q0ah","dfd","df");
INSERT INTO topology_deviceports VALUES("112","iAGHHZPRAu8xqQLeTITWPGbWnQXbXmgF","d","d");
INSERT INTO topology_deviceports VALUES("112","oUmznx1AUPZEP8fBXMy9qTDLPiQHvTZc","sdf","df");
INSERT INTO topology_deviceports VALUES("112","oUmznx1AUPZEP8fBXMy9qTDLPiQHvTZc","sdfe","ffe");
INSERT INTO topology_deviceports VALUES("112","sVhyo0WiubLFZ2CaxU2Jq3es3JXSsBtO","ss","sss");
INSERT INTO topology_deviceports VALUES("113","EktovpkP1XVuyyUzvOtu3mcEyWFbzMgg","a","a");
INSERT INTO topology_deviceports VALUES("114","ZENl8cQSN3gzsbJLu2Fk0q34dcmwfOB4","dfsdfd","fsdfsdfsdf");
INSERT INTO topology_deviceports VALUES("115","sOknOElAxQIMPwsAEZnmZTP4dzyUdADd","asdas","d");
INSERT INTO topology_deviceports VALUES("116","Po41TLSyhsId5zTEEQmtP9OyGhSUDTaV","sdf","sdf");
INSERT INTO topology_deviceports VALUES("117","S7ycmvGrdyFszVrIqNQCXlTUtJC1wNGI","dfg","gf");
INSERT INTO topology_deviceports VALUES("118","SwbinCQ2tSZ7POXbNKwMQKpZDmI2q0ah","dfd","df");
INSERT INTO topology_deviceports VALUES("119","CVulbAJpfH3c5Uk20gBlCt27Ba5ds50S","sdf","sdf");
INSERT INTO topology_deviceports VALUES("121","sVhyo0WiubLFZ2CaxU2Jq3es3JXSsBtO","sdf","sdf");
INSERT INTO topology_deviceports VALUES("121","iAGHHZPRAu8xqQLeTITWPGbWnQXbXmgF","d","d");
INSERT INTO topology_deviceports VALUES("121","lwOZHm3ydHLxX1ddEXARnPPmGepchaXC","gjh","gj");
INSERT INTO topology_deviceports VALUES("122","e26Wt8a72JAw8bNB4UyOtlFUJ64vevko","sd","d");
INSERT INTO topology_deviceports VALUES("122","fx0Oyrw02DLH2NGTA0mBD3gD2TpMfTdQ","ss","ss");
INSERT INTO topology_deviceports VALUES("122","tbtklvJ2Io6X1Tb4DIfaHvVQ22u4I9O5","sd","fd");
INSERT INTO topology_deviceports VALUES("122","zVQcuS7Ft2daTBlOCGz4OgRR3QJzkVQD","fc","fc");
INSERT INTO topology_deviceports VALUES("122","14UAZF5eGUTd5BcCfNpPze1TtbyoFW4P","ss","s");
INSERT INTO topology_deviceports VALUES("122","2Fa5qWBSnHvFHePd80HsoUwyR2UW5Glc","ee","eee");
INSERT INTO topology_deviceports VALUES("122","0MXdZvhXKGuKlbSBQxfeJwsr7ZQDntdT","sdf","dfd");
INSERT INTO topology_deviceports VALUES("123","8vATVUlrbDASMXCo9WhLKNcgvtksv1hH","sdf","sdf");
INSERT INTO topology_deviceports VALUES("124","Kd7pO9ugLzWZoMW74dytl9MptyMcLhk7","sdf","dfsdf");
INSERT INTO topology_deviceports VALUES("125","H8hJOl87wG8xNI2PhTaenlLqGTUGyQGa","sdf","dsfsdf");
INSERT INTO topology_deviceports VALUES("126","sVhyo0WiubLFZ2CaxU2Jq3es3JXSsBtO","sdf","sdf");
INSERT INTO topology_deviceports VALUES("126","iAGHHZPRAu8xqQLeTITWPGbWnQXbXmgF","d","d");
INSERT INTO topology_deviceports VALUES("127","ZE1CJ59HkfgqEEexzSairOTCPyrZlAJg","a","a");
INSERT INTO topology_deviceports VALUES("128","pNtk1XT2Tdgs05xo1We2Vu4FtrhiNmDt","sdf","dsf");
INSERT INTO topology_deviceports VALUES("130","RUdAcpkr1xigXrxQdmEOKO5Qt3M2UD1l","sd","sdsd");
INSERT INTO topology_deviceports VALUES("130","lTDM63xeLm73iJGe8A9phtHBy70vE0Q6","asdfasdf","sdfsdf");
INSERT INTO topology_deviceports VALUES("130","V2sdnn4hMX8uRO1QTwCHqZTtwNtRos6n","ss","ss");
INSERT INTO topology_deviceports VALUES("130","so6hzDv6WLyPvZDJ8KZ7zazEAd6JIprZ","ss","dfdf");
INSERT INTO topology_deviceports VALUES("131","DMQh5EhDpURoeWINcM2e83DPrmhAnTxZ","ddd","dddddd");
INSERT INTO topology_deviceports VALUES("131","1y8F6ycHSiTvSG6yFV3FaVxTKX5W3T1k","ss","ss");
INSERT INTO topology_deviceports VALUES("132","Z35sN7hG9pa06MTy3MSan7deq195gdRq","fdg","fdfg");
INSERT INTO topology_deviceports VALUES("133","Kd7pO9ugLzWZoMW74dytl9MptyMcLhk7","sdf","dfsdf");
INSERT INTO topology_deviceports VALUES("134","SwbinCQ2tSZ7POXbNKwMQKpZDmI2q0ah","dfd","df");
INSERT INTO topology_deviceports VALUES("135","CVulbAJpfH3c5Uk20gBlCt27Ba5ds50S","sdf","sdf");
INSERT INTO topology_deviceports VALUES("136","c3kfco8G29mfMOdePyUIhp7TKZGwALku","dfg","fgdfg");
INSERT INTO topology_deviceports VALUES("138","9HeoCkmyzQdcAUvURDWu24GgGs4mrCdv","f","f");
INSERT INTO topology_deviceports VALUES("140","dgSoKTGUtZyhkLZFlLnUPMz4BTbLNVco","dd","dd");
INSERT INTO topology_deviceports VALUES("141","B74Sm4OmX3sUZ9wlifv9pAKIsAydlRqs","gfh","gfh");
INSERT INTO topology_deviceports VALUES("142","WpCtWXefJ6sSbTTNqn5MIbFvHw5mlV8E","d","d");
INSERT INTO topology_deviceports VALUES("143","ciA5JeyJF908HFaw2tATPCwL82khrOsW","rout1pname1","rout1ptype1");
INSERT INTO topology_deviceports VALUES("143","ciA5JeyJF908HFaw2tATPCwL82khrOsW","rout1pname2","rout1ptype2");
INSERT INTO topology_deviceports VALUES("143","GuFsLTyTBtN0sCMqbH7BQpBARzwVnbMb","rout2pname1","rout2ptype1");
INSERT INTO topology_deviceports VALUES("143","GuFsLTyTBtN0sCMqbH7BQpBARzwVnbMb","rout2pname2","rout2ptype2");
INSERT INTO topology_deviceports VALUES("143","3ZTCg3TWIpxTXlGVGExy9BpoLqXgCEnW","rout3pname1","rout3ptype1");
INSERT INTO topology_deviceports VALUES("143","3ZTCg3TWIpxTXlGVGExy9BpoLqXgCEnW","rout3pname2","rout3ptype2");
INSERT INTO topology_deviceports VALUES("144","SwbinCQ2tSZ7POXbNKwMQKpZDmI2q0ah","dfd","df");
INSERT INTO topology_deviceports VALUES("145","iAGHHZPRAu8xqQLeTITWPGbWnQXbXmgF","d","d");
INSERT INTO topology_deviceports VALUES("145","oUmznx1AUPZEP8fBXMy9qTDLPiQHvTZc","sdf","df");
INSERT INTO topology_deviceports VALUES("145","oUmznx1AUPZEP8fBXMy9qTDLPiQHvTZc","sdfe","ffe");
INSERT INTO topology_deviceports VALUES("145","sVhyo0WiubLFZ2CaxU2Jq3es3JXSsBtO","ss","sss");
INSERT INTO topology_deviceports VALUES("146","EktovpkP1XVuyyUzvOtu3mcEyWFbzMgg","a","a");
INSERT INTO topology_deviceports VALUES("147","ZENl8cQSN3gzsbJLu2Fk0q34dcmwfOB4","dfsdfd","fsdfsdfsdf");
INSERT INTO topology_deviceports VALUES("148","sOknOElAxQIMPwsAEZnmZTP4dzyUdADd","asdas","d");
INSERT INTO topology_deviceports VALUES("149","Po41TLSyhsId5zTEEQmtP9OyGhSUDTaV","sdf","sdf");
INSERT INTO topology_deviceports VALUES("150","S7ycmvGrdyFszVrIqNQCXlTUtJC1wNGI","dfg","gf");
INSERT INTO topology_deviceports VALUES("151","SwbinCQ2tSZ7POXbNKwMQKpZDmI2q0ah","dfd","df");
INSERT INTO topology_deviceports VALUES("152","CVulbAJpfH3c5Uk20gBlCt27Ba5ds50S","sdf","sdf");
INSERT INTO topology_deviceports VALUES("154","sVhyo0WiubLFZ2CaxU2Jq3es3JXSsBtO","sdf","sdf");
INSERT INTO topology_deviceports VALUES("154","iAGHHZPRAu8xqQLeTITWPGbWnQXbXmgF","d","d");
INSERT INTO topology_deviceports VALUES("154","lwOZHm3ydHLxX1ddEXARnPPmGepchaXC","gjh","gj");
INSERT INTO topology_deviceports VALUES("155","e26Wt8a72JAw8bNB4UyOtlFUJ64vevko","sd","d");
INSERT INTO topology_deviceports VALUES("155","fx0Oyrw02DLH2NGTA0mBD3gD2TpMfTdQ","ss","ss");
INSERT INTO topology_deviceports VALUES("155","tbtklvJ2Io6X1Tb4DIfaHvVQ22u4I9O5","sd","fd");
INSERT INTO topology_deviceports VALUES("155","zVQcuS7Ft2daTBlOCGz4OgRR3QJzkVQD","fc","fc");
INSERT INTO topology_deviceports VALUES("155","14UAZF5eGUTd5BcCfNpPze1TtbyoFW4P","ss","s");
INSERT INTO topology_deviceports VALUES("155","2Fa5qWBSnHvFHePd80HsoUwyR2UW5Glc","ee","eee");
INSERT INTO topology_deviceports VALUES("155","0MXdZvhXKGuKlbSBQxfeJwsr7ZQDntdT","sdf","dfd");
INSERT INTO topology_deviceports VALUES("156","8vATVUlrbDASMXCo9WhLKNcgvtksv1hH","sdf","sdf");
INSERT INTO topology_deviceports VALUES("157","Kd7pO9ugLzWZoMW74dytl9MptyMcLhk7","sdf","dfsdf");
INSERT INTO topology_deviceports VALUES("158","H8hJOl87wG8xNI2PhTaenlLqGTUGyQGa","sdf","dsfsdf");
INSERT INTO topology_deviceports VALUES("159","sVhyo0WiubLFZ2CaxU2Jq3es3JXSsBtO","sdf","sdf");
INSERT INTO topology_deviceports VALUES("159","iAGHHZPRAu8xqQLeTITWPGbWnQXbXmgF","d","d");
INSERT INTO topology_deviceports VALUES("160","ZE1CJ59HkfgqEEexzSairOTCPyrZlAJg","a","a");
INSERT INTO topology_deviceports VALUES("161","pNtk1XT2Tdgs05xo1We2Vu4FtrhiNmDt","sdf","dsf");
INSERT INTO topology_deviceports VALUES("163","RUdAcpkr1xigXrxQdmEOKO5Qt3M2UD1l","sd","sdsd");
INSERT INTO topology_deviceports VALUES("163","lTDM63xeLm73iJGe8A9phtHBy70vE0Q6","asdfasdf","sdfsdf");
INSERT INTO topology_deviceports VALUES("163","V2sdnn4hMX8uRO1QTwCHqZTtwNtRos6n","ss","ss");
INSERT INTO topology_deviceports VALUES("163","so6hzDv6WLyPvZDJ8KZ7zazEAd6JIprZ","ss","dfdf");
INSERT INTO topology_deviceports VALUES("164","DMQh5EhDpURoeWINcM2e83DPrmhAnTxZ","ddd","dddddd");
INSERT INTO topology_deviceports VALUES("164","1y8F6ycHSiTvSG6yFV3FaVxTKX5W3T1k","ss","ss");
INSERT INTO topology_deviceports VALUES("165","Z35sN7hG9pa06MTy3MSan7deq195gdRq","fdg","fdfg");
INSERT INTO topology_deviceports VALUES("166","Kd7pO9ugLzWZoMW74dytl9MptyMcLhk7","sdf","dfsdf");
INSERT INTO topology_deviceports VALUES("167","SwbinCQ2tSZ7POXbNKwMQKpZDmI2q0ah","dfd","df");
INSERT INTO topology_deviceports VALUES("168","CVulbAJpfH3c5Uk20gBlCt27Ba5ds50S","sdf","sdf");
INSERT INTO topology_deviceports VALUES("169","c3kfco8G29mfMOdePyUIhp7TKZGwALku","dfg","fgdfg");
INSERT INTO topology_deviceports VALUES("171","9HeoCkmyzQdcAUvURDWu24GgGs4mrCdv","f","f");
INSERT INTO topology_deviceports VALUES("173","dgSoKTGUtZyhkLZFlLnUPMz4BTbLNVco","dd","dd");
INSERT INTO topology_deviceports VALUES("174","B74Sm4OmX3sUZ9wlifv9pAKIsAydlRqs","gfh","gfh");
INSERT INTO topology_deviceports VALUES("175","WpCtWXefJ6sSbTTNqn5MIbFvHw5mlV8E","d","d");
INSERT INTO topology_deviceports VALUES("176","ciA5JeyJF908HFaw2tATPCwL82khrOsW","rout1pname1","rout1ptype1");
INSERT INTO topology_deviceports VALUES("176","ciA5JeyJF908HFaw2tATPCwL82khrOsW","rout1pname2","rout1ptype2");
INSERT INTO topology_deviceports VALUES("176","GuFsLTyTBtN0sCMqbH7BQpBARzwVnbMb","rout2pname1","rout2ptype1");
INSERT INTO topology_deviceports VALUES("176","GuFsLTyTBtN0sCMqbH7BQpBARzwVnbMb","rout2pname2","rout2ptype2");
INSERT INTO topology_deviceports VALUES("176","3ZTCg3TWIpxTXlGVGExy9BpoLqXgCEnW","rout3pname1","rout3ptype1");
INSERT INTO topology_deviceports VALUES("176","3ZTCg3TWIpxTXlGVGExy9BpoLqXgCEnW","rout3pname2","rout3ptype2");
INSERT INTO topology_deviceports VALUES("177","SwbinCQ2tSZ7POXbNKwMQKpZDmI2q0ah","dfd","df");
INSERT INTO topology_deviceports VALUES("178","iAGHHZPRAu8xqQLeTITWPGbWnQXbXmgF","d","d");
INSERT INTO topology_deviceports VALUES("178","oUmznx1AUPZEP8fBXMy9qTDLPiQHvTZc","sdf","df");
INSERT INTO topology_deviceports VALUES("178","oUmznx1AUPZEP8fBXMy9qTDLPiQHvTZc","sdfe","ffe");
INSERT INTO topology_deviceports VALUES("178","sVhyo0WiubLFZ2CaxU2Jq3es3JXSsBtO","ss","sss");
INSERT INTO topology_deviceports VALUES("179","EktovpkP1XVuyyUzvOtu3mcEyWFbzMgg","a","a");
INSERT INTO topology_deviceports VALUES("180","ZENl8cQSN3gzsbJLu2Fk0q34dcmwfOB4","dfsdfd","fsdfsdfsdf");
INSERT INTO topology_deviceports VALUES("181","sOknOElAxQIMPwsAEZnmZTP4dzyUdADd","asdas","d");
INSERT INTO topology_deviceports VALUES("182","Po41TLSyhsId5zTEEQmtP9OyGhSUDTaV","sdf","sdf");
INSERT INTO topology_deviceports VALUES("183","S7ycmvGrdyFszVrIqNQCXlTUtJC1wNGI","dfg","gf");
INSERT INTO topology_deviceports VALUES("184","SwbinCQ2tSZ7POXbNKwMQKpZDmI2q0ah","dfd","df");
INSERT INTO topology_deviceports VALUES("185","CVulbAJpfH3c5Uk20gBlCt27Ba5ds50S","sdf","sdf");
INSERT INTO topology_deviceports VALUES("187","sVhyo0WiubLFZ2CaxU2Jq3es3JXSsBtO","sdf","sdf");
INSERT INTO topology_deviceports VALUES("187","iAGHHZPRAu8xqQLeTITWPGbWnQXbXmgF","d","d");
INSERT INTO topology_deviceports VALUES("187","lwOZHm3ydHLxX1ddEXARnPPmGepchaXC","gjh","gj");
INSERT INTO topology_deviceports VALUES("188","e26Wt8a72JAw8bNB4UyOtlFUJ64vevko","sd","d");
INSERT INTO topology_deviceports VALUES("188","fx0Oyrw02DLH2NGTA0mBD3gD2TpMfTdQ","ss","ss");
INSERT INTO topology_deviceports VALUES("188","tbtklvJ2Io6X1Tb4DIfaHvVQ22u4I9O5","sd","fd");
INSERT INTO topology_deviceports VALUES("188","zVQcuS7Ft2daTBlOCGz4OgRR3QJzkVQD","fc","fc");
INSERT INTO topology_deviceports VALUES("188","14UAZF5eGUTd5BcCfNpPze1TtbyoFW4P","ss","s");
INSERT INTO topology_deviceports VALUES("188","2Fa5qWBSnHvFHePd80HsoUwyR2UW5Glc","ee","eee");
INSERT INTO topology_deviceports VALUES("188","0MXdZvhXKGuKlbSBQxfeJwsr7ZQDntdT","sdf","dfd");
INSERT INTO topology_deviceports VALUES("189","8vATVUlrbDASMXCo9WhLKNcgvtksv1hH","sdf","sdf");
INSERT INTO topology_deviceports VALUES("190","Kd7pO9ugLzWZoMW74dytl9MptyMcLhk7","sdf","dfsdf");
INSERT INTO topology_deviceports VALUES("191","H8hJOl87wG8xNI2PhTaenlLqGTUGyQGa","sdf","dsfsdf");
INSERT INTO topology_deviceports VALUES("192","sVhyo0WiubLFZ2CaxU2Jq3es3JXSsBtO","sdf","sdf");
INSERT INTO topology_deviceports VALUES("192","iAGHHZPRAu8xqQLeTITWPGbWnQXbXmgF","d","d");
INSERT INTO topology_deviceports VALUES("193","ZE1CJ59HkfgqEEexzSairOTCPyrZlAJg","a","a");
INSERT INTO topology_deviceports VALUES("194","pNtk1XT2Tdgs05xo1We2Vu4FtrhiNmDt","sdf","dsf");
INSERT INTO topology_deviceports VALUES("196","RUdAcpkr1xigXrxQdmEOKO5Qt3M2UD1l","sd","sdsd");
INSERT INTO topology_deviceports VALUES("196","lTDM63xeLm73iJGe8A9phtHBy70vE0Q6","asdfasdf","sdfsdf");
INSERT INTO topology_deviceports VALUES("196","V2sdnn4hMX8uRO1QTwCHqZTtwNtRos6n","ss","ss");
INSERT INTO topology_deviceports VALUES("196","so6hzDv6WLyPvZDJ8KZ7zazEAd6JIprZ","ss","dfdf");
INSERT INTO topology_deviceports VALUES("197","DMQh5EhDpURoeWINcM2e83DPrmhAnTxZ","ddd","dddddd");
INSERT INTO topology_deviceports VALUES("197","1y8F6ycHSiTvSG6yFV3FaVxTKX5W3T1k","ss","ss");
INSERT INTO topology_deviceports VALUES("198","Z35sN7hG9pa06MTy3MSan7deq195gdRq","fdg","fdfg");
INSERT INTO topology_deviceports VALUES("199","Kd7pO9ugLzWZoMW74dytl9MptyMcLhk7","sdf","dfsdf");
INSERT INTO topology_deviceports VALUES("200","SwbinCQ2tSZ7POXbNKwMQKpZDmI2q0ah","dfd","df");
INSERT INTO topology_deviceports VALUES("201","CVulbAJpfH3c5Uk20gBlCt27Ba5ds50S","sdf","sdf");
INSERT INTO topology_deviceports VALUES("202","c3kfco8G29mfMOdePyUIhp7TKZGwALku","dfg","fgdfg");
INSERT INTO topology_deviceports VALUES("204","9HeoCkmyzQdcAUvURDWu24GgGs4mrCdv","f","f");
INSERT INTO topology_deviceports VALUES("206","dgSoKTGUtZyhkLZFlLnUPMz4BTbLNVco","dd","dd");
INSERT INTO topology_deviceports VALUES("207","B74Sm4OmX3sUZ9wlifv9pAKIsAydlRqs","gfh","gfh");
INSERT INTO topology_deviceports VALUES("208","WpCtWXefJ6sSbTTNqn5MIbFvHw5mlV8E","d","d");
INSERT INTO topology_deviceports VALUES("209","ciA5JeyJF908HFaw2tATPCwL82khrOsW","rout1pname1","rout1ptype1");
INSERT INTO topology_deviceports VALUES("209","ciA5JeyJF908HFaw2tATPCwL82khrOsW","rout1pname2","rout1ptype2");
INSERT INTO topology_deviceports VALUES("209","GuFsLTyTBtN0sCMqbH7BQpBARzwVnbMb","rout2pname1","rout2ptype1");
INSERT INTO topology_deviceports VALUES("209","GuFsLTyTBtN0sCMqbH7BQpBARzwVnbMb","rout2pname2","rout2ptype2");
INSERT INTO topology_deviceports VALUES("209","3ZTCg3TWIpxTXlGVGExy9BpoLqXgCEnW","rout3pname1","rout3ptype1");
INSERT INTO topology_deviceports VALUES("209","3ZTCg3TWIpxTXlGVGExy9BpoLqXgCEnW","rout3pname2","rout3ptype2");
INSERT INTO topology_deviceports VALUES("210","SwbinCQ2tSZ7POXbNKwMQKpZDmI2q0ah","dfd","df");
INSERT INTO topology_deviceports VALUES("211","iAGHHZPRAu8xqQLeTITWPGbWnQXbXmgF","d","d");
INSERT INTO topology_deviceports VALUES("211","oUmznx1AUPZEP8fBXMy9qTDLPiQHvTZc","sdf","df");
INSERT INTO topology_deviceports VALUES("211","oUmznx1AUPZEP8fBXMy9qTDLPiQHvTZc","sdfe","ffe");
INSERT INTO topology_deviceports VALUES("211","sVhyo0WiubLFZ2CaxU2Jq3es3JXSsBtO","ss","sss");
INSERT INTO topology_deviceports VALUES("212","EktovpkP1XVuyyUzvOtu3mcEyWFbzMgg","a","a");
INSERT INTO topology_deviceports VALUES("213","ZENl8cQSN3gzsbJLu2Fk0q34dcmwfOB4","dfsdfd","fsdfsdfsdf");
INSERT INTO topology_deviceports VALUES("214","sOknOElAxQIMPwsAEZnmZTP4dzyUdADd","asdas","d");
INSERT INTO topology_deviceports VALUES("215","Po41TLSyhsId5zTEEQmtP9OyGhSUDTaV","sdf","sdf");
INSERT INTO topology_deviceports VALUES("216","S7ycmvGrdyFszVrIqNQCXlTUtJC1wNGI","dfg","gf");
INSERT INTO topology_deviceports VALUES("217","SwbinCQ2tSZ7POXbNKwMQKpZDmI2q0ah","dfd","df");
INSERT INTO topology_deviceports VALUES("218","CVulbAJpfH3c5Uk20gBlCt27Ba5ds50S","sdf","sdf");
INSERT INTO topology_deviceports VALUES("220","sVhyo0WiubLFZ2CaxU2Jq3es3JXSsBtO","sdf","sdf");
INSERT INTO topology_deviceports VALUES("220","iAGHHZPRAu8xqQLeTITWPGbWnQXbXmgF","d","d");
INSERT INTO topology_deviceports VALUES("220","lwOZHm3ydHLxX1ddEXARnPPmGepchaXC","gjh","gj");
INSERT INTO topology_deviceports VALUES("221","e26Wt8a72JAw8bNB4UyOtlFUJ64vevko","sd","d");
INSERT INTO topology_deviceports VALUES("221","fx0Oyrw02DLH2NGTA0mBD3gD2TpMfTdQ","ss","ss");
INSERT INTO topology_deviceports VALUES("221","tbtklvJ2Io6X1Tb4DIfaHvVQ22u4I9O5","sd","fd");
INSERT INTO topology_deviceports VALUES("221","zVQcuS7Ft2daTBlOCGz4OgRR3QJzkVQD","fc","fc");
INSERT INTO topology_deviceports VALUES("221","14UAZF5eGUTd5BcCfNpPze1TtbyoFW4P","ss","s");
INSERT INTO topology_deviceports VALUES("221","2Fa5qWBSnHvFHePd80HsoUwyR2UW5Glc","ee","eee");
INSERT INTO topology_deviceports VALUES("221","0MXdZvhXKGuKlbSBQxfeJwsr7ZQDntdT","sdf","dfd");
INSERT INTO topology_deviceports VALUES("222","8vATVUlrbDASMXCo9WhLKNcgvtksv1hH","sdf","sdf");
INSERT INTO topology_deviceports VALUES("223","Kd7pO9ugLzWZoMW74dytl9MptyMcLhk7","sdf","dfsdf");
INSERT INTO topology_deviceports VALUES("224","H8hJOl87wG8xNI2PhTaenlLqGTUGyQGa","sdf","dsfsdf");
INSERT INTO topology_deviceports VALUES("225","sVhyo0WiubLFZ2CaxU2Jq3es3JXSsBtO","sdf","sdf");
INSERT INTO topology_deviceports VALUES("225","iAGHHZPRAu8xqQLeTITWPGbWnQXbXmgF","d","d");
INSERT INTO topology_deviceports VALUES("226","ZE1CJ59HkfgqEEexzSairOTCPyrZlAJg","a","a");
INSERT INTO topology_deviceports VALUES("227","pNtk1XT2Tdgs05xo1We2Vu4FtrhiNmDt","sdf","dsf");
INSERT INTO topology_deviceports VALUES("229","RUdAcpkr1xigXrxQdmEOKO5Qt3M2UD1l","sd","sdsd");
INSERT INTO topology_deviceports VALUES("229","lTDM63xeLm73iJGe8A9phtHBy70vE0Q6","asdfasdf","sdfsdf");
INSERT INTO topology_deviceports VALUES("229","V2sdnn4hMX8uRO1QTwCHqZTtwNtRos6n","ss","ss");
INSERT INTO topology_deviceports VALUES("229","so6hzDv6WLyPvZDJ8KZ7zazEAd6JIprZ","ss","dfdf");
INSERT INTO topology_deviceports VALUES("230","DMQh5EhDpURoeWINcM2e83DPrmhAnTxZ","ddd","dddddd");
INSERT INTO topology_deviceports VALUES("230","1y8F6ycHSiTvSG6yFV3FaVxTKX5W3T1k","ss","ss");
INSERT INTO topology_deviceports VALUES("231","Z35sN7hG9pa06MTy3MSan7deq195gdRq","fdg","fdfg");
INSERT INTO topology_deviceports VALUES("232","Kd7pO9ugLzWZoMW74dytl9MptyMcLhk7","sdf","dfsdf");
INSERT INTO topology_deviceports VALUES("233","SwbinCQ2tSZ7POXbNKwMQKpZDmI2q0ah","dfd","df");
INSERT INTO topology_deviceports VALUES("234","CVulbAJpfH3c5Uk20gBlCt27Ba5ds50S","sdf","sdf");
INSERT INTO topology_deviceports VALUES("235","c3kfco8G29mfMOdePyUIhp7TKZGwALku","dfg","fgdfg");
INSERT INTO topology_deviceports VALUES("237","9HeoCkmyzQdcAUvURDWu24GgGs4mrCdv","f","f");
INSERT INTO topology_deviceports VALUES("239","dgSoKTGUtZyhkLZFlLnUPMz4BTbLNVco","dd","dd");
INSERT INTO topology_deviceports VALUES("240","B74Sm4OmX3sUZ9wlifv9pAKIsAydlRqs","gfh","gfh");
INSERT INTO topology_deviceports VALUES("241","WpCtWXefJ6sSbTTNqn5MIbFvHw5mlV8E","d","d");
INSERT INTO topology_deviceports VALUES("242","ciA5JeyJF908HFaw2tATPCwL82khrOsW","rout1pname1","rout1ptype1");
INSERT INTO topology_deviceports VALUES("242","ciA5JeyJF908HFaw2tATPCwL82khrOsW","rout1pname2","rout1ptype2");
INSERT INTO topology_deviceports VALUES("242","GuFsLTyTBtN0sCMqbH7BQpBARzwVnbMb","rout2pname1","rout2ptype1");
INSERT INTO topology_deviceports VALUES("242","GuFsLTyTBtN0sCMqbH7BQpBARzwVnbMb","rout2pname2","rout2ptype2");
INSERT INTO topology_deviceports VALUES("242","3ZTCg3TWIpxTXlGVGExy9BpoLqXgCEnW","rout3pname1","rout3ptype1");
INSERT INTO topology_deviceports VALUES("242","3ZTCg3TWIpxTXlGVGExy9BpoLqXgCEnW","rout3pname2","rout3ptype2");
INSERT INTO topology_deviceports VALUES("243","SwbinCQ2tSZ7POXbNKwMQKpZDmI2q0ah","dfd","df");
INSERT INTO topology_deviceports VALUES("244","iAGHHZPRAu8xqQLeTITWPGbWnQXbXmgF","d","d");
INSERT INTO topology_deviceports VALUES("244","oUmznx1AUPZEP8fBXMy9qTDLPiQHvTZc","sdf","df");
INSERT INTO topology_deviceports VALUES("244","oUmznx1AUPZEP8fBXMy9qTDLPiQHvTZc","sdfe","ffe");
INSERT INTO topology_deviceports VALUES("244","sVhyo0WiubLFZ2CaxU2Jq3es3JXSsBtO","ss","sss");
INSERT INTO topology_deviceports VALUES("245","EktovpkP1XVuyyUzvOtu3mcEyWFbzMgg","a","a");
INSERT INTO topology_deviceports VALUES("246","ZENl8cQSN3gzsbJLu2Fk0q34dcmwfOB4","dfsdfd","fsdfsdfsdf");
INSERT INTO topology_deviceports VALUES("247","sOknOElAxQIMPwsAEZnmZTP4dzyUdADd","asdas","d");
INSERT INTO topology_deviceports VALUES("248","Po41TLSyhsId5zTEEQmtP9OyGhSUDTaV","sdf","sdf");
INSERT INTO topology_deviceports VALUES("249","S7ycmvGrdyFszVrIqNQCXlTUtJC1wNGI","dfg","gf");
INSERT INTO topology_deviceports VALUES("250","SwbinCQ2tSZ7POXbNKwMQKpZDmI2q0ah","dfd","df");
INSERT INTO topology_deviceports VALUES("251","CVulbAJpfH3c5Uk20gBlCt27Ba5ds50S","sdf","sdf");
INSERT INTO topology_deviceports VALUES("253","sVhyo0WiubLFZ2CaxU2Jq3es3JXSsBtO","sdf","sdf");
INSERT INTO topology_deviceports VALUES("253","iAGHHZPRAu8xqQLeTITWPGbWnQXbXmgF","d","d");
INSERT INTO topology_deviceports VALUES("253","lwOZHm3ydHLxX1ddEXARnPPmGepchaXC","gjh","gj");
INSERT INTO topology_deviceports VALUES("254","e26Wt8a72JAw8bNB4UyOtlFUJ64vevko","sd","d");
INSERT INTO topology_deviceports VALUES("254","fx0Oyrw02DLH2NGTA0mBD3gD2TpMfTdQ","ss","ss");
INSERT INTO topology_deviceports VALUES("254","tbtklvJ2Io6X1Tb4DIfaHvVQ22u4I9O5","sd","fd");
INSERT INTO topology_deviceports VALUES("254","zVQcuS7Ft2daTBlOCGz4OgRR3QJzkVQD","fc","fc");
INSERT INTO topology_deviceports VALUES("254","14UAZF5eGUTd5BcCfNpPze1TtbyoFW4P","ss","s");
INSERT INTO topology_deviceports VALUES("254","2Fa5qWBSnHvFHePd80HsoUwyR2UW5Glc","ee","eee");
INSERT INTO topology_deviceports VALUES("254","0MXdZvhXKGuKlbSBQxfeJwsr7ZQDntdT","sdf","dfd");
INSERT INTO topology_deviceports VALUES("255","8vATVUlrbDASMXCo9WhLKNcgvtksv1hH","sdf","sdf");
INSERT INTO topology_deviceports VALUES("256","Kd7pO9ugLzWZoMW74dytl9MptyMcLhk7","sdf","dfsdf");
INSERT INTO topology_deviceports VALUES("257","H8hJOl87wG8xNI2PhTaenlLqGTUGyQGa","sdf","dsfsdf");
INSERT INTO topology_deviceports VALUES("258","sVhyo0WiubLFZ2CaxU2Jq3es3JXSsBtO","sdf","sdf");
INSERT INTO topology_deviceports VALUES("258","iAGHHZPRAu8xqQLeTITWPGbWnQXbXmgF","d","d");
INSERT INTO topology_deviceports VALUES("259","ZE1CJ59HkfgqEEexzSairOTCPyrZlAJg","a","a");
INSERT INTO topology_deviceports VALUES("260","pNtk1XT2Tdgs05xo1We2Vu4FtrhiNmDt","sdf","dsf");
INSERT INTO topology_deviceports VALUES("262","RUdAcpkr1xigXrxQdmEOKO5Qt3M2UD1l","sd","sdsd");
INSERT INTO topology_deviceports VALUES("262","lTDM63xeLm73iJGe8A9phtHBy70vE0Q6","asdfasdf","sdfsdf");
INSERT INTO topology_deviceports VALUES("262","V2sdnn4hMX8uRO1QTwCHqZTtwNtRos6n","ss","ss");
INSERT INTO topology_deviceports VALUES("262","so6hzDv6WLyPvZDJ8KZ7zazEAd6JIprZ","ss","dfdf");
INSERT INTO topology_deviceports VALUES("263","DMQh5EhDpURoeWINcM2e83DPrmhAnTxZ","ddd","dddddd");
INSERT INTO topology_deviceports VALUES("263","1y8F6ycHSiTvSG6yFV3FaVxTKX5W3T1k","ss","ss");
INSERT INTO topology_deviceports VALUES("264","Z35sN7hG9pa06MTy3MSan7deq195gdRq","fdg","fdfg");
INSERT INTO topology_deviceports VALUES("265","dzQuQtECZnwuQ0xDi3OEXluxmBFit771","sd","sdsd");
INSERT INTO topology_deviceports VALUES("266","Kd7pO9ugLzWZoMW74dytl9MptyMcLhk7","sdf","dfsdf");
INSERT INTO topology_deviceports VALUES("267","SwbinCQ2tSZ7POXbNKwMQKpZDmI2q0ah","dfd","df");
INSERT INTO topology_deviceports VALUES("268","c3kfco8G29mfMOdePyUIhp7TKZGwALku","dfg","fgdfg");
INSERT INTO topology_deviceports VALUES("269","7f0pInDERdHbOG08i4UaRueqDUR0UKZF","fg","gf");
INSERT INTO topology_deviceports VALUES("270","sOknOElAxQIMPwsAEZnmZTP4dzyUdADd","asdas","d");
INSERT INTO topology_deviceports VALUES("271","CVulbAJpfH3c5Uk20gBlCt27Ba5ds50S","sdf","sdf");
INSERT INTO topology_deviceports VALUES("272","c3kfco8G29mfMOdePyUIhp7TKZGwALku","dfg","fgdfg");
INSERT INTO topology_deviceports VALUES("274","KF2cw8aQtC1dutGOf43LbzxzS0GxmeFk","gh","hgf");
INSERT INTO topology_deviceports VALUES("275","SwbinCQ2tSZ7POXbNKwMQKpZDmI2q0ah","dfd","df");
INSERT INTO topology_deviceports VALUES("276","9HeoCkmyzQdcAUvURDWu24GgGs4mrCdv","f","f");
INSERT INTO topology_deviceports VALUES("277","ECegVHdFoMARhkkAq0Tp1hMPuRWtZ05S","sdf","fdfsdf");
INSERT INTO topology_deviceports VALUES("280","dgSoKTGUtZyhkLZFlLnUPMz4BTbLNVco","dd","dd");
INSERT INTO topology_deviceports VALUES("281","sOknOElAxQIMPwsAEZnmZTP4dzyUdADd","asdas","d");
INSERT INTO topology_deviceports VALUES("282","B74Sm4OmX3sUZ9wlifv9pAKIsAydlRqs","gfh","gfh");
INSERT INTO topology_deviceports VALUES("283","WpCtWXefJ6sSbTTNqn5MIbFvHw5mlV8E","d","d");
INSERT INTO topology_deviceports VALUES("284","ciA5JeyJF908HFaw2tATPCwL82khrOsW","rout1pname1","rout1ptype1");
INSERT INTO topology_deviceports VALUES("284","ciA5JeyJF908HFaw2tATPCwL82khrOsW","rout1pname2","rout1ptype2");
INSERT INTO topology_deviceports VALUES("284","GuFsLTyTBtN0sCMqbH7BQpBARzwVnbMb","rout2pname1","rout2ptype1");
INSERT INTO topology_deviceports VALUES("284","GuFsLTyTBtN0sCMqbH7BQpBARzwVnbMb","rout2pname2","rout2ptype2");
INSERT INTO topology_deviceports VALUES("284","3ZTCg3TWIpxTXlGVGExy9BpoLqXgCEnW","rout3pname1","rout3ptype1");
INSERT INTO topology_deviceports VALUES("284","3ZTCg3TWIpxTXlGVGExy9BpoLqXgCEnW","rout3pname2","rout3ptype2");
INSERT INTO topology_deviceports VALUES("285","SwbinCQ2tSZ7POXbNKwMQKpZDmI2q0ah","dfd","df");
INSERT INTO topology_deviceports VALUES("286","iAGHHZPRAu8xqQLeTITWPGbWnQXbXmgF","d","d");
INSERT INTO topology_deviceports VALUES("286","oUmznx1AUPZEP8fBXMy9qTDLPiQHvTZc","sdf","df");
INSERT INTO topology_deviceports VALUES("286","oUmznx1AUPZEP8fBXMy9qTDLPiQHvTZc","sdfe","ffe");
INSERT INTO topology_deviceports VALUES("286","sVhyo0WiubLFZ2CaxU2Jq3es3JXSsBtO","ss","sss");
INSERT INTO topology_deviceports VALUES("287","EktovpkP1XVuyyUzvOtu3mcEyWFbzMgg","a","a");
INSERT INTO topology_deviceports VALUES("288","ZHqrz9nTrTTwbl566e7kcvfiH2ETt6lg","dfg","dfg");
INSERT INTO topology_deviceports VALUES("289","ZENl8cQSN3gzsbJLu2Fk0q34dcmwfOB4","dfsdfd","fsdfsdfsdf");
INSERT INTO topology_deviceports VALUES("290","sOknOElAxQIMPwsAEZnmZTP4dzyUdADd","asdas","d");
INSERT INTO topology_deviceports VALUES("291","Po41TLSyhsId5zTEEQmtP9OyGhSUDTaV","sdf","sdf");
INSERT INTO topology_deviceports VALUES("292","S7ycmvGrdyFszVrIqNQCXlTUtJC1wNGI","dfg","gf");
INSERT INTO topology_deviceports VALUES("293","SwbinCQ2tSZ7POXbNKwMQKpZDmI2q0ah","dfd","df");
INSERT INTO topology_deviceports VALUES("294","CVulbAJpfH3c5Uk20gBlCt27Ba5ds50S","sdf","sdf");
INSERT INTO topology_deviceports VALUES("296","sVhyo0WiubLFZ2CaxU2Jq3es3JXSsBtO","sdf","sdf");
INSERT INTO topology_deviceports VALUES("296","iAGHHZPRAu8xqQLeTITWPGbWnQXbXmgF","d","d");
INSERT INTO topology_deviceports VALUES("296","lwOZHm3ydHLxX1ddEXARnPPmGepchaXC","gjh","gj");
INSERT INTO topology_deviceports VALUES("297","dgSoKTGUtZyhkLZFlLnUPMz4BTbLNVco","dd","dd");
INSERT INTO topology_deviceports VALUES("298","e26Wt8a72JAw8bNB4UyOtlFUJ64vevko","sd","d");
INSERT INTO topology_deviceports VALUES("298","fx0Oyrw02DLH2NGTA0mBD3gD2TpMfTdQ","ss","ss");
INSERT INTO topology_deviceports VALUES("298","tbtklvJ2Io6X1Tb4DIfaHvVQ22u4I9O5","sd","fd");
INSERT INTO topology_deviceports VALUES("298","zVQcuS7Ft2daTBlOCGz4OgRR3QJzkVQD","fc","fc");
INSERT INTO topology_deviceports VALUES("298","14UAZF5eGUTd5BcCfNpPze1TtbyoFW4P","ss","s");
INSERT INTO topology_deviceports VALUES("298","2Fa5qWBSnHvFHePd80HsoUwyR2UW5Glc","ee","eee");
INSERT INTO topology_deviceports VALUES("298","0MXdZvhXKGuKlbSBQxfeJwsr7ZQDntdT","sdf","dfd");
INSERT INTO topology_deviceports VALUES("299","8vATVUlrbDASMXCo9WhLKNcgvtksv1hH","sdf","sdf");
INSERT INTO topology_deviceports VALUES("300","sOknOElAxQIMPwsAEZnmZTP4dzyUdADd","asdas","d");
INSERT INTO topology_deviceports VALUES("301","Kd7pO9ugLzWZoMW74dytl9MptyMcLhk7","sdf","dfsdf");
INSERT INTO topology_deviceports VALUES("302","H8hJOl87wG8xNI2PhTaenlLqGTUGyQGa","sdf","dsfsdf");
INSERT INTO topology_deviceports VALUES("303","sVhyo0WiubLFZ2CaxU2Jq3es3JXSsBtO","sdf","sdf");
INSERT INTO topology_deviceports VALUES("303","iAGHHZPRAu8xqQLeTITWPGbWnQXbXmgF","d","d");
INSERT INTO topology_deviceports VALUES("304","ZE1CJ59HkfgqEEexzSairOTCPyrZlAJg","a","a");
INSERT INTO topology_deviceports VALUES("305","v7eZOw7IgKNaRuNfLrLUaJ1S2HSM1y2B","sdfd","sdff");
INSERT INTO topology_deviceports VALUES("306","pNtk1XT2Tdgs05xo1We2Vu4FtrhiNmDt","sdf","dsf");
INSERT INTO topology_deviceports VALUES("308","RUdAcpkr1xigXrxQdmEOKO5Qt3M2UD1l","sd","sdsd");
INSERT INTO topology_deviceports VALUES("308","lTDM63xeLm73iJGe8A9phtHBy70vE0Q6","asdfasdf","sdfsdf");
INSERT INTO topology_deviceports VALUES("308","V2sdnn4hMX8uRO1QTwCHqZTtwNtRos6n","ss","ss");
INSERT INTO topology_deviceports VALUES("308","so6hzDv6WLyPvZDJ8KZ7zazEAd6JIprZ","ss","dfdf");
INSERT INTO topology_deviceports VALUES("309","c3kfco8G29mfMOdePyUIhp7TKZGwALku","dfg","fgdfg");
INSERT INTO topology_deviceports VALUES("310","DMQh5EhDpURoeWINcM2e83DPrmhAnTxZ","ddd","dddddd");
INSERT INTO topology_deviceports VALUES("310","1y8F6ycHSiTvSG6yFV3FaVxTKX5W3T1k","ss","ss");
INSERT INTO topology_deviceports VALUES("311","Z35sN7hG9pa06MTy3MSan7deq195gdRq","fdg","fdfg");



CREATE TABLE `topology_devices` (
  `topologyid` int(11) NOT NULL,
  `deviceid` varchar(32) default NULL,
  `devicename` varchar(45) default NULL,
  `devicetypeid` int(11) default NULL,
  `devxposition` varchar(10) default NULL,
  `devyposition` varchar(10) default NULL,
  `devclicmds` longtext
) ENGINE=MyISAM DEFAULT CHARSET=latin1;

INSERT INTO topology_devices VALUES("1","Kd7pO9ugLzWZoMW74dytl9MptyMcLhk7","dfsd","1","256","111","");
INSERT INTO topology_devices VALUES("2","SwbinCQ2tSZ7POXbNKwMQKpZDmI2q0ah","zxcdd11111111111111111118833333333","1","292","172","");
INSERT INTO topology_devices VALUES("3","CVulbAJpfH3c5Uk20gBlCt27Ba5ds50S","sdfsdf","1","291","134","");
INSERT INTO topology_devices VALUES("4","c3kfco8G29mfMOdePyUIhp7TKZGwALku","fgfg","1","249","136","");
INSERT INTO topology_devices VALUES("6","9HeoCkmyzQdcAUvURDWu24GgGs4mrCdv","ff","1","341","118","");
INSERT INTO topology_devices VALUES("8","dgSoKTGUtZyhkLZFlLnUPMz4BTbLNVco","router123","1","377","200","");
INSERT INTO topology_devices VALUES("9","B74Sm4OmX3sUZ9wlifv9pAKIsAydlRqs","tgghgfh","1","363","119","");
INSERT INTO topology_devices VALUES("10","WpCtWXefJ6sSbTTNqn5MIbFvHw5mlV8E","dfg","1","438","134","");
INSERT INTO topology_devices VALUES("11","ciA5JeyJF908HFaw2tATPCwL82khrOsW","rout1","1","227","122","");
INSERT INTO topology_devices VALUES("11","GuFsLTyTBtN0sCMqbH7BQpBARzwVnbMb","rout2","1","552","127","");
INSERT INTO topology_devices VALUES("11","3ZTCg3TWIpxTXlGVGExy9BpoLqXgCEnW","rout3","1","388","281","");
INSERT INTO topology_devices VALUES("12","SwbinCQ2tSZ7POXbNKwMQKpZDmI2q0ah","zxcdd111111111ccc1","1","415","179","");
INSERT INTO topology_devices VALUES("13","sVhyo0WiubLFZ2CaxU2Jq3es3JXSsBtO","rout","1","526","139","");
INSERT INTO topology_devices VALUES("13","oUmznx1AUPZEP8fBXMy9qTDLPiQHvTZc","sdfss","6","209","209","");
INSERT INTO topology_devices VALUES("13","iAGHHZPRAu8xqQLeTITWPGbWnQXbXmgF","sdsdd","1","677","309","");
INSERT INTO topology_devices VALUES("14","EktovpkP1XVuyyUzvOtu3mcEyWFbzMgg","aa","1","313","108","");
INSERT INTO topology_devices VALUES("15","ZENl8cQSN3gzsbJLu2Fk0q34dcmwfOB4","dfdfsdf","1","234","149","");
INSERT INTO topology_devices VALUES("16","sOknOElAxQIMPwsAEZnmZTP4dzyUdADd","asd","1","266","116","");
INSERT INTO topology_devices VALUES("17","Po41TLSyhsId5zTEEQmtP9OyGhSUDTaV","dfdf","1","325","132","");
INSERT INTO topology_devices VALUES("18","S7ycmvGrdyFszVrIqNQCXlTUtJC1wNGI","dddf","1","237","127","");
INSERT INTO topology_devices VALUES("19","SwbinCQ2tSZ7POXbNKwMQKpZDmI2q0ah","zxcdd","1","291","171","");
INSERT INTO topology_devices VALUES("20","CVulbAJpfH3c5Uk20gBlCt27Ba5ds50S","sdfsdf","1","291","134","");
INSERT INTO topology_devices VALUES("22","sVhyo0WiubLFZ2CaxU2Jq3es3JXSsBtO","routdfsdf","1","235","380","");
INSERT INTO topology_devices VALUES("22","iAGHHZPRAu8xqQLeTITWPGbWnQXbXmgF","sdsdd","1","152","203","");
INSERT INTO topology_devices VALUES("22","lwOZHm3ydHLxX1ddEXARnPPmGepchaXC","kjk","6","187","279","");
INSERT INTO topology_devices VALUES("23","e26Wt8a72JAw8bNB4UyOtlFUJ64vevko","ab ","1","68","198","");
INSERT INTO topology_devices VALUES("23","fx0Oyrw02DLH2NGTA0mBD3gD2TpMfTdQ","aa","6","202","204","");
INSERT INTO topology_devices VALUES("23","tbtklvJ2Io6X1Tb4DIfaHvVQ22u4I9O5","abcd","5","342","205","");
INSERT INTO topology_devices VALUES("23","zVQcuS7Ft2daTBlOCGz4OgRR3QJzkVQD","aacc","2","486","218","");
INSERT INTO topology_devices VALUES("23","14UAZF5eGUTd5BcCfNpPze1TtbyoFW4P","ss","3","621","215","");
INSERT INTO topology_devices VALUES("23","2Fa5qWBSnHvFHePd80HsoUwyR2UW5Glc","ee","4","756","213","");
INSERT INTO topology_devices VALUES("23","0MXdZvhXKGuKlbSBQxfeJwsr7ZQDntdT","aac","8","891","211","");
INSERT INTO topology_devices VALUES("24","8vATVUlrbDASMXCo9WhLKNcgvtksv1hH","sdfs","1","366","91","");
INSERT INTO topology_devices VALUES("25","Kd7pO9ugLzWZoMW74dytl9MptyMcLhk7","dfsd","1","256","111","");
INSERT INTO topology_devices VALUES("26","H8hJOl87wG8xNI2PhTaenlLqGTUGyQGa","sdfsdf","1","195","125","");
INSERT INTO topology_devices VALUES("27","sVhyo0WiubLFZ2CaxU2Jq3es3JXSsBtO","rout","1","677","61","");
INSERT INTO topology_devices VALUES("27","iAGHHZPRAu8xqQLeTITWPGbWnQXbXmgF","sdsdd","1","660","369","");
INSERT INTO topology_devices VALUES("28","ZE1CJ59HkfgqEEexzSairOTCPyrZlAJg","a","1","181","111","");
INSERT INTO topology_devices VALUES("29","pNtk1XT2Tdgs05xo1We2Vu4FtrhiNmDt","sdfsdfsdf","1","436","98","");
INSERT INTO topology_devices VALUES("31","V2sdnn4hMX8uRO1QTwCHqZTtwNtRos6n","ss","11","135","176","");
INSERT INTO topology_devices VALUES("31","lTDM63xeLm73iJGe8A9phtHBy70vE0Q6","sdasda","8","310","244","");
INSERT INTO topology_devices VALUES("31","RUdAcpkr1xigXrxQdmEOKO5Qt3M2UD1l","sdsd","1","296","127","");
INSERT INTO topology_devices VALUES("32","DMQh5EhDpURoeWINcM2e83DPrmhAnTxZ","ddd","1","351","140","");
INSERT INTO topology_devices VALUES("32","1y8F6ycHSiTvSG6yFV3FaVxTKX5W3T1k","sss","1","252","123","");
INSERT INTO topology_devices VALUES("33","Z35sN7hG9pa06MTy3MSan7deq195gdRq","testr","1","462","182","");
INSERT INTO topology_devices VALUES("33","hdu1HxW1r6fpJkM1hm0aFJhIZVeUW0oS","","0","324","271","");
INSERT INTO topology_devices VALUES("31","so6hzDv6WLyPvZDJ8KZ7zazEAd6JIprZ","sdfdsaa","13","448","178","");
INSERT INTO topology_devices VALUES("34","Kd7pO9ugLzWZoMW74dytl9MptyMcLhk7","dfsd","1","256","111","");
INSERT INTO topology_devices VALUES("35","SwbinCQ2tSZ7POXbNKwMQKpZDmI2q0ah","zxcdd11111111111111111118833333333","1","292","172","");
INSERT INTO topology_devices VALUES("36","CVulbAJpfH3c5Uk20gBlCt27Ba5ds50S","sdfsdf","1","291","134","");
INSERT INTO topology_devices VALUES("37","c3kfco8G29mfMOdePyUIhp7TKZGwALku","fgfg","1","249","136","");
INSERT INTO topology_devices VALUES("39","9HeoCkmyzQdcAUvURDWu24GgGs4mrCdv","ff","1","341","118","");
INSERT INTO topology_devices VALUES("41","dgSoKTGUtZyhkLZFlLnUPMz4BTbLNVco","router123","1","377","200","");
INSERT INTO topology_devices VALUES("42","B74Sm4OmX3sUZ9wlifv9pAKIsAydlRqs","tgghgfh","1","363","119","");
INSERT INTO topology_devices VALUES("43","WpCtWXefJ6sSbTTNqn5MIbFvHw5mlV8E","dfg","1","438","134","");
INSERT INTO topology_devices VALUES("44","ciA5JeyJF908HFaw2tATPCwL82khrOsW","rout1","1","227","122","");
INSERT INTO topology_devices VALUES("44","GuFsLTyTBtN0sCMqbH7BQpBARzwVnbMb","rout2","1","552","127","");
INSERT INTO topology_devices VALUES("44","3ZTCg3TWIpxTXlGVGExy9BpoLqXgCEnW","rout3","1","388","281","");
INSERT INTO topology_devices VALUES("45","SwbinCQ2tSZ7POXbNKwMQKpZDmI2q0ah","zxcdd111111111ccc1","1","415","179","");
INSERT INTO topology_devices VALUES("46","iAGHHZPRAu8xqQLeTITWPGbWnQXbXmgF","sdsdd","1","677","309","");
INSERT INTO topology_devices VALUES("46","oUmznx1AUPZEP8fBXMy9qTDLPiQHvTZc","sdfss","6","209","209","");
INSERT INTO topology_devices VALUES("46","sVhyo0WiubLFZ2CaxU2Jq3es3JXSsBtO","rout","1","526","139","");
INSERT INTO topology_devices VALUES("47","EktovpkP1XVuyyUzvOtu3mcEyWFbzMgg","aa","1","313","108","");
INSERT INTO topology_devices VALUES("48","ZENl8cQSN3gzsbJLu2Fk0q34dcmwfOB4","dfdfsdf","1","234","149","");
INSERT INTO topology_devices VALUES("49","sOknOElAxQIMPwsAEZnmZTP4dzyUdADd","asd","1","266","116","");
INSERT INTO topology_devices VALUES("50","Po41TLSyhsId5zTEEQmtP9OyGhSUDTaV","dfdf","1","325","132","");
INSERT INTO topology_devices VALUES("51","S7ycmvGrdyFszVrIqNQCXlTUtJC1wNGI","dddf","1","237","127","");
INSERT INTO topology_devices VALUES("52","SwbinCQ2tSZ7POXbNKwMQKpZDmI2q0ah","zxcdd","1","291","171","");
INSERT INTO topology_devices VALUES("53","CVulbAJpfH3c5Uk20gBlCt27Ba5ds50S","sdfsdf","1","291","134","");
INSERT INTO topology_devices VALUES("55","sVhyo0WiubLFZ2CaxU2Jq3es3JXSsBtO","routdfsdf","1","235","380","");
INSERT INTO topology_devices VALUES("55","iAGHHZPRAu8xqQLeTITWPGbWnQXbXmgF","sdsdd","1","152","203","");
INSERT INTO topology_devices VALUES("55","lwOZHm3ydHLxX1ddEXARnPPmGepchaXC","kjk","6","187","279","");
INSERT INTO topology_devices VALUES("56","e26Wt8a72JAw8bNB4UyOtlFUJ64vevko","ab ","1","68","198","");
INSERT INTO topology_devices VALUES("56","fx0Oyrw02DLH2NGTA0mBD3gD2TpMfTdQ","aa","6","202","204","");
INSERT INTO topology_devices VALUES("56","tbtklvJ2Io6X1Tb4DIfaHvVQ22u4I9O5","abcd","5","342","205","");
INSERT INTO topology_devices VALUES("56","zVQcuS7Ft2daTBlOCGz4OgRR3QJzkVQD","aacc","2","486","218","");
INSERT INTO topology_devices VALUES("56","14UAZF5eGUTd5BcCfNpPze1TtbyoFW4P","ss","3","621","215","");
INSERT INTO topology_devices VALUES("56","2Fa5qWBSnHvFHePd80HsoUwyR2UW5Glc","ee","4","756","213","");
INSERT INTO topology_devices VALUES("56","0MXdZvhXKGuKlbSBQxfeJwsr7ZQDntdT","aac","8","891","211","");
INSERT INTO topology_devices VALUES("57","8vATVUlrbDASMXCo9WhLKNcgvtksv1hH","sdfs","1","366","91","");
INSERT INTO topology_devices VALUES("58","Kd7pO9ugLzWZoMW74dytl9MptyMcLhk7","dfsd","1","256","111","");
INSERT INTO topology_devices VALUES("59","H8hJOl87wG8xNI2PhTaenlLqGTUGyQGa","sdfsdf","1","195","125","");
INSERT INTO topology_devices VALUES("60","sVhyo0WiubLFZ2CaxU2Jq3es3JXSsBtO","rout","1","677","61","");
INSERT INTO topology_devices VALUES("60","iAGHHZPRAu8xqQLeTITWPGbWnQXbXmgF","sdsdd","1","660","369","");
INSERT INTO topology_devices VALUES("61","ZE1CJ59HkfgqEEexzSairOTCPyrZlAJg","a","1","181","111","");
INSERT INTO topology_devices VALUES("62","pNtk1XT2Tdgs05xo1We2Vu4FtrhiNmDt","sdfsdfsdf","1","436","98","");
INSERT INTO topology_devices VALUES("64","RUdAcpkr1xigXrxQdmEOKO5Qt3M2UD1l","sdsd","1","296","127","");
INSERT INTO topology_devices VALUES("64","lTDM63xeLm73iJGe8A9phtHBy70vE0Q6","sdasda","8","310","244","");
INSERT INTO topology_devices VALUES("64","V2sdnn4hMX8uRO1QTwCHqZTtwNtRos6n","ss","11","135","176","");
INSERT INTO topology_devices VALUES("64","so6hzDv6WLyPvZDJ8KZ7zazEAd6JIprZ","sdfdsaa","13","448","178","");
INSERT INTO topology_devices VALUES("65","DMQh5EhDpURoeWINcM2e83DPrmhAnTxZ","ddd","1","351","140","");
INSERT INTO topology_devices VALUES("65","1y8F6ycHSiTvSG6yFV3FaVxTKX5W3T1k","sss","1","252","123","");
INSERT INTO topology_devices VALUES("66","Z35sN7hG9pa06MTy3MSan7deq195gdRq","testr","1","462","182","");
INSERT INTO topology_devices VALUES("66","hdu1HxW1r6fpJkM1hm0aFJhIZVeUW0oS","","0","324","271","");
INSERT INTO topology_devices VALUES("67","Kd7pO9ugLzWZoMW74dytl9MptyMcLhk7","dfsd","1","256","111","");
INSERT INTO topology_devices VALUES("68","SwbinCQ2tSZ7POXbNKwMQKpZDmI2q0ah","zxcdd11111111111111111118833333333","1","292","172","");
INSERT INTO topology_devices VALUES("69","CVulbAJpfH3c5Uk20gBlCt27Ba5ds50S","sdfsdf","1","291","134","");
INSERT INTO topology_devices VALUES("70","c3kfco8G29mfMOdePyUIhp7TKZGwALku","fgfg","1","249","136","");
INSERT INTO topology_devices VALUES("72","9HeoCkmyzQdcAUvURDWu24GgGs4mrCdv","ff","1","341","118","");
INSERT INTO topology_devices VALUES("74","dgSoKTGUtZyhkLZFlLnUPMz4BTbLNVco","router123","1","377","200","");
INSERT INTO topology_devices VALUES("75","B74Sm4OmX3sUZ9wlifv9pAKIsAydlRqs","tgghgfh","1","363","119","");
INSERT INTO topology_devices VALUES("76","WpCtWXefJ6sSbTTNqn5MIbFvHw5mlV8E","dfg","1","438","134","");
INSERT INTO topology_devices VALUES("77","ciA5JeyJF908HFaw2tATPCwL82khrOsW","rout1","1","227","122","");
INSERT INTO topology_devices VALUES("77","GuFsLTyTBtN0sCMqbH7BQpBARzwVnbMb","rout2","1","552","127","");
INSERT INTO topology_devices VALUES("77","3ZTCg3TWIpxTXlGVGExy9BpoLqXgCEnW","rout3","1","388","281","");
INSERT INTO topology_devices VALUES("78","SwbinCQ2tSZ7POXbNKwMQKpZDmI2q0ah","zxcdd111111111ccc1","1","415","179","");
INSERT INTO topology_devices VALUES("79","iAGHHZPRAu8xqQLeTITWPGbWnQXbXmgF","sdsdd","1","677","309","");
INSERT INTO topology_devices VALUES("79","oUmznx1AUPZEP8fBXMy9qTDLPiQHvTZc","sdfss","6","209","209","");
INSERT INTO topology_devices VALUES("79","sVhyo0WiubLFZ2CaxU2Jq3es3JXSsBtO","rout","1","526","139","");
INSERT INTO topology_devices VALUES("80","EktovpkP1XVuyyUzvOtu3mcEyWFbzMgg","aa","1","313","108","");
INSERT INTO topology_devices VALUES("81","ZENl8cQSN3gzsbJLu2Fk0q34dcmwfOB4","dfdfsdf","1","234","149","");
INSERT INTO topology_devices VALUES("82","sOknOElAxQIMPwsAEZnmZTP4dzyUdADd","asd","1","266","116","");
INSERT INTO topology_devices VALUES("83","Po41TLSyhsId5zTEEQmtP9OyGhSUDTaV","dfdf","1","325","132","");
INSERT INTO topology_devices VALUES("84","S7ycmvGrdyFszVrIqNQCXlTUtJC1wNGI","dddf","1","237","127","");
INSERT INTO topology_devices VALUES("85","SwbinCQ2tSZ7POXbNKwMQKpZDmI2q0ah","zxcdd","1","291","171","");
INSERT INTO topology_devices VALUES("86","CVulbAJpfH3c5Uk20gBlCt27Ba5ds50S","sdfsdf","1","291","134","");
INSERT INTO topology_devices VALUES("88","sVhyo0WiubLFZ2CaxU2Jq3es3JXSsBtO","routdfsdf","1","235","380","");
INSERT INTO topology_devices VALUES("88","iAGHHZPRAu8xqQLeTITWPGbWnQXbXmgF","sdsdd","1","152","203","");
INSERT INTO topology_devices VALUES("88","lwOZHm3ydHLxX1ddEXARnPPmGepchaXC","kjk","6","187","279","");
INSERT INTO topology_devices VALUES("89","e26Wt8a72JAw8bNB4UyOtlFUJ64vevko","ab ","1","68","198","");
INSERT INTO topology_devices VALUES("89","fx0Oyrw02DLH2NGTA0mBD3gD2TpMfTdQ","aa","6","202","204","");
INSERT INTO topology_devices VALUES("89","tbtklvJ2Io6X1Tb4DIfaHvVQ22u4I9O5","abcd","5","342","205","");
INSERT INTO topology_devices VALUES("89","zVQcuS7Ft2daTBlOCGz4OgRR3QJzkVQD","aacc","2","486","218","");
INSERT INTO topology_devices VALUES("89","14UAZF5eGUTd5BcCfNpPze1TtbyoFW4P","ss","3","621","215","");
INSERT INTO topology_devices VALUES("89","2Fa5qWBSnHvFHePd80HsoUwyR2UW5Glc","ee","4","756","213","");
INSERT INTO topology_devices VALUES("89","0MXdZvhXKGuKlbSBQxfeJwsr7ZQDntdT","aac","8","891","211","");
INSERT INTO topology_devices VALUES("90","8vATVUlrbDASMXCo9WhLKNcgvtksv1hH","sdfs","1","366","91","");
INSERT INTO topology_devices VALUES("91","Kd7pO9ugLzWZoMW74dytl9MptyMcLhk7","dfsd","1","256","111","");
INSERT INTO topology_devices VALUES("92","H8hJOl87wG8xNI2PhTaenlLqGTUGyQGa","sdfsdf","1","195","125","");
INSERT INTO topology_devices VALUES("93","sVhyo0WiubLFZ2CaxU2Jq3es3JXSsBtO","rout","1","677","61","");
INSERT INTO topology_devices VALUES("93","iAGHHZPRAu8xqQLeTITWPGbWnQXbXmgF","sdsdd","1","660","369","");
INSERT INTO topology_devices VALUES("94","ZE1CJ59HkfgqEEexzSairOTCPyrZlAJg","a","1","181","111","");
INSERT INTO topology_devices VALUES("95","pNtk1XT2Tdgs05xo1We2Vu4FtrhiNmDt","sdfsdfsdf","1","436","98","");
INSERT INTO topology_devices VALUES("97","RUdAcpkr1xigXrxQdmEOKO5Qt3M2UD1l","sdsd","1","296","127","");
INSERT INTO topology_devices VALUES("97","lTDM63xeLm73iJGe8A9phtHBy70vE0Q6","sdasda","8","310","244","");
INSERT INTO topology_devices VALUES("97","V2sdnn4hMX8uRO1QTwCHqZTtwNtRos6n","ss","11","135","176","");
INSERT INTO topology_devices VALUES("97","so6hzDv6WLyPvZDJ8KZ7zazEAd6JIprZ","sdfdsaa","13","448","178","");
INSERT INTO topology_devices VALUES("98","DMQh5EhDpURoeWINcM2e83DPrmhAnTxZ","ddd","1","351","140","");
INSERT INTO topology_devices VALUES("98","1y8F6ycHSiTvSG6yFV3FaVxTKX5W3T1k","sss","1","252","123","");
INSERT INTO topology_devices VALUES("99","Z35sN7hG9pa06MTy3MSan7deq195gdRq","testr","1","462","182","");
INSERT INTO topology_devices VALUES("99","hdu1HxW1r6fpJkM1hm0aFJhIZVeUW0oS","","0","324","271","");
INSERT INTO topology_devices VALUES("100","Kd7pO9ugLzWZoMW74dytl9MptyMcLhk7","dfsd","1","256","111","");
INSERT INTO topology_devices VALUES("101","SwbinCQ2tSZ7POXbNKwMQKpZDmI2q0ah","zxcdd11111111111111111118833333333","1","292","172","");
INSERT INTO topology_devices VALUES("102","CVulbAJpfH3c5Uk20gBlCt27Ba5ds50S","sdfsdf","1","291","134","");
INSERT INTO topology_devices VALUES("103","c3kfco8G29mfMOdePyUIhp7TKZGwALku","fgfg","1","249","136","");
INSERT INTO topology_devices VALUES("105","9HeoCkmyzQdcAUvURDWu24GgGs4mrCdv","ff","1","341","118","");
INSERT INTO topology_devices VALUES("107","dgSoKTGUtZyhkLZFlLnUPMz4BTbLNVco","router123","1","377","200","");
INSERT INTO topology_devices VALUES("108","B74Sm4OmX3sUZ9wlifv9pAKIsAydlRqs","tgghgfh","1","363","119","");
INSERT INTO topology_devices VALUES("109","WpCtWXefJ6sSbTTNqn5MIbFvHw5mlV8E","dfg","1","438","134","");
INSERT INTO topology_devices VALUES("110","ciA5JeyJF908HFaw2tATPCwL82khrOsW","rout1","1","227","122","");
INSERT INTO topology_devices VALUES("110","GuFsLTyTBtN0sCMqbH7BQpBARzwVnbMb","rout2","1","552","127","");
INSERT INTO topology_devices VALUES("110","3ZTCg3TWIpxTXlGVGExy9BpoLqXgCEnW","rout3","1","388","281","");
INSERT INTO topology_devices VALUES("111","SwbinCQ2tSZ7POXbNKwMQKpZDmI2q0ah","zxcdd111111111ccc1","1","415","179","");
INSERT INTO topology_devices VALUES("112","iAGHHZPRAu8xqQLeTITWPGbWnQXbXmgF","sdsdd","1","677","309","");
INSERT INTO topology_devices VALUES("112","oUmznx1AUPZEP8fBXMy9qTDLPiQHvTZc","sdfss","6","209","209","");
INSERT INTO topology_devices VALUES("112","sVhyo0WiubLFZ2CaxU2Jq3es3JXSsBtO","rout","1","526","139","");
INSERT INTO topology_devices VALUES("113","EktovpkP1XVuyyUzvOtu3mcEyWFbzMgg","aa","1","313","108","");
INSERT INTO topology_devices VALUES("114","ZENl8cQSN3gzsbJLu2Fk0q34dcmwfOB4","dfdfsdf","1","234","149","");
INSERT INTO topology_devices VALUES("115","sOknOElAxQIMPwsAEZnmZTP4dzyUdADd","asd","1","266","116","");
INSERT INTO topology_devices VALUES("116","Po41TLSyhsId5zTEEQmtP9OyGhSUDTaV","dfdf","1","325","132","");
INSERT INTO topology_devices VALUES("117","S7ycmvGrdyFszVrIqNQCXlTUtJC1wNGI","dddf","1","237","127","");
INSERT INTO topology_devices VALUES("118","SwbinCQ2tSZ7POXbNKwMQKpZDmI2q0ah","zxcdd","1","291","171","");
INSERT INTO topology_devices VALUES("119","CVulbAJpfH3c5Uk20gBlCt27Ba5ds50S","sdfsdf","1","291","134","");
INSERT INTO topology_devices VALUES("121","sVhyo0WiubLFZ2CaxU2Jq3es3JXSsBtO","routdfsdf","1","235","380","");
INSERT INTO topology_devices VALUES("121","iAGHHZPRAu8xqQLeTITWPGbWnQXbXmgF","sdsdd","1","152","203","");
INSERT INTO topology_devices VALUES("121","lwOZHm3ydHLxX1ddEXARnPPmGepchaXC","kjk","6","187","279","");
INSERT INTO topology_devices VALUES("122","e26Wt8a72JAw8bNB4UyOtlFUJ64vevko","ab ","1","68","198","");
INSERT INTO topology_devices VALUES("122","fx0Oyrw02DLH2NGTA0mBD3gD2TpMfTdQ","aa","6","202","204","");
INSERT INTO topology_devices VALUES("122","tbtklvJ2Io6X1Tb4DIfaHvVQ22u4I9O5","abcd","5","342","205","");
INSERT INTO topology_devices VALUES("122","zVQcuS7Ft2daTBlOCGz4OgRR3QJzkVQD","aacc","2","486","218","");
INSERT INTO topology_devices VALUES("122","14UAZF5eGUTd5BcCfNpPze1TtbyoFW4P","ss","3","621","215","");
INSERT INTO topology_devices VALUES("122","2Fa5qWBSnHvFHePd80HsoUwyR2UW5Glc","ee","4","756","213","");
INSERT INTO topology_devices VALUES("122","0MXdZvhXKGuKlbSBQxfeJwsr7ZQDntdT","aac","8","891","211","");
INSERT INTO topology_devices VALUES("123","8vATVUlrbDASMXCo9WhLKNcgvtksv1hH","sdfs","1","366","91","");
INSERT INTO topology_devices VALUES("124","Kd7pO9ugLzWZoMW74dytl9MptyMcLhk7","dfsd","1","256","111","");
INSERT INTO topology_devices VALUES("125","H8hJOl87wG8xNI2PhTaenlLqGTUGyQGa","sdfsdf","1","195","125","");
INSERT INTO topology_devices VALUES("126","sVhyo0WiubLFZ2CaxU2Jq3es3JXSsBtO","rout","1","677","61","");
INSERT INTO topology_devices VALUES("126","iAGHHZPRAu8xqQLeTITWPGbWnQXbXmgF","sdsdd","1","660","369","");
INSERT INTO topology_devices VALUES("127","ZE1CJ59HkfgqEEexzSairOTCPyrZlAJg","a","1","181","111","");
INSERT INTO topology_devices VALUES("128","pNtk1XT2Tdgs05xo1We2Vu4FtrhiNmDt","sdfsdfsdf","1","436","98","");
INSERT INTO topology_devices VALUES("130","RUdAcpkr1xigXrxQdmEOKO5Qt3M2UD1l","sdsd","1","296","127","");
INSERT INTO topology_devices VALUES("130","lTDM63xeLm73iJGe8A9phtHBy70vE0Q6","sdasda","8","310","244","");
INSERT INTO topology_devices VALUES("130","V2sdnn4hMX8uRO1QTwCHqZTtwNtRos6n","ss","11","135","176","");
INSERT INTO topology_devices VALUES("130","so6hzDv6WLyPvZDJ8KZ7zazEAd6JIprZ","sdfdsaa","13","448","178","");
INSERT INTO topology_devices VALUES("131","DMQh5EhDpURoeWINcM2e83DPrmhAnTxZ","ddd","1","351","140","");
INSERT INTO topology_devices VALUES("131","1y8F6ycHSiTvSG6yFV3FaVxTKX5W3T1k","sss","1","252","123","");
INSERT INTO topology_devices VALUES("132","Z35sN7hG9pa06MTy3MSan7deq195gdRq","testr","1","462","182","");
INSERT INTO topology_devices VALUES("132","hdu1HxW1r6fpJkM1hm0aFJhIZVeUW0oS","","0","324","271","");
INSERT INTO topology_devices VALUES("133","Kd7pO9ugLzWZoMW74dytl9MptyMcLhk7","dfsd","1","256","111","");
INSERT INTO topology_devices VALUES("134","SwbinCQ2tSZ7POXbNKwMQKpZDmI2q0ah","zxcdd11111111111111111118833333333","1","292","172","");
INSERT INTO topology_devices VALUES("135","CVulbAJpfH3c5Uk20gBlCt27Ba5ds50S","sdfsdf","1","291","134","");
INSERT INTO topology_devices VALUES("136","c3kfco8G29mfMOdePyUIhp7TKZGwALku","fgfg","1","249","136","");
INSERT INTO topology_devices VALUES("138","9HeoCkmyzQdcAUvURDWu24GgGs4mrCdv","ff","1","341","118","");
INSERT INTO topology_devices VALUES("140","dgSoKTGUtZyhkLZFlLnUPMz4BTbLNVco","router123","1","377","200","");
INSERT INTO topology_devices VALUES("141","B74Sm4OmX3sUZ9wlifv9pAKIsAydlRqs","tgghgfh","1","363","119","");
INSERT INTO topology_devices VALUES("142","WpCtWXefJ6sSbTTNqn5MIbFvHw5mlV8E","dfg","1","438","134","");
INSERT INTO topology_devices VALUES("143","ciA5JeyJF908HFaw2tATPCwL82khrOsW","rout1","1","227","122","");
INSERT INTO topology_devices VALUES("143","GuFsLTyTBtN0sCMqbH7BQpBARzwVnbMb","rout2","1","552","127","");
INSERT INTO topology_devices VALUES("143","3ZTCg3TWIpxTXlGVGExy9BpoLqXgCEnW","rout3","1","388","281","");
INSERT INTO topology_devices VALUES("144","SwbinCQ2tSZ7POXbNKwMQKpZDmI2q0ah","zxcdd111111111ccc1","1","415","179","");
INSERT INTO topology_devices VALUES("145","iAGHHZPRAu8xqQLeTITWPGbWnQXbXmgF","sdsdd","1","677","309","");
INSERT INTO topology_devices VALUES("145","oUmznx1AUPZEP8fBXMy9qTDLPiQHvTZc","sdfss","6","209","209","");
INSERT INTO topology_devices VALUES("145","sVhyo0WiubLFZ2CaxU2Jq3es3JXSsBtO","rout","1","526","139","");
INSERT INTO topology_devices VALUES("146","EktovpkP1XVuyyUzvOtu3mcEyWFbzMgg","aa","1","313","108","");
INSERT INTO topology_devices VALUES("147","ZENl8cQSN3gzsbJLu2Fk0q34dcmwfOB4","dfdfsdf","1","234","149","");
INSERT INTO topology_devices VALUES("148","sOknOElAxQIMPwsAEZnmZTP4dzyUdADd","asd","1","266","116","");
INSERT INTO topology_devices VALUES("149","Po41TLSyhsId5zTEEQmtP9OyGhSUDTaV","dfdf","1","325","132","");
INSERT INTO topology_devices VALUES("150","S7ycmvGrdyFszVrIqNQCXlTUtJC1wNGI","dddf","1","237","127","");
INSERT INTO topology_devices VALUES("151","SwbinCQ2tSZ7POXbNKwMQKpZDmI2q0ah","zxcdd","1","291","171","");
INSERT INTO topology_devices VALUES("152","CVulbAJpfH3c5Uk20gBlCt27Ba5ds50S","sdfsdf","1","291","134","");
INSERT INTO topology_devices VALUES("154","sVhyo0WiubLFZ2CaxU2Jq3es3JXSsBtO","routdfsdf","1","235","380","");
INSERT INTO topology_devices VALUES("154","iAGHHZPRAu8xqQLeTITWPGbWnQXbXmgF","sdsdd","1","152","203","");
INSERT INTO topology_devices VALUES("154","lwOZHm3ydHLxX1ddEXARnPPmGepchaXC","kjk","6","187","279","");
INSERT INTO topology_devices VALUES("155","e26Wt8a72JAw8bNB4UyOtlFUJ64vevko","ab ","1","68","198","");
INSERT INTO topology_devices VALUES("155","fx0Oyrw02DLH2NGTA0mBD3gD2TpMfTdQ","aa","6","202","204","");
INSERT INTO topology_devices VALUES("155","tbtklvJ2Io6X1Tb4DIfaHvVQ22u4I9O5","abcd","5","342","205","");
INSERT INTO topology_devices VALUES("155","zVQcuS7Ft2daTBlOCGz4OgRR3QJzkVQD","aacc","2","486","218","");
INSERT INTO topology_devices VALUES("155","14UAZF5eGUTd5BcCfNpPze1TtbyoFW4P","ss","3","621","215","");
INSERT INTO topology_devices VALUES("155","2Fa5qWBSnHvFHePd80HsoUwyR2UW5Glc","ee","4","756","213","");
INSERT INTO topology_devices VALUES("155","0MXdZvhXKGuKlbSBQxfeJwsr7ZQDntdT","aac","8","891","211","");
INSERT INTO topology_devices VALUES("156","8vATVUlrbDASMXCo9WhLKNcgvtksv1hH","sdfs","1","366","91","");
INSERT INTO topology_devices VALUES("157","Kd7pO9ugLzWZoMW74dytl9MptyMcLhk7","dfsd","1","256","111","");
INSERT INTO topology_devices VALUES("158","H8hJOl87wG8xNI2PhTaenlLqGTUGyQGa","sdfsdf","1","195","125","");
INSERT INTO topology_devices VALUES("159","sVhyo0WiubLFZ2CaxU2Jq3es3JXSsBtO","rout","1","677","61","");
INSERT INTO topology_devices VALUES("159","iAGHHZPRAu8xqQLeTITWPGbWnQXbXmgF","sdsdd","1","660","369","");
INSERT INTO topology_devices VALUES("160","ZE1CJ59HkfgqEEexzSairOTCPyrZlAJg","a","1","181","111","");
INSERT INTO topology_devices VALUES("161","pNtk1XT2Tdgs05xo1We2Vu4FtrhiNmDt","sdfsdfsdf","1","436","98","");
INSERT INTO topology_devices VALUES("163","RUdAcpkr1xigXrxQdmEOKO5Qt3M2UD1l","sdsd","1","296","127","");
INSERT INTO topology_devices VALUES("163","lTDM63xeLm73iJGe8A9phtHBy70vE0Q6","sdasda","8","310","244","");
INSERT INTO topology_devices VALUES("163","V2sdnn4hMX8uRO1QTwCHqZTtwNtRos6n","ss","11","135","176","");
INSERT INTO topology_devices VALUES("163","so6hzDv6WLyPvZDJ8KZ7zazEAd6JIprZ","sdfdsaa","13","448","178","");
INSERT INTO topology_devices VALUES("164","DMQh5EhDpURoeWINcM2e83DPrmhAnTxZ","ddd","1","351","140","");
INSERT INTO topology_devices VALUES("164","1y8F6ycHSiTvSG6yFV3FaVxTKX5W3T1k","sss","1","252","123","");
INSERT INTO topology_devices VALUES("165","Z35sN7hG9pa06MTy3MSan7deq195gdRq","testr","1","462","182","");
INSERT INTO topology_devices VALUES("165","hdu1HxW1r6fpJkM1hm0aFJhIZVeUW0oS","","0","324","271","");
INSERT INTO topology_devices VALUES("166","Kd7pO9ugLzWZoMW74dytl9MptyMcLhk7","dfsd","1","256","111","");
INSERT INTO topology_devices VALUES("167","SwbinCQ2tSZ7POXbNKwMQKpZDmI2q0ah","zxcdd11111111111111111118833333333","1","292","172","");
INSERT INTO topology_devices VALUES("168","CVulbAJpfH3c5Uk20gBlCt27Ba5ds50S","sdfsdf","1","291","134","");
INSERT INTO topology_devices VALUES("169","c3kfco8G29mfMOdePyUIhp7TKZGwALku","fgfg","1","249","136","");
INSERT INTO topology_devices VALUES("171","9HeoCkmyzQdcAUvURDWu24GgGs4mrCdv","ff","1","341","118","");
INSERT INTO topology_devices VALUES("173","dgSoKTGUtZyhkLZFlLnUPMz4BTbLNVco","router123","1","377","200","");
INSERT INTO topology_devices VALUES("174","B74Sm4OmX3sUZ9wlifv9pAKIsAydlRqs","tgghgfh","1","363","119","");
INSERT INTO topology_devices VALUES("175","WpCtWXefJ6sSbTTNqn5MIbFvHw5mlV8E","dfg","1","438","134","");
INSERT INTO topology_devices VALUES("176","ciA5JeyJF908HFaw2tATPCwL82khrOsW","rout1","1","227","122","");
INSERT INTO topology_devices VALUES("176","GuFsLTyTBtN0sCMqbH7BQpBARzwVnbMb","rout2","1","552","127","");
INSERT INTO topology_devices VALUES("176","3ZTCg3TWIpxTXlGVGExy9BpoLqXgCEnW","rout3","1","388","281","");
INSERT INTO topology_devices VALUES("177","SwbinCQ2tSZ7POXbNKwMQKpZDmI2q0ah","zxcdd111111111ccc1","1","415","179","");
INSERT INTO topology_devices VALUES("178","iAGHHZPRAu8xqQLeTITWPGbWnQXbXmgF","sdsdd","1","677","309","");
INSERT INTO topology_devices VALUES("178","oUmznx1AUPZEP8fBXMy9qTDLPiQHvTZc","sdfss","6","209","209","");
INSERT INTO topology_devices VALUES("178","sVhyo0WiubLFZ2CaxU2Jq3es3JXSsBtO","rout","1","526","139","");
INSERT INTO topology_devices VALUES("179","EktovpkP1XVuyyUzvOtu3mcEyWFbzMgg","aa","1","313","108","");
INSERT INTO topology_devices VALUES("180","ZENl8cQSN3gzsbJLu2Fk0q34dcmwfOB4","dfdfsdf","1","234","149","");
INSERT INTO topology_devices VALUES("181","sOknOElAxQIMPwsAEZnmZTP4dzyUdADd","asd","1","266","116","");
INSERT INTO topology_devices VALUES("182","Po41TLSyhsId5zTEEQmtP9OyGhSUDTaV","dfdf","1","325","132","");
INSERT INTO topology_devices VALUES("183","S7ycmvGrdyFszVrIqNQCXlTUtJC1wNGI","dddf","1","237","127","");
INSERT INTO topology_devices VALUES("184","SwbinCQ2tSZ7POXbNKwMQKpZDmI2q0ah","zxcdd","1","291","171","");
INSERT INTO topology_devices VALUES("185","CVulbAJpfH3c5Uk20gBlCt27Ba5ds50S","sdfsdf","1","291","134","");
INSERT INTO topology_devices VALUES("187","sVhyo0WiubLFZ2CaxU2Jq3es3JXSsBtO","routdfsdf","1","235","380","");
INSERT INTO topology_devices VALUES("187","iAGHHZPRAu8xqQLeTITWPGbWnQXbXmgF","sdsdd","1","152","203","");
INSERT INTO topology_devices VALUES("187","lwOZHm3ydHLxX1ddEXARnPPmGepchaXC","kjk","6","187","279","");
INSERT INTO topology_devices VALUES("188","e26Wt8a72JAw8bNB4UyOtlFUJ64vevko","ab ","1","68","198","");
INSERT INTO topology_devices VALUES("188","fx0Oyrw02DLH2NGTA0mBD3gD2TpMfTdQ","aa","6","202","204","");
INSERT INTO topology_devices VALUES("188","tbtklvJ2Io6X1Tb4DIfaHvVQ22u4I9O5","abcd","5","342","205","");
INSERT INTO topology_devices VALUES("188","zVQcuS7Ft2daTBlOCGz4OgRR3QJzkVQD","aacc","2","486","218","");
INSERT INTO topology_devices VALUES("188","14UAZF5eGUTd5BcCfNpPze1TtbyoFW4P","ss","3","621","215","");
INSERT INTO topology_devices VALUES("188","2Fa5qWBSnHvFHePd80HsoUwyR2UW5Glc","ee","4","756","213","");
INSERT INTO topology_devices VALUES("188","0MXdZvhXKGuKlbSBQxfeJwsr7ZQDntdT","aac","8","891","211","");
INSERT INTO topology_devices VALUES("189","8vATVUlrbDASMXCo9WhLKNcgvtksv1hH","sdfs","1","366","91","");
INSERT INTO topology_devices VALUES("190","Kd7pO9ugLzWZoMW74dytl9MptyMcLhk7","dfsd","1","256","111","");
INSERT INTO topology_devices VALUES("191","H8hJOl87wG8xNI2PhTaenlLqGTUGyQGa","sdfsdf","1","195","125","");
INSERT INTO topology_devices VALUES("192","sVhyo0WiubLFZ2CaxU2Jq3es3JXSsBtO","rout","1","677","61","");
INSERT INTO topology_devices VALUES("192","iAGHHZPRAu8xqQLeTITWPGbWnQXbXmgF","sdsdd","1","660","369","");
INSERT INTO topology_devices VALUES("193","ZE1CJ59HkfgqEEexzSairOTCPyrZlAJg","a","1","181","111","");
INSERT INTO topology_devices VALUES("194","pNtk1XT2Tdgs05xo1We2Vu4FtrhiNmDt","sdfsdfsdf","1","436","98","");
INSERT INTO topology_devices VALUES("196","RUdAcpkr1xigXrxQdmEOKO5Qt3M2UD1l","sdsd","1","296","127","");
INSERT INTO topology_devices VALUES("196","lTDM63xeLm73iJGe8A9phtHBy70vE0Q6","sdasda","8","310","244","");
INSERT INTO topology_devices VALUES("196","V2sdnn4hMX8uRO1QTwCHqZTtwNtRos6n","ss","11","135","176","");
INSERT INTO topology_devices VALUES("196","so6hzDv6WLyPvZDJ8KZ7zazEAd6JIprZ","sdfdsaa","13","448","178","");
INSERT INTO topology_devices VALUES("197","DMQh5EhDpURoeWINcM2e83DPrmhAnTxZ","ddd","1","351","140","");
INSERT INTO topology_devices VALUES("197","1y8F6ycHSiTvSG6yFV3FaVxTKX5W3T1k","sss","1","252","123","");
INSERT INTO topology_devices VALUES("198","Z35sN7hG9pa06MTy3MSan7deq195gdRq","testr","1","462","182","");
INSERT INTO topology_devices VALUES("198","hdu1HxW1r6fpJkM1hm0aFJhIZVeUW0oS","","0","324","271","");
INSERT INTO topology_devices VALUES("199","Kd7pO9ugLzWZoMW74dytl9MptyMcLhk7","dfsd","1","256","111","");
INSERT INTO topology_devices VALUES("200","SwbinCQ2tSZ7POXbNKwMQKpZDmI2q0ah","zxcdd11111111111111111118833333333","1","292","172","");
INSERT INTO topology_devices VALUES("201","CVulbAJpfH3c5Uk20gBlCt27Ba5ds50S","sdfsdf","1","291","134","");
INSERT INTO topology_devices VALUES("202","c3kfco8G29mfMOdePyUIhp7TKZGwALku","fgfg","1","249","136","");
INSERT INTO topology_devices VALUES("204","9HeoCkmyzQdcAUvURDWu24GgGs4mrCdv","ff","1","341","118","");
INSERT INTO topology_devices VALUES("206","dgSoKTGUtZyhkLZFlLnUPMz4BTbLNVco","router123","1","377","200","");
INSERT INTO topology_devices VALUES("207","B74Sm4OmX3sUZ9wlifv9pAKIsAydlRqs","tgghgfh","1","363","119","");
INSERT INTO topology_devices VALUES("208","WpCtWXefJ6sSbTTNqn5MIbFvHw5mlV8E","dfg","1","438","134","");
INSERT INTO topology_devices VALUES("209","ciA5JeyJF908HFaw2tATPCwL82khrOsW","rout1","1","227","122","");
INSERT INTO topology_devices VALUES("209","GuFsLTyTBtN0sCMqbH7BQpBARzwVnbMb","rout2","1","552","127","");
INSERT INTO topology_devices VALUES("209","3ZTCg3TWIpxTXlGVGExy9BpoLqXgCEnW","rout3","1","388","281","");
INSERT INTO topology_devices VALUES("210","SwbinCQ2tSZ7POXbNKwMQKpZDmI2q0ah","zxcdd111111111ccc1","1","415","179","");
INSERT INTO topology_devices VALUES("211","iAGHHZPRAu8xqQLeTITWPGbWnQXbXmgF","sdsdd","1","677","309","");
INSERT INTO topology_devices VALUES("211","oUmznx1AUPZEP8fBXMy9qTDLPiQHvTZc","sdfss","6","209","209","");
INSERT INTO topology_devices VALUES("211","sVhyo0WiubLFZ2CaxU2Jq3es3JXSsBtO","rout","1","526","139","");
INSERT INTO topology_devices VALUES("212","EktovpkP1XVuyyUzvOtu3mcEyWFbzMgg","aa","1","313","108","");
INSERT INTO topology_devices VALUES("213","ZENl8cQSN3gzsbJLu2Fk0q34dcmwfOB4","dfdfsdf","1","234","149","");
INSERT INTO topology_devices VALUES("214","sOknOElAxQIMPwsAEZnmZTP4dzyUdADd","asd","1","266","116","");
INSERT INTO topology_devices VALUES("215","Po41TLSyhsId5zTEEQmtP9OyGhSUDTaV","dfdf","1","325","132","");
INSERT INTO topology_devices VALUES("216","S7ycmvGrdyFszVrIqNQCXlTUtJC1wNGI","dddf","1","237","127","");
INSERT INTO topology_devices VALUES("217","SwbinCQ2tSZ7POXbNKwMQKpZDmI2q0ah","zxcdd","1","291","171","");
INSERT INTO topology_devices VALUES("218","CVulbAJpfH3c5Uk20gBlCt27Ba5ds50S","sdfsdf","1","291","134","");
INSERT INTO topology_devices VALUES("220","sVhyo0WiubLFZ2CaxU2Jq3es3JXSsBtO","routdfsdf","1","235","380","");
INSERT INTO topology_devices VALUES("220","iAGHHZPRAu8xqQLeTITWPGbWnQXbXmgF","sdsdd","1","152","203","");
INSERT INTO topology_devices VALUES("220","lwOZHm3ydHLxX1ddEXARnPPmGepchaXC","kjk","6","187","279","");
INSERT INTO topology_devices VALUES("221","e26Wt8a72JAw8bNB4UyOtlFUJ64vevko","ab ","1","68","198","");
INSERT INTO topology_devices VALUES("221","fx0Oyrw02DLH2NGTA0mBD3gD2TpMfTdQ","aa","6","202","204","");
INSERT INTO topology_devices VALUES("221","tbtklvJ2Io6X1Tb4DIfaHvVQ22u4I9O5","abcd","5","342","205","");
INSERT INTO topology_devices VALUES("221","zVQcuS7Ft2daTBlOCGz4OgRR3QJzkVQD","aacc","2","486","218","");
INSERT INTO topology_devices VALUES("221","14UAZF5eGUTd5BcCfNpPze1TtbyoFW4P","ss","3","621","215","");
INSERT INTO topology_devices VALUES("221","2Fa5qWBSnHvFHePd80HsoUwyR2UW5Glc","ee","4","756","213","");
INSERT INTO topology_devices VALUES("221","0MXdZvhXKGuKlbSBQxfeJwsr7ZQDntdT","aac","8","891","211","");
INSERT INTO topology_devices VALUES("222","8vATVUlrbDASMXCo9WhLKNcgvtksv1hH","sdfs","1","366","91","");
INSERT INTO topology_devices VALUES("223","Kd7pO9ugLzWZoMW74dytl9MptyMcLhk7","dfsd","1","256","111","");
INSERT INTO topology_devices VALUES("224","H8hJOl87wG8xNI2PhTaenlLqGTUGyQGa","sdfsdf","1","195","125","");
INSERT INTO topology_devices VALUES("225","sVhyo0WiubLFZ2CaxU2Jq3es3JXSsBtO","rout","1","677","61","");
INSERT INTO topology_devices VALUES("225","iAGHHZPRAu8xqQLeTITWPGbWnQXbXmgF","sdsdd","1","660","369","");
INSERT INTO topology_devices VALUES("226","ZE1CJ59HkfgqEEexzSairOTCPyrZlAJg","a","1","181","111","");
INSERT INTO topology_devices VALUES("227","pNtk1XT2Tdgs05xo1We2Vu4FtrhiNmDt","sdfsdfsdf","1","436","98","");
INSERT INTO topology_devices VALUES("229","RUdAcpkr1xigXrxQdmEOKO5Qt3M2UD1l","sdsd","1","296","127","");
INSERT INTO topology_devices VALUES("229","lTDM63xeLm73iJGe8A9phtHBy70vE0Q6","sdasda","8","310","244","");
INSERT INTO topology_devices VALUES("229","V2sdnn4hMX8uRO1QTwCHqZTtwNtRos6n","ss","11","135","176","");
INSERT INTO topology_devices VALUES("229","so6hzDv6WLyPvZDJ8KZ7zazEAd6JIprZ","sdfdsaa","13","448","178","");
INSERT INTO topology_devices VALUES("230","DMQh5EhDpURoeWINcM2e83DPrmhAnTxZ","ddd","1","351","140","");
INSERT INTO topology_devices VALUES("230","1y8F6ycHSiTvSG6yFV3FaVxTKX5W3T1k","sss","1","252","123","");
INSERT INTO topology_devices VALUES("231","Z35sN7hG9pa06MTy3MSan7deq195gdRq","testr","1","462","182","");
INSERT INTO topology_devices VALUES("231","hdu1HxW1r6fpJkM1hm0aFJhIZVeUW0oS","","0","324","271","");
INSERT INTO topology_devices VALUES("232","Kd7pO9ugLzWZoMW74dytl9MptyMcLhk7","dfsd","1","256","111","");
INSERT INTO topology_devices VALUES("233","SwbinCQ2tSZ7POXbNKwMQKpZDmI2q0ah","zxcdd11111111111111111118833333333","1","292","172","");
INSERT INTO topology_devices VALUES("234","CVulbAJpfH3c5Uk20gBlCt27Ba5ds50S","sdfsdf","1","291","134","");
INSERT INTO topology_devices VALUES("235","c3kfco8G29mfMOdePyUIhp7TKZGwALku","fgfg","1","249","136","");
INSERT INTO topology_devices VALUES("237","9HeoCkmyzQdcAUvURDWu24GgGs4mrCdv","ff","1","341","118","");
INSERT INTO topology_devices VALUES("239","dgSoKTGUtZyhkLZFlLnUPMz4BTbLNVco","router123","1","377","200","");
INSERT INTO topology_devices VALUES("240","B74Sm4OmX3sUZ9wlifv9pAKIsAydlRqs","tgghgfh","1","363","119","");
INSERT INTO topology_devices VALUES("241","WpCtWXefJ6sSbTTNqn5MIbFvHw5mlV8E","dfg","1","438","134","");
INSERT INTO topology_devices VALUES("242","ciA5JeyJF908HFaw2tATPCwL82khrOsW","rout1","1","227","122","");
INSERT INTO topology_devices VALUES("242","GuFsLTyTBtN0sCMqbH7BQpBARzwVnbMb","rout2","1","552","127","");
INSERT INTO topology_devices VALUES("242","3ZTCg3TWIpxTXlGVGExy9BpoLqXgCEnW","rout3","1","388","281","");
INSERT INTO topology_devices VALUES("243","SwbinCQ2tSZ7POXbNKwMQKpZDmI2q0ah","zxcdd111111111ccc1","1","415","179","");
INSERT INTO topology_devices VALUES("244","iAGHHZPRAu8xqQLeTITWPGbWnQXbXmgF","sdsdd","1","677","309","");
INSERT INTO topology_devices VALUES("244","oUmznx1AUPZEP8fBXMy9qTDLPiQHvTZc","sdfss","6","209","209","");
INSERT INTO topology_devices VALUES("244","sVhyo0WiubLFZ2CaxU2Jq3es3JXSsBtO","rout","1","526","139","");
INSERT INTO topology_devices VALUES("245","EktovpkP1XVuyyUzvOtu3mcEyWFbzMgg","aa","1","313","108","");
INSERT INTO topology_devices VALUES("246","ZENl8cQSN3gzsbJLu2Fk0q34dcmwfOB4","dfdfsdf","1","234","149","");
INSERT INTO topology_devices VALUES("247","sOknOElAxQIMPwsAEZnmZTP4dzyUdADd","asd","1","266","116","");
INSERT INTO topology_devices VALUES("248","Po41TLSyhsId5zTEEQmtP9OyGhSUDTaV","dfdf","1","325","132","");
INSERT INTO topology_devices VALUES("249","S7ycmvGrdyFszVrIqNQCXlTUtJC1wNGI","dddf","1","237","127","");
INSERT INTO topology_devices VALUES("250","SwbinCQ2tSZ7POXbNKwMQKpZDmI2q0ah","zxcdd","1","291","171","");
INSERT INTO topology_devices VALUES("251","CVulbAJpfH3c5Uk20gBlCt27Ba5ds50S","sdfsdf","1","291","134","");
INSERT INTO topology_devices VALUES("253","sVhyo0WiubLFZ2CaxU2Jq3es3JXSsBtO","routdfsdf","1","235","380","");
INSERT INTO topology_devices VALUES("253","iAGHHZPRAu8xqQLeTITWPGbWnQXbXmgF","sdsdd","1","152","203","");
INSERT INTO topology_devices VALUES("253","lwOZHm3ydHLxX1ddEXARnPPmGepchaXC","kjk","6","187","279","");
INSERT INTO topology_devices VALUES("254","e26Wt8a72JAw8bNB4UyOtlFUJ64vevko","ab ","1","68","198","");
INSERT INTO topology_devices VALUES("254","fx0Oyrw02DLH2NGTA0mBD3gD2TpMfTdQ","aa","6","202","204","");
INSERT INTO topology_devices VALUES("254","tbtklvJ2Io6X1Tb4DIfaHvVQ22u4I9O5","abcd","5","342","205","");
INSERT INTO topology_devices VALUES("254","zVQcuS7Ft2daTBlOCGz4OgRR3QJzkVQD","aacc","2","486","218","");
INSERT INTO topology_devices VALUES("254","14UAZF5eGUTd5BcCfNpPze1TtbyoFW4P","ss","3","621","215","");
INSERT INTO topology_devices VALUES("254","2Fa5qWBSnHvFHePd80HsoUwyR2UW5Glc","ee","4","756","213","");
INSERT INTO topology_devices VALUES("254","0MXdZvhXKGuKlbSBQxfeJwsr7ZQDntdT","aac","8","891","211","");
INSERT INTO topology_devices VALUES("255","8vATVUlrbDASMXCo9WhLKNcgvtksv1hH","sdfs","1","366","91","");
INSERT INTO topology_devices VALUES("256","Kd7pO9ugLzWZoMW74dytl9MptyMcLhk7","dfsd","1","256","111","");
INSERT INTO topology_devices VALUES("257","H8hJOl87wG8xNI2PhTaenlLqGTUGyQGa","sdfsdf","1","195","125","");
INSERT INTO topology_devices VALUES("258","sVhyo0WiubLFZ2CaxU2Jq3es3JXSsBtO","rout","1","677","61","");
INSERT INTO topology_devices VALUES("258","iAGHHZPRAu8xqQLeTITWPGbWnQXbXmgF","sdsdd","1","660","369","");
INSERT INTO topology_devices VALUES("259","ZE1CJ59HkfgqEEexzSairOTCPyrZlAJg","a","1","181","111","");
INSERT INTO topology_devices VALUES("260","pNtk1XT2Tdgs05xo1We2Vu4FtrhiNmDt","sdfsdfsdf","1","436","98","");
INSERT INTO topology_devices VALUES("262","RUdAcpkr1xigXrxQdmEOKO5Qt3M2UD1l","sdsd","1","296","127","");
INSERT INTO topology_devices VALUES("262","lTDM63xeLm73iJGe8A9phtHBy70vE0Q6","sdasda","8","310","244","");
INSERT INTO topology_devices VALUES("262","V2sdnn4hMX8uRO1QTwCHqZTtwNtRos6n","ss","11","135","176","");
INSERT INTO topology_devices VALUES("262","so6hzDv6WLyPvZDJ8KZ7zazEAd6JIprZ","sdfdsaa","13","448","178","");
INSERT INTO topology_devices VALUES("263","DMQh5EhDpURoeWINcM2e83DPrmhAnTxZ","ddd","1","351","140","");
INSERT INTO topology_devices VALUES("263","1y8F6ycHSiTvSG6yFV3FaVxTKX5W3T1k","sss","1","252","123","");
INSERT INTO topology_devices VALUES("264","Z35sN7hG9pa06MTy3MSan7deq195gdRq","testr","1","462","182","");
INSERT INTO topology_devices VALUES("264","hdu1HxW1r6fpJkM1hm0aFJhIZVeUW0oS","","0","324","271","");
INSERT INTO topology_devices VALUES("265","dzQuQtECZnwuQ0xDi3OEXluxmBFit771","sdsdss","1","317","113","");
INSERT INTO topology_devices VALUES("266","Kd7pO9ugLzWZoMW74dytl9MptyMcLhk7","dfsd","1","256","111","");
INSERT INTO topology_devices VALUES("267","SwbinCQ2tSZ7POXbNKwMQKpZDmI2q0ah","zxcdd11111111111111111118833333333","1","292","172","");
INSERT INTO topology_devices VALUES("268","c3kfco8G29mfMOdePyUIhp7TKZGwALku","fgfg","1","249","136","");
INSERT INTO topology_devices VALUES("269","7f0pInDERdHbOG08i4UaRueqDUR0UKZF","fggf","1","231","105","");
INSERT INTO topology_devices VALUES("270","sOknOElAxQIMPwsAEZnmZTP4dzyUdADd","asd","1","266","116","");
INSERT INTO topology_devices VALUES("271","CVulbAJpfH3c5Uk20gBlCt27Ba5ds50S","sdfsdf","1","291","134","");
INSERT INTO topology_devices VALUES("272","c3kfco8G29mfMOdePyUIhp7TKZGwALku","fgfg","1","249","136","");
INSERT INTO topology_devices VALUES("274","KF2cw8aQtC1dutGOf43LbzxzS0GxmeFk","tgfh","1","229","115","");
INSERT INTO topology_devices VALUES("275","SwbinCQ2tSZ7POXbNKwMQKpZDmI2q0ah","zxcdd1111111111111111111","1","292","172","");
INSERT INTO topology_devices VALUES("276","9HeoCkmyzQdcAUvURDWu24GgGs4mrCdv","ff","1","341","118","");
INSERT INTO topology_devices VALUES("277","ECegVHdFoMARhkkAq0Tp1hMPuRWtZ05S","sdfsdf","1","228","101","");
INSERT INTO topology_devices VALUES("280","dgSoKTGUtZyhkLZFlLnUPMz4BTbLNVco","router123","1","377","200","");
INSERT INTO topology_devices VALUES("281","sOknOElAxQIMPwsAEZnmZTP4dzyUdADd","asd","1","266","116","");
INSERT INTO topology_devices VALUES("282","B74Sm4OmX3sUZ9wlifv9pAKIsAydlRqs","tgghgfh","1","363","119","");
INSERT INTO topology_devices VALUES("283","WpCtWXefJ6sSbTTNqn5MIbFvHw5mlV8E","dfg","1","438","134","");
INSERT INTO topology_devices VALUES("284","ciA5JeyJF908HFaw2tATPCwL82khrOsW","rout1","1","227","122","");
INSERT INTO topology_devices VALUES("284","GuFsLTyTBtN0sCMqbH7BQpBARzwVnbMb","rout2","1","552","127","");
INSERT INTO topology_devices VALUES("284","3ZTCg3TWIpxTXlGVGExy9BpoLqXgCEnW","rout3","1","388","281","");
INSERT INTO topology_devices VALUES("285","SwbinCQ2tSZ7POXbNKwMQKpZDmI2q0ah","zxcdd111111111ccc1","1","415","179","");
INSERT INTO topology_devices VALUES("286","iAGHHZPRAu8xqQLeTITWPGbWnQXbXmgF","sdsdd","1","677","309","");
INSERT INTO topology_devices VALUES("286","oUmznx1AUPZEP8fBXMy9qTDLPiQHvTZc","sdfss","6","209","209","");
INSERT INTO topology_devices VALUES("286","sVhyo0WiubLFZ2CaxU2Jq3es3JXSsBtO","rout","1","526","139","");
INSERT INTO topology_devices VALUES("287","EktovpkP1XVuyyUzvOtu3mcEyWFbzMgg","aa","1","313","108","");
INSERT INTO topology_devices VALUES("288","ZHqrz9nTrTTwbl566e7kcvfiH2ETt6lg","gfgdf","1","284","127","");
INSERT INTO topology_devices VALUES("289","ZENl8cQSN3gzsbJLu2Fk0q34dcmwfOB4","dfdfsdf","1","234","149","");
INSERT INTO topology_devices VALUES("290","sOknOElAxQIMPwsAEZnmZTP4dzyUdADd","asd","1","266","116","");
INSERT INTO topology_devices VALUES("291","Po41TLSyhsId5zTEEQmtP9OyGhSUDTaV","dfdf","1","325","132","");
INSERT INTO topology_devices VALUES("292","S7ycmvGrdyFszVrIqNQCXlTUtJC1wNGI","dddf","1","237","127","");
INSERT INTO topology_devices VALUES("293","SwbinCQ2tSZ7POXbNKwMQKpZDmI2q0ah","zxcdd","1","291","171","");
INSERT INTO topology_devices VALUES("294","CVulbAJpfH3c5Uk20gBlCt27Ba5ds50S","sdfsdf","1","291","134","");
INSERT INTO topology_devices VALUES("296","sVhyo0WiubLFZ2CaxU2Jq3es3JXSsBtO","routdfsdf","1","235","380","");
INSERT INTO topology_devices VALUES("296","iAGHHZPRAu8xqQLeTITWPGbWnQXbXmgF","sdsdd","1","152","203","");
INSERT INTO topology_devices VALUES("296","lwOZHm3ydHLxX1ddEXARnPPmGepchaXC","kjk","6","187","279","");
INSERT INTO topology_devices VALUES("297","dgSoKTGUtZyhkLZFlLnUPMz4BTbLNVco","router123","1","381","158","");
INSERT INTO topology_devices VALUES("298","e26Wt8a72JAw8bNB4UyOtlFUJ64vevko","ab ","1","68","198","");
INSERT INTO topology_devices VALUES("298","fx0Oyrw02DLH2NGTA0mBD3gD2TpMfTdQ","aa","6","202","204","");
INSERT INTO topology_devices VALUES("298","tbtklvJ2Io6X1Tb4DIfaHvVQ22u4I9O5","abcd","5","342","205","");
INSERT INTO topology_devices VALUES("298","zVQcuS7Ft2daTBlOCGz4OgRR3QJzkVQD","aacc","2","486","218","");
INSERT INTO topology_devices VALUES("298","14UAZF5eGUTd5BcCfNpPze1TtbyoFW4P","ss","3","621","215","");
INSERT INTO topology_devices VALUES("298","2Fa5qWBSnHvFHePd80HsoUwyR2UW5Glc","ee","4","756","213","");
INSERT INTO topology_devices VALUES("298","0MXdZvhXKGuKlbSBQxfeJwsr7ZQDntdT","aac","8","891","211","");
INSERT INTO topology_devices VALUES("299","8vATVUlrbDASMXCo9WhLKNcgvtksv1hH","sdfs","1","366","91","");
INSERT INTO topology_devices VALUES("300","sOknOElAxQIMPwsAEZnmZTP4dzyUdADd","asd","1","266","116","");
INSERT INTO topology_devices VALUES("301","Kd7pO9ugLzWZoMW74dytl9MptyMcLhk7","dfsd","1","256","111","");
INSERT INTO topology_devices VALUES("302","H8hJOl87wG8xNI2PhTaenlLqGTUGyQGa","sdfsdf","1","195","125","");
INSERT INTO topology_devices VALUES("303","sVhyo0WiubLFZ2CaxU2Jq3es3JXSsBtO","rout","1","677","61","");
INSERT INTO topology_devices VALUES("303","iAGHHZPRAu8xqQLeTITWPGbWnQXbXmgF","sdsdd","1","660","369","");
INSERT INTO topology_devices VALUES("304","ZE1CJ59HkfgqEEexzSairOTCPyrZlAJg","a","1","181","111","");
INSERT INTO topology_devices VALUES("305","v7eZOw7IgKNaRuNfLrLUaJ1S2HSM1y2B","dsdf","1","233","156","");
INSERT INTO topology_devices VALUES("306","pNtk1XT2Tdgs05xo1We2Vu4FtrhiNmDt","sdfsdfsdf","1","436","98","");
INSERT INTO topology_devices VALUES("308","RUdAcpkr1xigXrxQdmEOKO5Qt3M2UD1l","sdsd","1","296","127","");
INSERT INTO topology_devices VALUES("308","lTDM63xeLm73iJGe8A9phtHBy70vE0Q6","sdasda","8","310","244","");
INSERT INTO topology_devices VALUES("308","V2sdnn4hMX8uRO1QTwCHqZTtwNtRos6n","ss","11","135","176","");
INSERT INTO topology_devices VALUES("308","so6hzDv6WLyPvZDJ8KZ7zazEAd6JIprZ","sdfdsaa","13","448","178","");
INSERT INTO topology_devices VALUES("309","c3kfco8G29mfMOdePyUIhp7TKZGwALku","fgfg","1","292","30","");
INSERT INTO topology_devices VALUES("310","DMQh5EhDpURoeWINcM2e83DPrmhAnTxZ","ddd","1","351","140","");
INSERT INTO topology_devices VALUES("310","1y8F6ycHSiTvSG6yFV3FaVxTKX5W3T1k","sss","1","252","123","");
INSERT INTO topology_devices VALUES("311","Z35sN7hG9pa06MTy3MSan7deq195gdRq","testr","1","462","182","");
INSERT INTO topology_devices VALUES("311","hdu1HxW1r6fpJkM1hm0aFJhIZVeUW0oS","","0","324","271","");



CREATE TABLE `topology_devtypes` (
  `devtypeid` int(11) NOT NULL auto_increment,
  `devtype` varchar(45) NOT NULL,
  `clicommands` longtext,
  PRIMARY KEY  (`devtypeid`)
) ENGINE=MyISAM AUTO_INCREMENT=14 DEFAULT CHARSET=latin1;

INSERT INTO topology_devtypes VALUES("1","router","[CLI]<br>DUT<br>router terminal,router bpg,end<br>hub terminal,hub bpg,end<br>hub ip address,hub config,end<br>configure terminal,router bgp [Autonomous_system_number],end<br>[REG]<br>DUT (*)<br>router terminal,router bpg,end<br>hub terminal,hub bpg,end<br>hub ip address,hub config,end<br>configure terminal,router bgp (\\b[1-9]\\b|\\b[1-9][0-9]\\b|\\b100\\b),end");
INSERT INTO topology_devtypes VALUES("2","server","");
INSERT INTO topology_devtypes VALUES("3","hub","");
INSERT INTO topology_devtypes VALUES("4","wireless","");
INSERT INTO topology_devtypes VALUES("5","windowspc","");
INSERT INTO topology_devtypes VALUES("6","linuxpc","");
INSERT INTO topology_devtypes VALUES("7","nwswitch","");
INSERT INTO topology_devtypes VALUES("8","ixia","");
INSERT INTO topology_devtypes VALUES("9","spirent","");
INSERT INTO topology_devtypes VALUES("10","agilent","");
INSERT INTO topology_devtypes VALUES("11","wavesat","");
INSERT INTO topology_devtypes VALUES("12","jrouter","");
INSERT INTO topology_devtypes VALUES("13","extreme","");



